id,objectid,parentid,title,display_template,format,type,object_location,image_small,image_thumb,credits,caption,represents,uri,accession_number,actual_weight,architect,architect_evidence,architectural_order,assoc_building,attributed_by,beazley_number,building_type,category,ceramic_phase,collection,collection_history,commentary,comparanda,condit,condition_description,context,context_mod,culture,date_description,date_for_sort,decoration_description,denomination,description,die_axis,dimensions,documentary_references,donor,end_date,end_mod,entered_by,essay_number,essay_text,exploration,extent,findspot,findspot_mod,form_style_description,graffiti,history,human_name,image,images,in_group,in_whole,inscription,inscription_bibliography,inscriptions,issuing_authority,location,material,material_description,name,object_function,obverse_legend,obverse_type,original,original_or_copy,other_bibliography,other_notes,painter,painter_mod,period,period_for_sort,periods,perseus_version,physical,placement,plan,potter,potter_mod,primary_citation,region,relief,reverse_legend,reverse_type,scale,scale_for_sort,sculptor,sculptor_mod,sculpture_type,see_also,shape,shape_description,site_type,sources_used,start_date,start_mod,style,subject_description,summary,technique,technique_description,objtype,unitary_date,unitary_mod,ware
aa_5,aa_5,,"Aegina, Temple of Aphaia",compound_object,compound_object,record,https://iiif.perseus.tufts.edu/iiif/3/1987.08.3002/full/max/0/default.jpg,"https://iiif.perseus.tufts.edu/iiif/3/1987.08.3002/full/^800,/0/default.jpg","https://iiif.perseus.tufts.edu/iiif/3/1987.08.3002/full/^450,/0/default.jpg",,,,,,,,,,,,,Temple,,,,,,,,,"Aegina, Sanctuary of Aphaia",,,,-490.0,,,,,<P>Width of the stylobate 28.8 x 13.8 m (42.5 Doric feet); axial spacing of columns: 2.6 m. (slightly less on the sides).</P>,,,-480,ca.,,,,,,,,,,"<P>An early temple of ca. 570 BC was probably built on the site; fragments of this structure were built into the terrace wall. The temple was decorated with sculptures in the two pediments. An early set (East Pediment 1 and West Pediment 1), carved in the early fifth century, was discarded for uncertain reasons (possibly political) and set up in the sanctuary flanking the altar. The later set (East Pediment 2 and West Pediment 2) was carved shortly afterwards, the east pediment slightly [...]",,"1987.08.3002,1987.09.2169,1987.09.2170,1987.09.2171,1987.09.2172,1987.09.2173,1987.09.2174,1987.09.2175,1987.09.2176,1987.09.2177,1989.01.0019,1989.01.0077,1989.01.0079,1989.01.0080,1990.13.1026,1990.13.1027,1990.13.1028,1990.13.1030,1990.13.1031,1990.13.1032,1990.13.1039,1990.13.1045,1990.13.1046,1990.13.1047,1990.13.1048,1990.13.1049,1990.13.1050,1990.13.1051,1990.21.0001,1990.21.0002,1990.21.0006,1990.21.0010,1990.21.0011,1990.21.0012,1990.21.0013,1990.21.0014,1990.21.0015,1990.21.0016,1990.21.0017,1990.21.0018,1990.21.0019,1990.21.0020,1990.21.0021,1990.21.0022,1990.21.0023,1990.21.0024,1990.21.0026,1990.21.0027,1990.21.0028,1990.21.0029,1990.21.0030,1990.21.0031,1990.21.0032,1990.21.0033,1990.21.0034,1990.21.0035,1990.21.0036,1990.21.0037,1990.21.0040,1990.21.0041,1990.21.0042,1990.21.0043,1990.21.0045,1990.21.0046,1990.21.0047,1990.21.0048,1990.21.0049,1990.21.0050,1990.21.0051,1990.21.0052,1990.21.0053,1990.21.0054,1990.21.0056,1990.21.0057,1990.21.0058,1990.21.0059,1990.21.0060,1990.21.0061,1990.21.0062,1990.21.0063,1990.21.0065,1990.21.0066,1990.21.0067,1990.21.0069,1990.21.0070,1990.21.0071,1990.21.0073,1990.21.0074,1990.21.0075,1990.21.0076,1990.21.0077,1990.21.0078,1990.21.0080,1990.21.0082,1990.21.0087,1990.21.0088,1990.21.0089,1990.21.0091,1990.21.0093,1990.21.0095,1990.21.0097,1990.21.0098,1990.21.0099,1990.21.0100,1990.21.0101,1990.21.0102,1990.21.0103,1990.21.0104,1990.21.0105,1990.21.0106,1990.21.0107,1990.21.0108,1990.21.0109,1990.21.0113,1990.21.0114,1990.21.0115,1990.21.0116,1990.21.0117,1990.21.0118,1990.21.0119,1990.30.0001,1990.33.0011b,1990.33.0617a","1987.08.3002,1987.09.2169,1987.09.2170,1987.09.2171,1987.09.2172,1987.09.2173,1987.09.2174,1987.09.2175,1987.09.2176,1987.09.2177,1989.01.0019,1989.01.0077,1989.01.0079,1989.01.0080,1990.13.1026,1990.13.1027,1990.13.1028,1990.13.1030,1990.13.1031,1990.13.1032,1990.13.1039,1990.13.1045,1990.13.1046,1990.13.1047,1990.13.1048,1990.13.1049,1990.13.1050,1990.13.1051,1990.21.0001,1990.21.0002,1990.21.0006,1990.21.0010,1990.21.0011,1990.21.0012,1990.21.0013,1990.21.0014,1990.21.0015,1990.21.0016,1990.21.0017,1990.21.0018,1990.21.0019,1990.21.0020,1990.21.0021,1990.21.0022,1990.21.0023,1990.21.0024,1990.21.0026,1990.21.0027,1990.21.0028,1990.21.0029,1990.21.0030,1990.21.0031,1990.21.0032,1990.21.0033,1990.21.0034,1990.21.0035,1990.21.0036,1990.21.0037,1990.21.0040,1990.21.0041,1990.21.0042,1990.21.0043,1990.21.0045,1990.21.0046,1990.21.0047,1990.21.0048,1990.21.0049,1990.21.0050,1990.21.0051,1990.21.0052,1990.21.0053,1990.21.0054,1990.21.0056,1990.21.0057,1990.21.0058,1990.21.0059,1990.21.0060,1990.21.0061,1990.21.0062,1990.21.0063,1990.21.0065,1990.21.0066,1990.21.0067,1990.21.0069,1990.21.0070,1990.21.0071,1990.21.0073,1990.21.0074,1990.21.0075,1990.21.0076,1990.21.0077,1990.21.0078,1990.21.0080,1990.21.0082,1990.21.0087,1990.21.0088,1990.21.0089,1990.21.0091,1990.21.0093,1990.21.0095,1990.21.0097,1990.21.0098,1990.21.0099,1990.21.0100,1990.21.0101,1990.21.0102,1990.21.0103,1990.21.0104,1990.21.0105,1990.21.0106,1990.21.0107,1990.21.0108,1990.21.0109,1990.21.0113,1990.21.0114,1990.21.0115,1990.21.0116,1990.21.0117,1990.21.0118,1990.21.0119,1990.30.0001,1990.33.0011b,1990.33.0617a",,,,,,,Perseus,,,"Aegina, Temple of Aphaia",,,,,,"<P><bibl>Dinsmoor 1975, 105-107</bibl>; <bibl>PECS, 19-21</bibl>; <bibl>Ohly 1978, 10</bibl></P>",,,,Archaic,25. Archaic,,1.0,,,"<P>Doric peripteral temple, 6 x 12 columns. A 3 stepped sloping ramp provided access at the east end. The temple had a pronaos and an opisthodomos, both distyle in antis and a cella with 2-story colonnade and gallery. A ladder led to the upper gallery, which was perhaps used to store votives. All but 3 column shafts were monolithic; the three drum-built columns were perhaps left open during construction to allow access to the interior of the temple.</P>",,,,Saronic Gulf,,,,,,,,,"<rs type=""building"">Aegina, Altar of Aphaia</rs><rs type=""sculpture"">Aegina East Pediment 2</rs><rs type=""sculpture"">Aegina West Pediment 2</rs>",,,,,-500,ca.,,,Peripteral temple; in the Sanctuary of Aphaia.,,,Building,,,
1990.30.0001,i1990300001,"aa_1,aa_2,aa_4,aa_5,aa_3876","Aerial view of sanctuary of Aphaia, Aegina, Altar of Aphaia, Amphipoleion, Sanctuary Walls, Temple",image,image/jpeg,Image;StillImage,https://iiif.perseus.tufts.edu/iiif/3/1990.30.0001/full/max/0/default.jpg,"https://iiif.perseus.tufts.edu/iiif/3/1990.30.0001/full/^800,/0/default.jpg","https://iiif.perseus.tufts.edu/iiif/3/1990.30.0001/full/^450,/0/default.jpg","Photograph by Raymond V. Schoder, S.J., courtesy of Bolchazy-Carducci Publishers","Aerial view of sanctuary of Aphaia, Aegina, Altar of Aphaia, Amphipoleion, Sanctuary Walls, Temple","aa_1,aa_2,aa_4,aa_5,aa_3876",https://iiif.perseus.tufts.edu/iiif/3/1990.30.0001,,,,,,,,,,,,,,,,,,,,,,,,,,,,,,,,,,,,,,,,,,,,,,,,,,,,,,,,,,,,,,,,,,,,,,,,,,,,,,,,,,,,,,,,,,,,,,,,,,
1987.08.3002,i1987083002,"aa_5,aa_3876","Ramp and front of temple from E, Aegina, Sanctuary (Temple) of Aphaia,",image,image/jpeg,Image;StillImage,https://iiif.perseus.tufts.edu/iiif/3/1987.08.3002/full/max/0/default.jpg,"https://iiif.perseus.tufts.edu/iiif/3/1987.08.3002/full/^800,/0/default.jpg","https://iiif.perseus.tufts.edu/iiif/3/1987.08.3002/full/^450,/0/default.jpg",Photograph courtesy of Thomas Martin and Ivy S. Sun,"Ramp and front of temple from E, Aegina, Sanctuary (Temple) of Aphaia,","aa_5,aa_3876",https://iiif.perseus.tufts.edu/iiif/3/1987.08.3002,,,,,,,,,,,,,,,,,,,,,,,,,,,,,,,,,,,,,,,,,,,,,,,,,,,,,,,,,,,,,,,,,,,,,,,,,,,,,,,,,,,,,,,,,,,,,,,,,,
1987.09.2169,i1987092169,"aa_5,aa_3876","Distant view of temple from SE, Aegina, Sanctuary of Aphaia, Temple of Aphaia",image,image/jpeg,Image;StillImage,https://iiif.perseus.tufts.edu/iiif/3/1987.09.2169/full/max/0/default.jpg,"https://iiif.perseus.tufts.edu/iiif/3/1987.09.2169/full/^800,/0/default.jpg","https://iiif.perseus.tufts.edu/iiif/3/1987.09.2169/full/^450,/0/default.jpg","Photograph courtesy of the Department of Archaeology, Boston University, Saul S. Weinberg Collection","Distant view of temple from SE, Aegina, Sanctuary of Aphaia, Temple of Aphaia","aa_5,aa_3876",https://iiif.perseus.tufts.edu/iiif/3/1987.09.2169,,,,,,,,,,,,,,,,,,,,,,,,,,,,,,,,,,,,,,,,,,,,,,,,,,,,,,,,,,,,,,,,,,,,,,,,,,,,,,,,,,,,,,,,,,,,,,,,,,
1987.09.2170,i1987092170,"aa_5,aa_3876","Temple from SE, Aegina, Sanctuary of Aphaia, Temple of Aphaia",image,image/jpeg,Image;StillImage,https://iiif.perseus.tufts.edu/iiif/3/1987.09.2170/full/max/0/default.jpg,"https://iiif.perseus.tufts.edu/iiif/3/1987.09.2170/full/^800,/0/default.jpg","https://iiif.perseus.tufts.edu/iiif/3/1987.09.2170/full/^450,/0/default.jpg","Photograph courtesy of the Department of Archaeology, Boston University, Saul S. Weinberg Collection","Temple from SE, Aegina, Sanctuary of Aphaia, Temple of Aphaia","aa_5,aa_3876",https://iiif.perseus.tufts.edu/iiif/3/1987.09.2170,,,,,,,,,,,,,,,,,,,,,,,,,,,,,,,,,,,,,,,,,,,,,,,,,,,,,,,,,,,,,,,,,,,,,,,,,,,,,,,,,,,,,,,,,,,,,,,,,,
1987.09.2171,i1987092171,"aa_5,aa_3876","Front of temple from E, Aegina, Sanctuary of Aphaia, Temple of Aphaia",image,image/jpeg,Image;StillImage,https://iiif.perseus.tufts.edu/iiif/3/1987.09.2171/full/max/0/default.jpg,"https://iiif.perseus.tufts.edu/iiif/3/1987.09.2171/full/^800,/0/default.jpg","https://iiif.perseus.tufts.edu/iiif/3/1987.09.2171/full/^450,/0/default.jpg","Photograph courtesy of the Department of Archaeology, Boston University, Saul S. Weinberg Collection","Front of temple from E, Aegina, Sanctuary of Aphaia, Temple of Aphaia","aa_5,aa_3876",https://iiif.perseus.tufts.edu/iiif/3/1987.09.2171,,,,,,,,,,,,,,,,,,,,,,,,,,,,,,,,,,,,,,,,,,,,,,,,,,,,,,,,,,,,,,,,,,,,,,,,,,,,,,,,,,,,,,,,,,,,,,,,,,
1987.09.2172,i1987092172,"aa_5,aa_3876","East end of temple from S, Aegina, Sanctuary of Aphaia, Temple of Aphaia",image,image/jpeg,Image;StillImage,https://iiif.perseus.tufts.edu/iiif/3/1987.09.2172/full/max/0/default.jpg,"https://iiif.perseus.tufts.edu/iiif/3/1987.09.2172/full/^800,/0/default.jpg","https://iiif.perseus.tufts.edu/iiif/3/1987.09.2172/full/^450,/0/default.jpg","Photograph courtesy of the Department of Archaeology, Boston University, Saul S. Weinberg Collection","East end of temple from S, Aegina, Sanctuary of Aphaia, Temple of Aphaia","aa_5,aa_3876",https://iiif.perseus.tufts.edu/iiif/3/1987.09.2172,,,,,,,,,,,,,,,,,,,,,,,,,,,,,,,,,,,,,,,,,,,,,,,,,,,,,,,,,,,,,,,,,,,,,,,,,,,,,,,,,,,,,,,,,,,,,,,,,,
1987.09.2173,i1987092173,aa_5,"East half of S colonnade from S, Aegina, Sanctuary of Aphaia, Temple of Aphaia",image,image/jpeg,Image;StillImage,https://iiif.perseus.tufts.edu/iiif/3/1987.09.2173/full/max/0/default.jpg,"https://iiif.perseus.tufts.edu/iiif/3/1987.09.2173/full/^800,/0/default.jpg","https://iiif.perseus.tufts.edu/iiif/3/1987.09.2173/full/^450,/0/default.jpg","Photograph courtesy of the Department of Archaeology, Boston University, Saul S. Weinberg Collection","East half of S colonnade from S, Aegina, Sanctuary of Aphaia, Temple of Aphaia",aa_5,https://iiif.perseus.tufts.edu/iiif/3/1987.09.2173,,,,,,,,,,,,,,,,,,,,,,,,,,,,,,,,,,,,,,,,,,,,,,,,,,,,,,,,,,,,,,,,,,,,,,,,,,,,,,,,,,,,,,,,,,,,,,,,,,
1987.09.2174,i1987092174,"aa_5,aa_3876",Temple from SW,image,image/jpeg,Image;StillImage,https://iiif.perseus.tufts.edu/iiif/3/1987.09.2174/full/max/0/default.jpg,"https://iiif.perseus.tufts.edu/iiif/3/1987.09.2174/full/^800,/0/default.jpg","https://iiif.perseus.tufts.edu/iiif/3/1987.09.2174/full/^450,/0/default.jpg","Photograph courtesy of the Department of Archaeology, Boston University, Saul S. Weinberg Collection",Temple from SW,"aa_5,aa_3876",https://iiif.perseus.tufts.edu/iiif/3/1987.09.2174,,,,,,,,,,,,,,,,,,,,,,,,,,,,,,,,,,,,,,,,,,,,,,,,,,,,,,,,,,,,,,,,,,,,,,,,,,,,,,,,,,,,,,,,,,,,,,,,,,
1987.09.2175,i1987092175,aa_5,"South interior columns from SW corner, Aegina, Temple of Aphaia",image,image/jpeg,Image;StillImage,https://iiif.perseus.tufts.edu/iiif/3/1987.09.2175/full/max/0/default.jpg,"https://iiif.perseus.tufts.edu/iiif/3/1987.09.2175/full/^800,/0/default.jpg","https://iiif.perseus.tufts.edu/iiif/3/1987.09.2175/full/^450,/0/default.jpg","Photograph courtesy of the Department of Archaeology, Boston University, Saul S. Weinberg Collection","South interior columns from SW corner, Aegina, Temple of Aphaia",aa_5,https://iiif.perseus.tufts.edu/iiif/3/1987.09.2175,,,,,,,,,,,,,,,,,,,,,,,,,,,,,,,,,,,,,,,,,,,,,,,,,,,,,,,,,,,,,,,,,,,,,,,,,,,,,,,,,,,,,,,,,,,,,,,,,,
1987.09.2176,i1987092176,aa_5,"North interior colonnade from SW, Aegina, Temple of Aphaia",image,image/jpeg,Image;StillImage,https://iiif.perseus.tufts.edu/iiif/3/1987.09.2176/full/max/0/default.jpg,"https://iiif.perseus.tufts.edu/iiif/3/1987.09.2176/full/^800,/0/default.jpg","https://iiif.perseus.tufts.edu/iiif/3/1987.09.2176/full/^450,/0/default.jpg","Photograph courtesy of the Department of Archaeology, Boston University, Saul S. Weinberg Collection","North interior colonnade from SW, Aegina, Temple of Aphaia",aa_5,https://iiif.perseus.tufts.edu/iiif/3/1987.09.2176,,,,,,,,,,,,,,,,,,,,,,,,,,,,,,,,,,,,,,,,,,,,,,,,,,,,,,,,,,,,,,,,,,,,,,,,,,,,,,,,,,,,,,,,,,,,,,,,,,
1987.09.2177,i1987092177,aa_5,"East door from interior, Aegina, Temple of Aphaia",image,image/jpeg,Image;StillImage,https://iiif.perseus.tufts.edu/iiif/3/1987.09.2177/full/max/0/default.jpg,"https://iiif.perseus.tufts.edu/iiif/3/1987.09.2177/full/^800,/0/default.jpg","https://iiif.perseus.tufts.edu/iiif/3/1987.09.2177/full/^450,/0/default.jpg","Photograph courtesy of the Department of Archaeology, Boston University, Saul S. Weinberg Collection","East door from interior, Aegina, Temple of Aphaia",aa_5,https://iiif.perseus.tufts.edu/iiif/3/1987.09.2177,,,,,,,,,,,,,,,,,,,,,,,,,,,,,,,,,,,,,,,,,,,,,,,,,,,,,,,,,,,,,,,,,,,,,,,,,,,,,,,,,,,,,,,,,,,,,,,,,,
1989.01.0019,i1989010019,aa_5,"View of front from NE, Aegina, Temple of Aphaia",image,image/jpeg,Image;StillImage,https://iiif.perseus.tufts.edu/iiif/3/1989.01.0019/full/max/0/default.jpg,"https://iiif.perseus.tufts.edu/iiif/3/1989.01.0019/full/^800,/0/default.jpg","https://iiif.perseus.tufts.edu/iiif/3/1989.01.0019/full/^450,/0/default.jpg",Photograph courtesy of Kimberly Patton,"View of front from NE, Aegina, Temple of Aphaia",aa_5,https://iiif.perseus.tufts.edu/iiif/3/1989.01.0019,,,,,,,,,,,,,,,,,,,,,,,,,,,,,,,,,,,,,,,,,,,,,,,,,,,,,,,,,,,,,,,,,,,,,,,,,,,,,,,,,,,,,,,,,,,,,,,,,,
1989.01.0077,i1989010077,aa_5,"Detail of colonnade, Aegina, Temple of Aphaia",image,image/jpeg,Image;StillImage,https://iiif.perseus.tufts.edu/iiif/3/1989.01.0077/full/max/0/default.jpg,"https://iiif.perseus.tufts.edu/iiif/3/1989.01.0077/full/^800,/0/default.jpg","https://iiif.perseus.tufts.edu/iiif/3/1989.01.0077/full/^450,/0/default.jpg",Photograph courtesy of Kimberly Patton,"Detail of colonnade, Aegina, Temple of Aphaia",aa_5,https://iiif.perseus.tufts.edu/iiif/3/1989.01.0077,,,,,,,,,,,,,,,,,,,,,,,,,,,,,,,,,,,,,,,,,,,,,,,,,,,,,,,,,,,,,,,,,,,,,,,,,,,,,,,,,,,,,,,,,,,,,,,,,,
1989.01.0079,i1989010079,aa_5,"Colonnade, Aegina, Temple of Aphaia",image,image/jpeg,Image;StillImage,https://iiif.perseus.tufts.edu/iiif/3/1989.01.0079/full/max/0/default.jpg,"https://iiif.perseus.tufts.edu/iiif/3/1989.01.0079/full/^800,/0/default.jpg","https://iiif.perseus.tufts.edu/iiif/3/1989.01.0079/full/^450,/0/default.jpg",Photograph courtesy of Kimberly Patton,"Colonnade, Aegina, Temple of Aphaia",aa_5,https://iiif.perseus.tufts.edu/iiif/3/1989.01.0079,,,,,,,,,,,,,,,,,,,,,,,,,,,,,,,,,,,,,,,,,,,,,,,,,,,,,,,,,,,,,,,,,,,,,,,,,,,,,,,,,,,,,,,,,,,,,,,,,,
1989.01.0080,i1989010080,aa_5,"Detail of column and capital, Aegina, Temple of Aphaia",image,image/jpeg,Image;StillImage,https://iiif.perseus.tufts.edu/iiif/3/1989.01.0080/full/max/0/default.jpg,"https://iiif.perseus.tufts.edu/iiif/3/1989.01.0080/full/^800,/0/default.jpg","https://iiif.perseus.tufts.edu/iiif/3/1989.01.0080/full/^450,/0/default.jpg",Photograph courtesy of Kimberly Patton,"Detail of column and capital, Aegina, Temple of Aphaia",aa_5,https://iiif.perseus.tufts.edu/iiif/3/1989.01.0080,,,,,,,,,,,,,,,,,,,,,,,,,,,,,,,,,,,,,,,,,,,,,,,,,,,,,,,,,,,,,,,,,,,,,,,,,,,,,,,,,,,,,,,,,,,,,,,,,,
1990.13.1026,i1990131026,"aa_5,aa_1890","Model of temple, from E",image,image/jpeg,Image;StillImage,https://iiif.perseus.tufts.edu/iiif/3/1990.13.1026/full/max/0/default.jpg,"https://iiif.perseus.tufts.edu/iiif/3/1990.13.1026/full/^800,/0/default.jpg","https://iiif.perseus.tufts.edu/iiif/3/1990.13.1026/full/^450,/0/default.jpg","Photograph by Maria Daniels, copyright Staatl. Antikensammlungen und Glyptothek, Mnchen","Model of temple, from E","aa_5,aa_1890",https://iiif.perseus.tufts.edu/iiif/3/1990.13.1026,,,,,,,,,,,,,,,,,,,,,,,,,,,,,,,,,,,,,,,,,,,,,,,,,,,,,,,,,,,,,,,,,,,,,,,,,,,,,,,,,,,,,,,,,,,,,,,,,,
1990.13.1027,i1990131027,"aa_5,aa_1890","Model of temple, from E",image,image/jpeg,Image;StillImage,https://iiif.perseus.tufts.edu/iiif/3/1990.13.1027/full/max/0/default.jpg,"https://iiif.perseus.tufts.edu/iiif/3/1990.13.1027/full/^800,/0/default.jpg","https://iiif.perseus.tufts.edu/iiif/3/1990.13.1027/full/^450,/0/default.jpg","Photograph by Maria Daniels, copyright Staatl. Antikensammlungen und Glyptothek, Mnchen","Model of temple, from E","aa_5,aa_1890",https://iiif.perseus.tufts.edu/iiif/3/1990.13.1027,,,,,,,,,,,,,,,,,,,,,,,,,,,,,,,,,,,,,,,,,,,,,,,,,,,,,,,,,,,,,,,,,,,,,,,,,,,,,,,,,,,,,,,,,,,,,,,,,,
1990.13.1028,i1990131028,aa_5,"Model of temple, from NE",image,image/jpeg,Image;StillImage,https://iiif.perseus.tufts.edu/iiif/3/1990.13.1028/full/max/0/default.jpg,"https://iiif.perseus.tufts.edu/iiif/3/1990.13.1028/full/^800,/0/default.jpg","https://iiif.perseus.tufts.edu/iiif/3/1990.13.1028/full/^450,/0/default.jpg","Photograph by Maria Daniels, copyright Staatl. Antikensammlungen und Glyptothek, Mnchen","Model of temple, from NE",aa_5,https://iiif.perseus.tufts.edu/iiif/3/1990.13.1028,,,,,,,,,,,,,,,,,,,,,,,,,,,,,,,,,,,,,,,,,,,,,,,,,,,,,,,,,,,,,,,,,,,,,,,,,,,,,,,,,,,,,,,,,,,,,,,,,,
1990.13.1030,i1990131030,aa_5,"Model of temple, from N",image,image/jpeg,Image;StillImage,https://iiif.perseus.tufts.edu/iiif/3/1990.13.1030/full/max/0/default.jpg,"https://iiif.perseus.tufts.edu/iiif/3/1990.13.1030/full/^800,/0/default.jpg","https://iiif.perseus.tufts.edu/iiif/3/1990.13.1030/full/^450,/0/default.jpg","Photograph by Maria Daniels, copyright Staatl. Antikensammlungen und Glyptothek, Mnchen","Model of temple, from N",aa_5,https://iiif.perseus.tufts.edu/iiif/3/1990.13.1030,,,,,,,,,,,,,,,,,,,,,,,,,,,,,,,,,,,,,,,,,,,,,,,,,,,,,,,,,,,,,,,,,,,,,,,,,,,,,,,,,,,,,,,,,,,,,,,,,,
1990.13.1031,i1990131031,"aa_5,aa_1904","Model of temple, from W",image,image/jpeg,Image;StillImage,https://iiif.perseus.tufts.edu/iiif/3/1990.13.1031/full/max/0/default.jpg,"https://iiif.perseus.tufts.edu/iiif/3/1990.13.1031/full/^800,/0/default.jpg","https://iiif.perseus.tufts.edu/iiif/3/1990.13.1031/full/^450,/0/default.jpg","Photograph by Maria Daniels, copyright Staatl. Antikensammlungen und Glyptothek, Mnchen","Model of temple, from W","aa_5,aa_1904",https://iiif.perseus.tufts.edu/iiif/3/1990.13.1031,,,,,,,,,,,,,,,,,,,,,,,,,,,,,,,,,,,,,,,,,,,,,,,,,,,,,,,,,,,,,,,,,,,,,,,,,,,,,,,,,,,,,,,,,,,,,,,,,,
1990.13.1032,i1990131032,aa_5,"Model of temple, from SW",image,image/jpeg,Image;StillImage,https://iiif.perseus.tufts.edu/iiif/3/1990.13.1032/full/max/0/default.jpg,"https://iiif.perseus.tufts.edu/iiif/3/1990.13.1032/full/^800,/0/default.jpg","https://iiif.perseus.tufts.edu/iiif/3/1990.13.1032/full/^450,/0/default.jpg","Photograph by Maria Daniels, copyright Staatl. Antikensammlungen und Glyptothek, Mnchen","Model of temple, from SW",aa_5,https://iiif.perseus.tufts.edu/iiif/3/1990.13.1032,,,,,,,,,,,,,,,,,,,,,,,,,,,,,,,,,,,,,,,,,,,,,,,,,,,,,,,,,,,,,,,,,,,,,,,,,,,,,,,,,,,,,,,,,,,,,,,,,,
1990.13.1039,i1990131039,aa_5,Antefixes from temple,image,image/jpeg,Image;StillImage,https://iiif.perseus.tufts.edu/iiif/3/1990.13.1039/full/max/0/default.jpg,"https://iiif.perseus.tufts.edu/iiif/3/1990.13.1039/full/^800,/0/default.jpg","https://iiif.perseus.tufts.edu/iiif/3/1990.13.1039/full/^450,/0/default.jpg","Photograph by Maria Daniels, copyright Staatl. Antikensammlungen und Glyptothek, Mnchen",Antefixes from temple,aa_5,https://iiif.perseus.tufts.edu/iiif/3/1990.13.1039,,,,,,,,,,,,,,,,,,,,,,,,,,,,,,,,,,,,,,,,,,,,,,,,,,,,,,,,,,,,,,,,,,,,,,,,,,,,,,,,,,,,,,,,,,,,,,,,,,
1990.13.1045,i1990131045,aa_5,"Early central akroterion, rejected from E facade of temple",image,image/jpeg,Image;StillImage,https://iiif.perseus.tufts.edu/iiif/3/1990.13.1045/full/max/0/default.jpg,"https://iiif.perseus.tufts.edu/iiif/3/1990.13.1045/full/^800,/0/default.jpg","https://iiif.perseus.tufts.edu/iiif/3/1990.13.1045/full/^450,/0/default.jpg","Photograph by Maria Daniels, copyright Staatl. Antikensammlungen und Glyptothek, Mnchen","Early central akroterion, rejected from E facade of temple",aa_5,https://iiif.perseus.tufts.edu/iiif/3/1990.13.1045,,,,,,,,,,,,,,,,,,,,,,,,,,,,,,,,,,,,,,,,,,,,,,,,,,,,,,,,,,,,,,,,,,,,,,,,,,,,,,,,,,,,,,,,,,,,,,,,,,
1990.13.1046,i1990131046,aa_5,"Early central akroterion, rejected from E facade of temple",image,image/jpeg,Image;StillImage,https://iiif.perseus.tufts.edu/iiif/3/1990.13.1046/full/max/0/default.jpg,"https://iiif.perseus.tufts.edu/iiif/3/1990.13.1046/full/^800,/0/default.jpg","https://iiif.perseus.tufts.edu/iiif/3/1990.13.1046/full/^450,/0/default.jpg","Photograph by Maria Daniels, copyright Staatl. Antikensammlungen und Glyptothek, Mnchen","Early central akroterion, rejected from E facade of temple",aa_5,https://iiif.perseus.tufts.edu/iiif/3/1990.13.1046,,,,,,,,,,,,,,,,,,,,,,,,,,,,,,,,,,,,,,,,,,,,,,,,,,,,,,,,,,,,,,,,,,,,,,,,,,,,,,,,,,,,,,,,,,,,,,,,,,
1990.13.1047,i1990131047,aa_5,"Central akroterion from W facade of temple, with two maidens",image,image/jpeg,Image;StillImage,https://iiif.perseus.tufts.edu/iiif/3/1990.13.1047/full/max/0/default.jpg,"https://iiif.perseus.tufts.edu/iiif/3/1990.13.1047/full/^800,/0/default.jpg","https://iiif.perseus.tufts.edu/iiif/3/1990.13.1047/full/^450,/0/default.jpg","Photograph by Maria Daniels, copyright Staatl. Antikensammlungen und Glyptothek, Mnchen","Central akroterion from W facade of temple, with two maidens",aa_5,https://iiif.perseus.tufts.edu/iiif/3/1990.13.1047,,,,,,,,,,,,,,,,,,,,,,,,,,,,,,,,,,,,,,,,,,,,,,,,,,,,,,,,,,,,,,,,,,,,,,,,,,,,,,,,,,,,,,,,,,,,,,,,,,
1990.13.1048,i1990131048,aa_5,"Central akroterion from W facade of temple, with two maidens (back view)",image,image/jpeg,Image;StillImage,https://iiif.perseus.tufts.edu/iiif/3/1990.13.1048/full/max/0/default.jpg,"https://iiif.perseus.tufts.edu/iiif/3/1990.13.1048/full/^800,/0/default.jpg","https://iiif.perseus.tufts.edu/iiif/3/1990.13.1048/full/^450,/0/default.jpg","Photograph by Maria Daniels, copyright Staatl. Antikensammlungen und Glyptothek, Mnchen","Central akroterion from W facade of temple, with two maidens (back view)",aa_5,https://iiif.perseus.tufts.edu/iiif/3/1990.13.1048,,,,,,,,,,,,,,,,,,,,,,,,,,,,,,,,,,,,,,,,,,,,,,,,,,,,,,,,,,,,,,,,,,,,,,,,,,,,,,,,,,,,,,,,,,,,,,,,,,
1990.13.1049,i1990131049,aa_5,Maiden from central akroterion of W facade of temple,image,image/jpeg,Image;StillImage,https://iiif.perseus.tufts.edu/iiif/3/1990.13.1049/full/max/0/default.jpg,"https://iiif.perseus.tufts.edu/iiif/3/1990.13.1049/full/^800,/0/default.jpg","https://iiif.perseus.tufts.edu/iiif/3/1990.13.1049/full/^450,/0/default.jpg","Photograph by Maria Daniels, copyright Staatl. Antikensammlungen und Glyptothek, Mnchen",Maiden from central akroterion of W facade of temple,aa_5,https://iiif.perseus.tufts.edu/iiif/3/1990.13.1049,,,,,,,,,,,,,,,,,,,,,,,,,,,,,,,,,,,,,,,,,,,,,,,,,,,,,,,,,,,,,,,,,,,,,,,,,,,,,,,,,,,,,,,,,,,,,,,,,,
1990.13.1050,i1990131050,aa_5,"Maiden from central akroterion of W facade of temple, detail of legs",image,image/jpeg,Image;StillImage,https://iiif.perseus.tufts.edu/iiif/3/1990.13.1050/full/max/0/default.jpg,"https://iiif.perseus.tufts.edu/iiif/3/1990.13.1050/full/^800,/0/default.jpg","https://iiif.perseus.tufts.edu/iiif/3/1990.13.1050/full/^450,/0/default.jpg","Photograph by Maria Daniels, copyright Staatl. Antikensammlungen und Glyptothek, Mnchen","Maiden from central akroterion of W facade of temple, detail of legs",aa_5,https://iiif.perseus.tufts.edu/iiif/3/1990.13.1050,,,,,,,,,,,,,,,,,,,,,,,,,,,,,,,,,,,,,,,,,,,,,,,,,,,,,,,,,,,,,,,,,,,,,,,,,,,,,,,,,,,,,,,,,,,,,,,,,,
1990.13.1051,i1990131051,aa_5,"Maiden from central akroterion of W facade of temple, detail of torso",image,image/jpeg,Image;StillImage,https://iiif.perseus.tufts.edu/iiif/3/1990.13.1051/full/max/0/default.jpg,"https://iiif.perseus.tufts.edu/iiif/3/1990.13.1051/full/^800,/0/default.jpg","https://iiif.perseus.tufts.edu/iiif/3/1990.13.1051/full/^450,/0/default.jpg","Photograph by Maria Daniels, copyright Staatl. Antikensammlungen und Glyptothek, Mnchen","Maiden from central akroterion of W facade of temple, detail of torso",aa_5,https://iiif.perseus.tufts.edu/iiif/3/1990.13.1051,,,,,,,,,,,,,,,,,,,,,,,,,,,,,,,,,,,,,,,,,,,,,,,,,,,,,,,,,,,,,,,,,,,,,,,,,,,,,,,,,,,,,,,,,,,,,,,,,,
1990.21.0001,i1990210001,aa_5,"Ramp and front of temple from E, Aegina, Temple of Aphaia",image,image/jpeg,Image;StillImage,https://iiif.perseus.tufts.edu/iiif/3/1990.21.0001/full/max/0/default.jpg,"https://iiif.perseus.tufts.edu/iiif/3/1990.21.0001/full/^800,/0/default.jpg","https://iiif.perseus.tufts.edu/iiif/3/1990.21.0001/full/^450,/0/default.jpg",Photograph by Maria Daniels,"Ramp and front of temple from E, Aegina, Temple of Aphaia",aa_5,https://iiif.perseus.tufts.edu/iiif/3/1990.21.0001,,,,,,,,,,,,,,,,,,,,,,,,,,,,,,,,,,,,,,,,,,,,,,,,,,,,,,,,,,,,,,,,,,,,,,,,,,,,,,,,,,,,,,,,,,,,,,,,,,
1990.21.0002,i1990210002,aa_5,"Front of temple from NE, Aegina, Temple of Aphaia",image,image/jpeg,Image;StillImage,https://iiif.perseus.tufts.edu/iiif/3/1990.21.0002/full/max/0/default.jpg,"https://iiif.perseus.tufts.edu/iiif/3/1990.21.0002/full/^800,/0/default.jpg","https://iiif.perseus.tufts.edu/iiif/3/1990.21.0002/full/^450,/0/default.jpg",Photograph by Maria Daniels,"Front of temple from NE, Aegina, Temple of Aphaia",aa_5,https://iiif.perseus.tufts.edu/iiif/3/1990.21.0002,,,,,,,,,,,,,,,,,,,,,,,,,,,,,,,,,,,,,,,,,,,,,,,,,,,,,,,,,,,,,,,,,,,,,,,,,,,,,,,,,,,,,,,,,,,,,,,,,,
1990.21.0006,i1990210006,aa_5,"Front of temple from NE, Aegina, Temple of Aphaia",image,image/jpeg,Image;StillImage,https://iiif.perseus.tufts.edu/iiif/3/1990.21.0006/full/max/0/default.jpg,"https://iiif.perseus.tufts.edu/iiif/3/1990.21.0006/full/^800,/0/default.jpg","https://iiif.perseus.tufts.edu/iiif/3/1990.21.0006/full/^450,/0/default.jpg",Photograph by Maria Daniels,"Front of temple from NE, Aegina, Temple of Aphaia",aa_5,https://iiif.perseus.tufts.edu/iiif/3/1990.21.0006,,,,,,,,,,,,,,,,,,,,,,,,,,,,,,,,,,,,,,,,,,,,,,,,,,,,,,,,,,,,,,,,,,,,,,,,,,,,,,,,,,,,,,,,,,,,,,,,,,
1990.21.0010,i1990210010,aa_5,"Northeast corner of temple from NE, Aegina, Temple of Aphaia",image,image/jpeg,Image;StillImage,https://iiif.perseus.tufts.edu/iiif/3/1990.21.0010/full/max/0/default.jpg,"https://iiif.perseus.tufts.edu/iiif/3/1990.21.0010/full/^800,/0/default.jpg","https://iiif.perseus.tufts.edu/iiif/3/1990.21.0010/full/^450,/0/default.jpg",Photograph by Maria Daniels,"Northeast corner of temple from NE, Aegina, Temple of Aphaia",aa_5,https://iiif.perseus.tufts.edu/iiif/3/1990.21.0010,,,,,,,,,,,,,,,,,,,,,,,,,,,,,,,,,,,,,,,,,,,,,,,,,,,,,,,,,,,,,,,,,,,,,,,,,,,,,,,,,,,,,,,,,,,,,,,,,,
1990.21.0011,i1990210011,aa_5,"East half of N side of temple from N, Aegina, Temple of Aphaia",image,image/jpeg,Image;StillImage,https://iiif.perseus.tufts.edu/iiif/3/1990.21.0011/full/max/0/default.jpg,"https://iiif.perseus.tufts.edu/iiif/3/1990.21.0011/full/^800,/0/default.jpg","https://iiif.perseus.tufts.edu/iiif/3/1990.21.0011/full/^450,/0/default.jpg",Photograph by Maria Daniels,"East half of N side of temple from N, Aegina, Temple of Aphaia",aa_5,https://iiif.perseus.tufts.edu/iiif/3/1990.21.0011,,,,,,,,,,,,,,,,,,,,,,,,,,,,,,,,,,,,,,,,,,,,,,,,,,,,,,,,,,,,,,,,,,,,,,,,,,,,,,,,,,,,,,,,,,,,,,,,,,
1990.21.0012,i1990210012,aa_5,"East end of N side of temple from N, Aegina, Temple of Aphaia",image,image/jpeg,Image;StillImage,https://iiif.perseus.tufts.edu/iiif/3/1990.21.0012/full/max/0/default.jpg,"https://iiif.perseus.tufts.edu/iiif/3/1990.21.0012/full/^800,/0/default.jpg","https://iiif.perseus.tufts.edu/iiif/3/1990.21.0012/full/^450,/0/default.jpg",Photograph by Maria Daniels,"East end of N side of temple from N, Aegina, Temple of Aphaia",aa_5,https://iiif.perseus.tufts.edu/iiif/3/1990.21.0012,,,,,,,,,,,,,,,,,,,,,,,,,,,,,,,,,,,,,,,,,,,,,,,,,,,,,,,,,,,,,,,,,,,,,,,,,,,,,,,,,,,,,,,,,,,,,,,,,,
1990.21.0013,i1990210013,aa_5,"Center section of N side of temple, Aegina, Temple of Aphaia",image,image/jpeg,Image;StillImage,https://iiif.perseus.tufts.edu/iiif/3/1990.21.0013/full/max/0/default.jpg,"https://iiif.perseus.tufts.edu/iiif/3/1990.21.0013/full/^800,/0/default.jpg","https://iiif.perseus.tufts.edu/iiif/3/1990.21.0013/full/^450,/0/default.jpg",Photograph by Maria Daniels,"Center section of N side of temple, Aegina, Temple of Aphaia",aa_5,https://iiif.perseus.tufts.edu/iiif/3/1990.21.0013,,,,,,,,,,,,,,,,,,,,,,,,,,,,,,,,,,,,,,,,,,,,,,,,,,,,,,,,,,,,,,,,,,,,,,,,,,,,,,,,,,,,,,,,,,,,,,,,,,
1990.21.0014,i1990210014,aa_5,"Center section of N side of temple from NW, Aegina, Temple of Aphaia",image,image/jpeg,Image;StillImage,https://iiif.perseus.tufts.edu/iiif/3/1990.21.0014/full/max/0/default.jpg,"https://iiif.perseus.tufts.edu/iiif/3/1990.21.0014/full/^800,/0/default.jpg","https://iiif.perseus.tufts.edu/iiif/3/1990.21.0014/full/^450,/0/default.jpg",Photograph by Maria Daniels,"Center section of N side of temple from NW, Aegina, Temple of Aphaia",aa_5,https://iiif.perseus.tufts.edu/iiif/3/1990.21.0014,,,,,,,,,,,,,,,,,,,,,,,,,,,,,,,,,,,,,,,,,,,,,,,,,,,,,,,,,,,,,,,,,,,,,,,,,,,,,,,,,,,,,,,,,,,,,,,,,,
1990.21.0015,i1990210015,aa_5,"Northeast corner of temple from NW, Aegina, Temple of Aphaia",image,image/jpeg,Image;StillImage,https://iiif.perseus.tufts.edu/iiif/3/1990.21.0015/full/max/0/default.jpg,"https://iiif.perseus.tufts.edu/iiif/3/1990.21.0015/full/^800,/0/default.jpg","https://iiif.perseus.tufts.edu/iiif/3/1990.21.0015/full/^450,/0/default.jpg",Photograph by Maria Daniels,"Northeast corner of temple from NW, Aegina, Temple of Aphaia",aa_5,https://iiif.perseus.tufts.edu/iiif/3/1990.21.0015,,,,,,,,,,,,,,,,,,,,,,,,,,,,,,,,,,,,,,,,,,,,,,,,,,,,,,,,,,,,,,,,,,,,,,,,,,,,,,,,,,,,,,,,,,,,,,,,,,
1990.21.0016,i1990210016,aa_5,"Northwest corner of temple from N, Aegina, Temple of Aphaia",image,image/jpeg,Image;StillImage,https://iiif.perseus.tufts.edu/iiif/3/1990.21.0016/full/max/0/default.jpg,"https://iiif.perseus.tufts.edu/iiif/3/1990.21.0016/full/^800,/0/default.jpg","https://iiif.perseus.tufts.edu/iiif/3/1990.21.0016/full/^450,/0/default.jpg",Photograph by Maria Daniels,"Northwest corner of temple from N, Aegina, Temple of Aphaia",aa_5,https://iiif.perseus.tufts.edu/iiif/3/1990.21.0016,,,,,,,,,,,,,,,,,,,,,,,,,,,,,,,,,,,,,,,,,,,,,,,,,,,,,,,,,,,,,,,,,,,,,,,,,,,,,,,,,,,,,,,,,,,,,,,,,,
1990.21.0017,i1990210017,aa_5,"North side of temple from NW, Aegina, Temple of Aphaia",image,image/jpeg,Image;StillImage,https://iiif.perseus.tufts.edu/iiif/3/1990.21.0017/full/max/0/default.jpg,"https://iiif.perseus.tufts.edu/iiif/3/1990.21.0017/full/^800,/0/default.jpg","https://iiif.perseus.tufts.edu/iiif/3/1990.21.0017/full/^450,/0/default.jpg",Photograph by Maria Daniels,"North side of temple from NW, Aegina, Temple of Aphaia",aa_5,https://iiif.perseus.tufts.edu/iiif/3/1990.21.0017,,,,,,,,,,,,,,,,,,,,,,,,,,,,,,,,,,,,,,,,,,,,,,,,,,,,,,,,,,,,,,,,,,,,,,,,,,,,,,,,,,,,,,,,,,,,,,,,,,
1990.21.0018,i1990210018,aa_5,"West end of temple from W, Aegina, Temple of Aphaia",image,image/jpeg,Image;StillImage,https://iiif.perseus.tufts.edu/iiif/3/1990.21.0018/full/max/0/default.jpg,"https://iiif.perseus.tufts.edu/iiif/3/1990.21.0018/full/^800,/0/default.jpg","https://iiif.perseus.tufts.edu/iiif/3/1990.21.0018/full/^450,/0/default.jpg",Photograph by Maria Daniels,"West end of temple from W, Aegina, Temple of Aphaia",aa_5,https://iiif.perseus.tufts.edu/iiif/3/1990.21.0018,,,,,,,,,,,,,,,,,,,,,,,,,,,,,,,,,,,,,,,,,,,,,,,,,,,,,,,,,,,,,,,,,,,,,,,,,,,,,,,,,,,,,,,,,,,,,,,,,,
1990.21.0019,i1990210019,aa_5,"West end of temple from W, Aegina, Temple of Aphaia",image,image/jpeg,Image;StillImage,https://iiif.perseus.tufts.edu/iiif/3/1990.21.0019/full/max/0/default.jpg,"https://iiif.perseus.tufts.edu/iiif/3/1990.21.0019/full/^800,/0/default.jpg","https://iiif.perseus.tufts.edu/iiif/3/1990.21.0019/full/^450,/0/default.jpg",Photograph by Maria Daniels,"West end of temple from W, Aegina, Temple of Aphaia",aa_5,https://iiif.perseus.tufts.edu/iiif/3/1990.21.0019,,,,,,,,,,,,,,,,,,,,,,,,,,,,,,,,,,,,,,,,,,,,,,,,,,,,,,,,,,,,,,,,,,,,,,,,,,,,,,,,,,,,,,,,,,,,,,,,,,
1990.21.0020,i1990210020,aa_5,"West end of temple from W, Aegina, Temple of Aphaia",image,image/jpeg,Image;StillImage,https://iiif.perseus.tufts.edu/iiif/3/1990.21.0020/full/max/0/default.jpg,"https://iiif.perseus.tufts.edu/iiif/3/1990.21.0020/full/^800,/0/default.jpg","https://iiif.perseus.tufts.edu/iiif/3/1990.21.0020/full/^450,/0/default.jpg",Photograph by Maria Daniels,"West end of temple from W, Aegina, Temple of Aphaia",aa_5,https://iiif.perseus.tufts.edu/iiif/3/1990.21.0020,,,,,,,,,,,,,,,,,,,,,,,,,,,,,,,,,,,,,,,,,,,,,,,,,,,,,,,,,,,,,,,,,,,,,,,,,,,,,,,,,,,,,,,,,,,,,,,,,,
1990.21.0021,i1990210021,aa_5,"Column at NW corner of temple from W, Aegina, Temple of Aphaia",image,image/jpeg,Image;StillImage,https://iiif.perseus.tufts.edu/iiif/3/1990.21.0021/full/max/0/default.jpg,"https://iiif.perseus.tufts.edu/iiif/3/1990.21.0021/full/^800,/0/default.jpg","https://iiif.perseus.tufts.edu/iiif/3/1990.21.0021/full/^450,/0/default.jpg",Photograph by Maria Daniels,"Column at NW corner of temple from W, Aegina, Temple of Aphaia",aa_5,https://iiif.perseus.tufts.edu/iiif/3/1990.21.0021,,,,,,,,,,,,,,,,,,,,,,,,,,,,,,,,,,,,,,,,,,,,,,,,,,,,,,,,,,,,,,,,,,,,,,,,,,,,,,,,,,,,,,,,,,,,,,,,,,
1990.21.0022,i1990210022,aa_5,"Central columns of opisthodomos from W, Aegina, Temple of Aphaia",image,image/jpeg,Image;StillImage,https://iiif.perseus.tufts.edu/iiif/3/1990.21.0022/full/max/0/default.jpg,"https://iiif.perseus.tufts.edu/iiif/3/1990.21.0022/full/^800,/0/default.jpg","https://iiif.perseus.tufts.edu/iiif/3/1990.21.0022/full/^450,/0/default.jpg",Photograph by Maria Daniels,"Central columns of opisthodomos from W, Aegina, Temple of Aphaia",aa_5,https://iiif.perseus.tufts.edu/iiif/3/1990.21.0022,,,,,,,,,,,,,,,,,,,,,,,,,,,,,,,,,,,,,,,,,,,,,,,,,,,,,,,,,,,,,,,,,,,,,,,,,,,,,,,,,,,,,,,,,,,,,,,,,,
1990.21.0023,i1990210023,aa_5,"View of cella S colonnade from W, Aegina, Temple of Aphaia",image,image/jpeg,Image;StillImage,https://iiif.perseus.tufts.edu/iiif/3/1990.21.0023/full/max/0/default.jpg,"https://iiif.perseus.tufts.edu/iiif/3/1990.21.0023/full/^800,/0/default.jpg","https://iiif.perseus.tufts.edu/iiif/3/1990.21.0023/full/^450,/0/default.jpg",Photograph by Maria Daniels,"View of cella S colonnade from W, Aegina, Temple of Aphaia",aa_5,https://iiif.perseus.tufts.edu/iiif/3/1990.21.0023,,,,,,,,,,,,,,,,,,,,,,,,,,,,,,,,,,,,,,,,,,,,,,,,,,,,,,,,,,,,,,,,,,,,,,,,,,,,,,,,,,,,,,,,,,,,,,,,,,
1990.21.0024,i1990210024,aa_5,"Southwest corner from SW, Aegina, Temple of Aphaia",image,image/jpeg,Image;StillImage,https://iiif.perseus.tufts.edu/iiif/3/1990.21.0024/full/max/0/default.jpg,"https://iiif.perseus.tufts.edu/iiif/3/1990.21.0024/full/^800,/0/default.jpg","https://iiif.perseus.tufts.edu/iiif/3/1990.21.0024/full/^450,/0/default.jpg",Photograph by Maria Daniels,"Southwest corner from SW, Aegina, Temple of Aphaia",aa_5,https://iiif.perseus.tufts.edu/iiif/3/1990.21.0024,,,,,,,,,,,,,,,,,,,,,,,,,,,,,,,,,,,,,,,,,,,,,,,,,,,,,,,,,,,,,,,,,,,,,,,,,,,,,,,,,,,,,,,,,,,,,,,,,,
1990.21.0026,i1990210026,aa_5,"West end of S side of temple from S, Aegina, Temple of Aphaia",image,image/jpeg,Image;StillImage,https://iiif.perseus.tufts.edu/iiif/3/1990.21.0026/full/max/0/default.jpg,"https://iiif.perseus.tufts.edu/iiif/3/1990.21.0026/full/^800,/0/default.jpg","https://iiif.perseus.tufts.edu/iiif/3/1990.21.0026/full/^450,/0/default.jpg",Photograph by Maria Daniels,"West end of S side of temple from S, Aegina, Temple of Aphaia",aa_5,https://iiif.perseus.tufts.edu/iiif/3/1990.21.0026,,,,,,,,,,,,,,,,,,,,,,,,,,,,,,,,,,,,,,,,,,,,,,,,,,,,,,,,,,,,,,,,,,,,,,,,,,,,,,,,,,,,,,,,,,,,,,,,,,
1990.21.0027,i1990210027,aa_5,"South side of temple from SW, Aegina, Temple of Aphaia",image,image/jpeg,Image;StillImage,https://iiif.perseus.tufts.edu/iiif/3/1990.21.0027/full/max/0/default.jpg,"https://iiif.perseus.tufts.edu/iiif/3/1990.21.0027/full/^800,/0/default.jpg","https://iiif.perseus.tufts.edu/iiif/3/1990.21.0027/full/^450,/0/default.jpg",Photograph by Maria Daniels,"South side of temple from SW, Aegina, Temple of Aphaia",aa_5,https://iiif.perseus.tufts.edu/iiif/3/1990.21.0027,,,,,,,,,,,,,,,,,,,,,,,,,,,,,,,,,,,,,,,,,,,,,,,,,,,,,,,,,,,,,,,,,,,,,,,,,,,,,,,,,,,,,,,,,,,,,,,,,,
1990.21.0028,i1990210028,aa_5,"Detail of S colonnade and cella wall from SW, Aegina, Temple of Aphaia",image,image/jpeg,Image;StillImage,https://iiif.perseus.tufts.edu/iiif/3/1990.21.0028/full/max/0/default.jpg,"https://iiif.perseus.tufts.edu/iiif/3/1990.21.0028/full/^800,/0/default.jpg","https://iiif.perseus.tufts.edu/iiif/3/1990.21.0028/full/^450,/0/default.jpg",Photograph by Maria Daniels,"Detail of S colonnade and cella wall from SW, Aegina, Temple of Aphaia",aa_5,https://iiif.perseus.tufts.edu/iiif/3/1990.21.0028,,,,,,,,,,,,,,,,,,,,,,,,,,,,,,,,,,,,,,,,,,,,,,,,,,,,,,,,,,,,,,,,,,,,,,,,,,,,,,,,,,,,,,,,,,,,,,,,,,
1990.21.0029,i1990210029,aa_5,"Detail of SW corner of cella wall from S, Aegina, Temple of Aphaia",image,image/jpeg,Image;StillImage,https://iiif.perseus.tufts.edu/iiif/3/1990.21.0029/full/max/0/default.jpg,"https://iiif.perseus.tufts.edu/iiif/3/1990.21.0029/full/^800,/0/default.jpg","https://iiif.perseus.tufts.edu/iiif/3/1990.21.0029/full/^450,/0/default.jpg",Photograph by Maria Daniels,"Detail of SW corner of cella wall from S, Aegina, Temple of Aphaia",aa_5,https://iiif.perseus.tufts.edu/iiif/3/1990.21.0029,,,,,,,,,,,,,,,,,,,,,,,,,,,,,,,,,,,,,,,,,,,,,,,,,,,,,,,,,,,,,,,,,,,,,,,,,,,,,,,,,,,,,,,,,,,,,,,,,,
1990.21.0030,i1990210030,aa_5,"Closeup of central section of S side of temple from S, Aegina, Temple of Aphaia",image,image/jpeg,Image;StillImage,https://iiif.perseus.tufts.edu/iiif/3/1990.21.0030/full/max/0/default.jpg,"https://iiif.perseus.tufts.edu/iiif/3/1990.21.0030/full/^800,/0/default.jpg","https://iiif.perseus.tufts.edu/iiif/3/1990.21.0030/full/^450,/0/default.jpg",Photograph by Maria Daniels,"Closeup of central section of S side of temple from S, Aegina, Temple of Aphaia",aa_5,https://iiif.perseus.tufts.edu/iiif/3/1990.21.0030,,,,,,,,,,,,,,,,,,,,,,,,,,,,,,,,,,,,,,,,,,,,,,,,,,,,,,,,,,,,,,,,,,,,,,,,,,,,,,,,,,,,,,,,,,,,,,,,,,
1990.21.0031,i1990210031,aa_5,"South colonnade of cella from S, Aegina, Temple of Aphaia",image,image/jpeg,Image;StillImage,https://iiif.perseus.tufts.edu/iiif/3/1990.21.0031/full/max/0/default.jpg,"https://iiif.perseus.tufts.edu/iiif/3/1990.21.0031/full/^800,/0/default.jpg","https://iiif.perseus.tufts.edu/iiif/3/1990.21.0031/full/^450,/0/default.jpg",Photograph by Maria Daniels,"South colonnade of cella from S, Aegina, Temple of Aphaia",aa_5,https://iiif.perseus.tufts.edu/iiif/3/1990.21.0031,,,,,,,,,,,,,,,,,,,,,,,,,,,,,,,,,,,,,,,,,,,,,,,,,,,,,,,,,,,,,,,,,,,,,,,,,,,,,,,,,,,,,,,,,,,,,,,,,,
1990.21.0032,i1990210032,aa_5,"Southeast corner of temple from SE, Aegina, Temple of Aphaia",image,image/jpeg,Image;StillImage,https://iiif.perseus.tufts.edu/iiif/3/1990.21.0032/full/max/0/default.jpg,"https://iiif.perseus.tufts.edu/iiif/3/1990.21.0032/full/^800,/0/default.jpg","https://iiif.perseus.tufts.edu/iiif/3/1990.21.0032/full/^450,/0/default.jpg",Photograph by Maria Daniels,"Southeast corner of temple from SE, Aegina, Temple of Aphaia",aa_5,https://iiif.perseus.tufts.edu/iiif/3/1990.21.0032,,,,,,,,,,,,,,,,,,,,,,,,,,,,,,,,,,,,,,,,,,,,,,,,,,,,,,,,,,,,,,,,,,,,,,,,,,,,,,,,,,,,,,,,,,,,,,,,,,
1990.21.0033,i1990210033,aa_5,"South side of temple from SE, Aegina, Temple of Aphaia",image,image/jpeg,Image;StillImage,https://iiif.perseus.tufts.edu/iiif/3/1990.21.0033/full/max/0/default.jpg,"https://iiif.perseus.tufts.edu/iiif/3/1990.21.0033/full/^800,/0/default.jpg","https://iiif.perseus.tufts.edu/iiif/3/1990.21.0033/full/^450,/0/default.jpg",Photograph by Maria Daniels,"South side of temple from SE, Aegina, Temple of Aphaia",aa_5,https://iiif.perseus.tufts.edu/iiif/3/1990.21.0033,,,,,,,,,,,,,,,,,,,,,,,,,,,,,,,,,,,,,,,,,,,,,,,,,,,,,,,,,,,,,,,,,,,,,,,,,,,,,,,,,,,,,,,,,,,,,,,,,,
1990.21.0034,i1990210034,aa_5,"Detail of SE corner of temple from SE, Aegina, Temple of Aphaia",image,image/jpeg,Image;StillImage,https://iiif.perseus.tufts.edu/iiif/3/1990.21.0034/full/max/0/default.jpg,"https://iiif.perseus.tufts.edu/iiif/3/1990.21.0034/full/^800,/0/default.jpg","https://iiif.perseus.tufts.edu/iiif/3/1990.21.0034/full/^450,/0/default.jpg",Photograph by Maria Daniels,"Detail of SE corner of temple from SE, Aegina, Temple of Aphaia",aa_5,https://iiif.perseus.tufts.edu/iiif/3/1990.21.0034,,,,,,,,,,,,,,,,,,,,,,,,,,,,,,,,,,,,,,,,,,,,,,,,,,,,,,,,,,,,,,,,,,,,,,,,,,,,,,,,,,,,,,,,,,,,,,,,,,
1990.21.0035,i1990210035,aa_5,"Southeast corner of temple from S, Aegina, Temple of Aphaia",image,image/jpeg,Image;StillImage,https://iiif.perseus.tufts.edu/iiif/3/1990.21.0035/full/max/0/default.jpg,"https://iiif.perseus.tufts.edu/iiif/3/1990.21.0035/full/^800,/0/default.jpg","https://iiif.perseus.tufts.edu/iiif/3/1990.21.0035/full/^450,/0/default.jpg",Photograph by Maria Daniels,"Southeast corner of temple from S, Aegina, Temple of Aphaia",aa_5,https://iiif.perseus.tufts.edu/iiif/3/1990.21.0035,,,,,,,,,,,,,,,,,,,,,,,,,,,,,,,,,,,,,,,,,,,,,,,,,,,,,,,,,,,,,,,,,,,,,,,,,,,,,,,,,,,,,,,,,,,,,,,,,,
1990.21.0036,i1990210036,aa_5,"Overall view of temple from E-SE, Aegina, Temple of Aphaia",image,image/jpeg,Image;StillImage,https://iiif.perseus.tufts.edu/iiif/3/1990.21.0036/full/max/0/default.jpg,"https://iiif.perseus.tufts.edu/iiif/3/1990.21.0036/full/^800,/0/default.jpg","https://iiif.perseus.tufts.edu/iiif/3/1990.21.0036/full/^450,/0/default.jpg",Photograph by Maria Daniels,"Overall view of temple from E-SE, Aegina, Temple of Aphaia",aa_5,https://iiif.perseus.tufts.edu/iiif/3/1990.21.0036,,,,,,,,,,,,,,,,,,,,,,,,,,,,,,,,,,,,,,,,,,,,,,,,,,,,,,,,,,,,,,,,,,,,,,,,,,,,,,,,,,,,,,,,,,,,,,,,,,
1990.21.0037,i1990210037,aa_5,"Overall view of temple from E, Aegina, Temple of Aphaia",image,image/jpeg,Image;StillImage,https://iiif.perseus.tufts.edu/iiif/3/1990.21.0037/full/max/0/default.jpg,"https://iiif.perseus.tufts.edu/iiif/3/1990.21.0037/full/^800,/0/default.jpg","https://iiif.perseus.tufts.edu/iiif/3/1990.21.0037/full/^450,/0/default.jpg",Photograph by Maria Daniels,"Overall view of temple from E, Aegina, Temple of Aphaia",aa_5,https://iiif.perseus.tufts.edu/iiif/3/1990.21.0037,,,,,,,,,,,,,,,,,,,,,,,,,,,,,,,,,,,,,,,,,,,,,,,,,,,,,,,,,,,,,,,,,,,,,,,,,,,,,,,,,,,,,,,,,,,,,,,,,,
1990.21.0040,i1990210040,aa_5,"Detail of ramp, temple front, and cella door from E, Aegina, Temple of Aphaia",image,image/jpeg,Image;StillImage,https://iiif.perseus.tufts.edu/iiif/3/1990.21.0040/full/max/0/default.jpg,"https://iiif.perseus.tufts.edu/iiif/3/1990.21.0040/full/^800,/0/default.jpg","https://iiif.perseus.tufts.edu/iiif/3/1990.21.0040/full/^450,/0/default.jpg",Photograph by Maria Daniels,"Detail of ramp, temple front, and cella door from E, Aegina, Temple of Aphaia",aa_5,https://iiif.perseus.tufts.edu/iiif/3/1990.21.0040,,,,,,,,,,,,,,,,,,,,,,,,,,,,,,,,,,,,,,,,,,,,,,,,,,,,,,,,,,,,,,,,,,,,,,,,,,,,,,,,,,,,,,,,,,,,,,,,,,
1990.21.0041,i1990210041,aa_5,"View through cella door to interior, from E, Aegina, Temple of Aphaia",image,image/jpeg,Image;StillImage,https://iiif.perseus.tufts.edu/iiif/3/1990.21.0041/full/max/0/default.jpg,"https://iiif.perseus.tufts.edu/iiif/3/1990.21.0041/full/^800,/0/default.jpg","https://iiif.perseus.tufts.edu/iiif/3/1990.21.0041/full/^450,/0/default.jpg",Photograph by Maria Daniels,"View through cella door to interior, from E, Aegina, Temple of Aphaia",aa_5,https://iiif.perseus.tufts.edu/iiif/3/1990.21.0041,,,,,,,,,,,,,,,,,,,,,,,,,,,,,,,,,,,,,,,,,,,,,,,,,,,,,,,,,,,,,,,,,,,,,,,,,,,,,,,,,,,,,,,,,,,,,,,,,,
1990.21.0042,i1990210042,aa_5,"Detail of SE corner of pronaos, Aegina, Temple of Aphaia",image,image/jpeg,Image;StillImage,https://iiif.perseus.tufts.edu/iiif/3/1990.21.0042/full/max/0/default.jpg,"https://iiif.perseus.tufts.edu/iiif/3/1990.21.0042/full/^800,/0/default.jpg","https://iiif.perseus.tufts.edu/iiif/3/1990.21.0042/full/^450,/0/default.jpg",Photograph by Maria Daniels,"Detail of SE corner of pronaos, Aegina, Temple of Aphaia",aa_5,https://iiif.perseus.tufts.edu/iiif/3/1990.21.0042,,,,,,,,,,,,,,,,,,,,,,,,,,,,,,,,,,,,,,,,,,,,,,,,,,,,,,,,,,,,,,,,,,,,,,,,,,,,,,,,,,,,,,,,,,,,,,,,,,
1990.21.0043,i1990210043,aa_5,"Overall view of S side of temple from modern walkway, Aegina, Temple of Aphaia",image,image/jpeg,Image;StillImage,https://iiif.perseus.tufts.edu/iiif/3/1990.21.0043/full/max/0/default.jpg,"https://iiif.perseus.tufts.edu/iiif/3/1990.21.0043/full/^800,/0/default.jpg","https://iiif.perseus.tufts.edu/iiif/3/1990.21.0043/full/^450,/0/default.jpg",Photograph by Maria Daniels,"Overall view of S side of temple from modern walkway, Aegina, Temple of Aphaia",aa_5,https://iiif.perseus.tufts.edu/iiif/3/1990.21.0043,,,,,,,,,,,,,,,,,,,,,,,,,,,,,,,,,,,,,,,,,,,,,,,,,,,,,,,,,,,,,,,,,,,,,,,,,,,,,,,,,,,,,,,,,,,,,,,,,,
1990.21.0045,i1990210045,aa_5,"Northeast corner of architrave from N and below, Aegina, Temple of Aphaia",image,image/jpeg,Image;StillImage,https://iiif.perseus.tufts.edu/iiif/3/1990.21.0045/full/max/0/default.jpg,"https://iiif.perseus.tufts.edu/iiif/3/1990.21.0045/full/^800,/0/default.jpg","https://iiif.perseus.tufts.edu/iiif/3/1990.21.0045/full/^450,/0/default.jpg",Photograph by Maria Daniels,"Northeast corner of architrave from N and below, Aegina, Temple of Aphaia",aa_5,https://iiif.perseus.tufts.edu/iiif/3/1990.21.0045,,,,,,,,,,,,,,,,,,,,,,,,,,,,,,,,,,,,,,,,,,,,,,,,,,,,,,,,,,,,,,,,,,,,,,,,,,,,,,,,,,,,,,,,,,,,,,,,,,
1990.21.0046,i1990210046,aa_5,"Northeast corner of architrave from N, Aegina, Temple of Aphaia",image,image/jpeg,Image;StillImage,https://iiif.perseus.tufts.edu/iiif/3/1990.21.0046/full/max/0/default.jpg,"https://iiif.perseus.tufts.edu/iiif/3/1990.21.0046/full/^800,/0/default.jpg","https://iiif.perseus.tufts.edu/iiif/3/1990.21.0046/full/^450,/0/default.jpg",Photograph by Maria Daniels,"Northeast corner of architrave from N, Aegina, Temple of Aphaia",aa_5,https://iiif.perseus.tufts.edu/iiif/3/1990.21.0046,,,,,,,,,,,,,,,,,,,,,,,,,,,,,,,,,,,,,,,,,,,,,,,,,,,,,,,,,,,,,,,,,,,,,,,,,,,,,,,,,,,,,,,,,,,,,,,,,,
1990.21.0047,i1990210047,aa_5,"West section of N side from S, Aegina, Temple of Aphaia",image,image/jpeg,Image;StillImage,https://iiif.perseus.tufts.edu/iiif/3/1990.21.0047/full/max/0/default.jpg,"https://iiif.perseus.tufts.edu/iiif/3/1990.21.0047/full/^800,/0/default.jpg","https://iiif.perseus.tufts.edu/iiif/3/1990.21.0047/full/^450,/0/default.jpg",Photograph by Maria Daniels,"West section of N side from S, Aegina, Temple of Aphaia",aa_5,https://iiif.perseus.tufts.edu/iiif/3/1990.21.0047,,,,,,,,,,,,,,,,,,,,,,,,,,,,,,,,,,,,,,,,,,,,,,,,,,,,,,,,,,,,,,,,,,,,,,,,,,,,,,,,,,,,,,,,,,,,,,,,,,
1990.21.0048,i1990210048,aa_5,"Center section of N side from N, Aegina, Temple of Aphaia",image,image/jpeg,Image;StillImage,https://iiif.perseus.tufts.edu/iiif/3/1990.21.0048/full/max/0/default.jpg,"https://iiif.perseus.tufts.edu/iiif/3/1990.21.0048/full/^800,/0/default.jpg","https://iiif.perseus.tufts.edu/iiif/3/1990.21.0048/full/^450,/0/default.jpg",Photograph by Maria Daniels,"Center section of N side from N, Aegina, Temple of Aphaia",aa_5,https://iiif.perseus.tufts.edu/iiif/3/1990.21.0048,,,,,,,,,,,,,,,,,,,,,,,,,,,,,,,,,,,,,,,,,,,,,,,,,,,,,,,,,,,,,,,,,,,,,,,,,,,,,,,,,,,,,,,,,,,,,,,,,,
1990.21.0049,i1990210049,aa_5,"Northeast corner of temple from NW, Aegina, Temple of Aphaia",image,image/jpeg,Image;StillImage,https://iiif.perseus.tufts.edu/iiif/3/1990.21.0049/full/max/0/default.jpg,"https://iiif.perseus.tufts.edu/iiif/3/1990.21.0049/full/^800,/0/default.jpg","https://iiif.perseus.tufts.edu/iiif/3/1990.21.0049/full/^450,/0/default.jpg",Photograph by Maria Daniels,"Northeast corner of temple from NW, Aegina, Temple of Aphaia",aa_5,https://iiif.perseus.tufts.edu/iiif/3/1990.21.0049,,,,,,,,,,,,,,,,,,,,,,,,,,,,,,,,,,,,,,,,,,,,,,,,,,,,,,,,,,,,,,,,,,,,,,,,,,,,,,,,,,,,,,,,,,,,,,,,,,
1990.21.0050,i1990210050,"aa_5,aa_3876","North side of temple from N, site wall in foreground, Aegina, Sanctuary, Temple of Aphaia",image,image/jpeg,Image;StillImage,https://iiif.perseus.tufts.edu/iiif/3/1990.21.0050/full/max/0/default.jpg,"https://iiif.perseus.tufts.edu/iiif/3/1990.21.0050/full/^800,/0/default.jpg","https://iiif.perseus.tufts.edu/iiif/3/1990.21.0050/full/^450,/0/default.jpg",Photograph by Maria Daniels,"North side of temple from N, site wall in foreground, Aegina, Sanctuary, Temple of Aphaia","aa_5,aa_3876",https://iiif.perseus.tufts.edu/iiif/3/1990.21.0050,,,,,,,,,,,,,,,,,,,,,,,,,,,,,,,,,,,,,,,,,,,,,,,,,,,,,,,,,,,,,,,,,,,,,,,,,,,,,,,,,,,,,,,,,,,,,,,,,,
1990.21.0051,i1990210051,"aa_5,aa_3876","Overall view of temple from NW, site wall in foreground, Aegina, Sanctuary, Temple of Aphaia",image,image/jpeg,Image;StillImage,https://iiif.perseus.tufts.edu/iiif/3/1990.21.0051/full/max/0/default.jpg,"https://iiif.perseus.tufts.edu/iiif/3/1990.21.0051/full/^800,/0/default.jpg","https://iiif.perseus.tufts.edu/iiif/3/1990.21.0051/full/^450,/0/default.jpg",Photograph by Maria Daniels,"Overall view of temple from NW, site wall in foreground, Aegina, Sanctuary, Temple of Aphaia","aa_5,aa_3876",https://iiif.perseus.tufts.edu/iiif/3/1990.21.0051,,,,,,,,,,,,,,,,,,,,,,,,,,,,,,,,,,,,,,,,,,,,,,,,,,,,,,,,,,,,,,,,,,,,,,,,,,,,,,,,,,,,,,,,,,,,,,,,,,
1990.21.0052,i1990210052,"aa_5,aa_3876","Overall view of temple from NW, NW corner of site wall in foreground, Aegina, Sanctuary, Temple of Aphaia",image,image/jpeg,Image;StillImage,https://iiif.perseus.tufts.edu/iiif/3/1990.21.0052/full/max/0/default.jpg,"https://iiif.perseus.tufts.edu/iiif/3/1990.21.0052/full/^800,/0/default.jpg","https://iiif.perseus.tufts.edu/iiif/3/1990.21.0052/full/^450,/0/default.jpg",Photograph by Maria Daniels,"Overall view of temple from NW, NW corner of site wall in foreground, Aegina, Sanctuary, Temple of Aphaia","aa_5,aa_3876",https://iiif.perseus.tufts.edu/iiif/3/1990.21.0052,,,,,,,,,,,,,,,,,,,,,,,,,,,,,,,,,,,,,,,,,,,,,,,,,,,,,,,,,,,,,,,,,,,,,,,,,,,,,,,,,,,,,,,,,,,,,,,,,,
1990.21.0053,i1990210053,"aa_5,aa_3876","Distant view of W end of temple from NW, Aegina, Sanctuary, Temple of Aphaia",image,image/jpeg,Image;StillImage,https://iiif.perseus.tufts.edu/iiif/3/1990.21.0053/full/max/0/default.jpg,"https://iiif.perseus.tufts.edu/iiif/3/1990.21.0053/full/^800,/0/default.jpg","https://iiif.perseus.tufts.edu/iiif/3/1990.21.0053/full/^450,/0/default.jpg",Photograph by Maria Daniels,"Distant view of W end of temple from NW, Aegina, Sanctuary, Temple of Aphaia","aa_5,aa_3876",https://iiif.perseus.tufts.edu/iiif/3/1990.21.0053,,,,,,,,,,,,,,,,,,,,,,,,,,,,,,,,,,,,,,,,,,,,,,,,,,,,,,,,,,,,,,,,,,,,,,,,,,,,,,,,,,,,,,,,,,,,,,,,,,
1990.21.0054,i1990210054,"aa_5,aa_3876","Distant view of SW corner of temple from W, Aegina, Sanctuary, Temple of Aphaia",image,image/jpeg,Image;StillImage,https://iiif.perseus.tufts.edu/iiif/3/1990.21.0054/full/max/0/default.jpg,"https://iiif.perseus.tufts.edu/iiif/3/1990.21.0054/full/^800,/0/default.jpg","https://iiif.perseus.tufts.edu/iiif/3/1990.21.0054/full/^450,/0/default.jpg",Photograph by Maria Daniels,"Distant view of SW corner of temple from W, Aegina, Sanctuary, Temple of Aphaia","aa_5,aa_3876",https://iiif.perseus.tufts.edu/iiif/3/1990.21.0054,,,,,,,,,,,,,,,,,,,,,,,,,,,,,,,,,,,,,,,,,,,,,,,,,,,,,,,,,,,,,,,,,,,,,,,,,,,,,,,,,,,,,,,,,,,,,,,,,,
1990.21.0056,i1990210056,"aa_5,aa_3876","Distant view of temple through trees, from SW, Aegina, Sanctuary, Temple of Aphaia",image,image/jpeg,Image;StillImage,https://iiif.perseus.tufts.edu/iiif/3/1990.21.0056/full/max/0/default.jpg,"https://iiif.perseus.tufts.edu/iiif/3/1990.21.0056/full/^800,/0/default.jpg","https://iiif.perseus.tufts.edu/iiif/3/1990.21.0056/full/^450,/0/default.jpg",Photograph by Maria Daniels,"Distant view of temple through trees, from SW, Aegina, Sanctuary, Temple of Aphaia","aa_5,aa_3876",https://iiif.perseus.tufts.edu/iiif/3/1990.21.0056,,,,,,,,,,,,,,,,,,,,,,,,,,,,,,,,,,,,,,,,,,,,,,,,,,,,,,,,,,,,,,,,,,,,,,,,,,,,,,,,,,,,,,,,,,,,,,,,,,
1990.21.0057,i1990210057,"aa_5,aa_3876","Distant view of SW corner of temple from SW, Aegina, Sanctuary, Temple of Aphaia",image,image/jpeg,Image;StillImage,https://iiif.perseus.tufts.edu/iiif/3/1990.21.0057/full/max/0/default.jpg,"https://iiif.perseus.tufts.edu/iiif/3/1990.21.0057/full/^800,/0/default.jpg","https://iiif.perseus.tufts.edu/iiif/3/1990.21.0057/full/^450,/0/default.jpg",Photograph by Maria Daniels,"Distant view of SW corner of temple from SW, Aegina, Sanctuary, Temple of Aphaia","aa_5,aa_3876",https://iiif.perseus.tufts.edu/iiif/3/1990.21.0057,,,,,,,,,,,,,,,,,,,,,,,,,,,,,,,,,,,,,,,,,,,,,,,,,,,,,,,,,,,,,,,,,,,,,,,,,,,,,,,,,,,,,,,,,,,,,,,,,,
1990.21.0058,i1990210058,"aa_5,aa_3876","Distant view of SW corner of temple from SW, Aegina, Sanctuary, Temple of Aphaia",image,image/jpeg,Image;StillImage,https://iiif.perseus.tufts.edu/iiif/3/1990.21.0058/full/max/0/default.jpg,"https://iiif.perseus.tufts.edu/iiif/3/1990.21.0058/full/^800,/0/default.jpg","https://iiif.perseus.tufts.edu/iiif/3/1990.21.0058/full/^450,/0/default.jpg",Photograph by Maria Daniels,"Distant view of SW corner of temple from SW, Aegina, Sanctuary, Temple of Aphaia","aa_5,aa_3876",https://iiif.perseus.tufts.edu/iiif/3/1990.21.0058,,,,,,,,,,,,,,,,,,,,,,,,,,,,,,,,,,,,,,,,,,,,,,,,,,,,,,,,,,,,,,,,,,,,,,,,,,,,,,,,,,,,,,,,,,,,,,,,,,
1990.21.0059,i1990210059,aa_5,"Southwest corner of temple from SW, site wall in foreground, Aegina, Sanctuary, Temple of Aphaia",image,image/jpeg,Image;StillImage,https://iiif.perseus.tufts.edu/iiif/3/1990.21.0059/full/max/0/default.jpg,"https://iiif.perseus.tufts.edu/iiif/3/1990.21.0059/full/^800,/0/default.jpg","https://iiif.perseus.tufts.edu/iiif/3/1990.21.0059/full/^450,/0/default.jpg",Photograph by Maria Daniels,"Southwest corner of temple from SW, site wall in foreground, Aegina, Sanctuary, Temple of Aphaia",aa_5,https://iiif.perseus.tufts.edu/iiif/3/1990.21.0059,,,,,,,,,,,,,,,,,,,,,,,,,,,,,,,,,,,,,,,,,,,,,,,,,,,,,,,,,,,,,,,,,,,,,,,,,,,,,,,,,,,,,,,,,,,,,,,,,,
1990.21.0060,i1990210060,aa_5,"South side of temple and ancient and modern retaining walls from SW, Aegina, Sanctuary, Temple of Aphaia",image,image/jpeg,Image;StillImage,https://iiif.perseus.tufts.edu/iiif/3/1990.21.0060/full/max/0/default.jpg,"https://iiif.perseus.tufts.edu/iiif/3/1990.21.0060/full/^800,/0/default.jpg","https://iiif.perseus.tufts.edu/iiif/3/1990.21.0060/full/^450,/0/default.jpg",Photograph by Maria Daniels,"South side of temple and ancient and modern retaining walls from SW, Aegina, Sanctuary, Temple of Aphaia",aa_5,https://iiif.perseus.tufts.edu/iiif/3/1990.21.0060,,,,,,,,,,,,,,,,,,,,,,,,,,,,,,,,,,,,,,,,,,,,,,,,,,,,,,,,,,,,,,,,,,,,,,,,,,,,,,,,,,,,,,,,,,,,,,,,,,
1990.21.0061,i1990210061,aa_5,"South side of temple from S, Aegina, Sanctuary, Temple of Aphaia",image,image/jpeg,Image;StillImage,https://iiif.perseus.tufts.edu/iiif/3/1990.21.0061/full/max/0/default.jpg,"https://iiif.perseus.tufts.edu/iiif/3/1990.21.0061/full/^800,/0/default.jpg","https://iiif.perseus.tufts.edu/iiif/3/1990.21.0061/full/^450,/0/default.jpg",Photograph by Maria Daniels,"South side of temple from S, Aegina, Sanctuary, Temple of Aphaia",aa_5,https://iiif.perseus.tufts.edu/iiif/3/1990.21.0061,,,,,,,,,,,,,,,,,,,,,,,,,,,,,,,,,,,,,,,,,,,,,,,,,,,,,,,,,,,,,,,,,,,,,,,,,,,,,,,,,,,,,,,,,,,,,,,,,,
1990.21.0062,i1990210062,"aa_5,aa_3876","South side of temple and sanctuary from S, Aegina, Sanctuary, Temple of Aphaia",image,image/jpeg,Image;StillImage,https://iiif.perseus.tufts.edu/iiif/3/1990.21.0062/full/max/0/default.jpg,"https://iiif.perseus.tufts.edu/iiif/3/1990.21.0062/full/^800,/0/default.jpg","https://iiif.perseus.tufts.edu/iiif/3/1990.21.0062/full/^450,/0/default.jpg",Photograph by Maria Daniels,"South side of temple and sanctuary from S, Aegina, Sanctuary, Temple of Aphaia","aa_5,aa_3876",https://iiif.perseus.tufts.edu/iiif/3/1990.21.0062,,,,,,,,,,,,,,,,,,,,,,,,,,,,,,,,,,,,,,,,,,,,,,,,,,,,,,,,,,,,,,,,,,,,,,,,,,,,,,,,,,,,,,,,,,,,,,,,,,
1990.21.0063,i1990210063,"aa_5,aa_3876","South side of temple and sanctuary from S, Aegina, Sanctuary, Temple of Aphaia",image,image/jpeg,Image;StillImage,https://iiif.perseus.tufts.edu/iiif/3/1990.21.0063/full/max/0/default.jpg,"https://iiif.perseus.tufts.edu/iiif/3/1990.21.0063/full/^800,/0/default.jpg","https://iiif.perseus.tufts.edu/iiif/3/1990.21.0063/full/^450,/0/default.jpg",Photograph by Maria Daniels,"South side of temple and sanctuary from S, Aegina, Sanctuary, Temple of Aphaia","aa_5,aa_3876",https://iiif.perseus.tufts.edu/iiif/3/1990.21.0063,,,,,,,,,,,,,,,,,,,,,,,,,,,,,,,,,,,,,,,,,,,,,,,,,,,,,,,,,,,,,,,,,,,,,,,,,,,,,,,,,,,,,,,,,,,,,,,,,,
1990.21.0065,i1990210065,"aa_5,aa_3876","Distant view of SE corner of temple from the modern walkway, Aegina, Sanctuary, Temple of Aphaia",image,image/jpeg,Image;StillImage,https://iiif.perseus.tufts.edu/iiif/3/1990.21.0065/full/max/0/default.jpg,"https://iiif.perseus.tufts.edu/iiif/3/1990.21.0065/full/^800,/0/default.jpg","https://iiif.perseus.tufts.edu/iiif/3/1990.21.0065/full/^450,/0/default.jpg",Photograph by Maria Daniels,"Distant view of SE corner of temple from the modern walkway, Aegina, Sanctuary, Temple of Aphaia","aa_5,aa_3876",https://iiif.perseus.tufts.edu/iiif/3/1990.21.0065,,,,,,,,,,,,,,,,,,,,,,,,,,,,,,,,,,,,,,,,,,,,,,,,,,,,,,,,,,,,,,,,,,,,,,,,,,,,,,,,,,,,,,,,,,,,,,,,,,
1990.21.0066,i1990210066,"aa_5,aa_3876","Distant view of temple and site from E and below, Aegina, Sanctuary, Temple of Aphaia",image,image/jpeg,Image;StillImage,https://iiif.perseus.tufts.edu/iiif/3/1990.21.0066/full/max/0/default.jpg,"https://iiif.perseus.tufts.edu/iiif/3/1990.21.0066/full/^800,/0/default.jpg","https://iiif.perseus.tufts.edu/iiif/3/1990.21.0066/full/^450,/0/default.jpg",Photograph by Maria Daniels,"Distant view of temple and site from E and below, Aegina, Sanctuary, Temple of Aphaia","aa_5,aa_3876",https://iiif.perseus.tufts.edu/iiif/3/1990.21.0066,,,,,,,,,,,,,,,,,,,,,,,,,,,,,,,,,,,,,,,,,,,,,,,,,,,,,,,,,,,,,,,,,,,,,,,,,,,,,,,,,,,,,,,,,,,,,,,,,,
1990.21.0067,i1990210067,"aa_5,aa_3876","Distant view of temple and sanctuary area from E and below, Aegina, Sanctuary, Temple of Aphaia",image,image/jpeg,Image;StillImage,https://iiif.perseus.tufts.edu/iiif/3/1990.21.0067/full/max/0/default.jpg,"https://iiif.perseus.tufts.edu/iiif/3/1990.21.0067/full/^800,/0/default.jpg","https://iiif.perseus.tufts.edu/iiif/3/1990.21.0067/full/^450,/0/default.jpg",Photograph by Maria Daniels,"Distant view of temple and sanctuary area from E and below, Aegina, Sanctuary, Temple of Aphaia","aa_5,aa_3876",https://iiif.perseus.tufts.edu/iiif/3/1990.21.0067,,,,,,,,,,,,,,,,,,,,,,,,,,,,,,,,,,,,,,,,,,,,,,,,,,,,,,,,,,,,,,,,,,,,,,,,,,,,,,,,,,,,,,,,,,,,,,,,,,
1990.21.0069,i1990210069,"aa_5,aa_3876","Ancient and modern retaining walls along S side of temple, from SE, Aegina, Sanctuary, Temple of Aphaia",image,image/jpeg,Image;StillImage,https://iiif.perseus.tufts.edu/iiif/3/1990.21.0069/full/max/0/default.jpg,"https://iiif.perseus.tufts.edu/iiif/3/1990.21.0069/full/^800,/0/default.jpg","https://iiif.perseus.tufts.edu/iiif/3/1990.21.0069/full/^450,/0/default.jpg",Photograph by Maria Daniels,"Ancient and modern retaining walls along S side of temple, from SE, Aegina, Sanctuary, Temple of Aphaia","aa_5,aa_3876",https://iiif.perseus.tufts.edu/iiif/3/1990.21.0069,,,,,,,,,,,,,,,,,,,,,,,,,,,,,,,,,,,,,,,,,,,,,,,,,,,,,,,,,,,,,,,,,,,,,,,,,,,,,,,,,,,,,,,,,,,,,,,,,,
1990.21.0070,i1990210070,"aa_5,aa_3876","Ancient and modern retaining walls along S side of temple, from SE, Aegina, Sanctuary, Temple of Aphaia",image,image/jpeg,Image;StillImage,https://iiif.perseus.tufts.edu/iiif/3/1990.21.0070/full/max/0/default.jpg,"https://iiif.perseus.tufts.edu/iiif/3/1990.21.0070/full/^800,/0/default.jpg","https://iiif.perseus.tufts.edu/iiif/3/1990.21.0070/full/^450,/0/default.jpg",Photograph by Maria Daniels,"Ancient and modern retaining walls along S side of temple, from SE, Aegina, Sanctuary, Temple of Aphaia","aa_5,aa_3876",https://iiif.perseus.tufts.edu/iiif/3/1990.21.0070,,,,,,,,,,,,,,,,,,,,,,,,,,,,,,,,,,,,,,,,,,,,,,,,,,,,,,,,,,,,,,,,,,,,,,,,,,,,,,,,,,,,,,,,,,,,,,,,,,
1990.21.0071,i1990210071,aa_5,"Temple blocks with construction cuttings, on terrace S of the temple, view from W, Aegina, Sanctuary, Temple of Aphaia",image,image/jpeg,Image;StillImage,https://iiif.perseus.tufts.edu/iiif/3/1990.21.0071/full/max/0/default.jpg,"https://iiif.perseus.tufts.edu/iiif/3/1990.21.0071/full/^800,/0/default.jpg","https://iiif.perseus.tufts.edu/iiif/3/1990.21.0071/full/^450,/0/default.jpg",Photograph by Maria Daniels,"Temple blocks with construction cuttings, on terrace S of the temple, view from W, Aegina, Sanctuary, Temple of Aphaia",aa_5,https://iiif.perseus.tufts.edu/iiif/3/1990.21.0071,,,,,,,,,,,,,,,,,,,,,,,,,,,,,,,,,,,,,,,,,,,,,,,,,,,,,,,,,,,,,,,,,,,,,,,,,,,,,,,,,,,,,,,,,,,,,,,,,,
1990.21.0073,i1990210073,aa_5,"Southwest corner of temple stylobate, from SE, Aegina, Sanctuary, Temple of Aphaia",image,image/jpeg,Image;StillImage,https://iiif.perseus.tufts.edu/iiif/3/1990.21.0073/full/max/0/default.jpg,"https://iiif.perseus.tufts.edu/iiif/3/1990.21.0073/full/^800,/0/default.jpg","https://iiif.perseus.tufts.edu/iiif/3/1990.21.0073/full/^450,/0/default.jpg",Photograph by Maria Daniels,"Southwest corner of temple stylobate, from SE, Aegina, Sanctuary, Temple of Aphaia",aa_5,https://iiif.perseus.tufts.edu/iiif/3/1990.21.0073,,,,,,,,,,,,,,,,,,,,,,,,,,,,,,,,,,,,,,,,,,,,,,,,,,,,,,,,,,,,,,,,,,,,,,,,,,,,,,,,,,,,,,,,,,,,,,,,,,
1990.21.0074,i1990210074,aa_5,"Southeast corner of temple from SW, Aegina, Sanctuary, Temple of Aphaia",image,image/jpeg,Image;StillImage,https://iiif.perseus.tufts.edu/iiif/3/1990.21.0074/full/max/0/default.jpg,"https://iiif.perseus.tufts.edu/iiif/3/1990.21.0074/full/^800,/0/default.jpg","https://iiif.perseus.tufts.edu/iiif/3/1990.21.0074/full/^450,/0/default.jpg",Photograph by Maria Daniels,"Southeast corner of temple from SW, Aegina, Sanctuary, Temple of Aphaia",aa_5,https://iiif.perseus.tufts.edu/iiif/3/1990.21.0074,,,,,,,,,,,,,,,,,,,,,,,,,,,,,,,,,,,,,,,,,,,,,,,,,,,,,,,,,,,,,,,,,,,,,,,,,,,,,,,,,,,,,,,,,,,,,,,,,,
1990.21.0075,i1990210075,aa_5,"Central section of southern architrave from S, Aegina, Sanctuary, Temple of Aphaia",image,image/jpeg,Image;StillImage,https://iiif.perseus.tufts.edu/iiif/3/1990.21.0075/full/max/0/default.jpg,"https://iiif.perseus.tufts.edu/iiif/3/1990.21.0075/full/^800,/0/default.jpg","https://iiif.perseus.tufts.edu/iiif/3/1990.21.0075/full/^450,/0/default.jpg",Photograph by Maria Daniels,"Central section of southern architrave from S, Aegina, Sanctuary, Temple of Aphaia",aa_5,https://iiif.perseus.tufts.edu/iiif/3/1990.21.0075,,,,,,,,,,,,,,,,,,,,,,,,,,,,,,,,,,,,,,,,,,,,,,,,,,,,,,,,,,,,,,,,,,,,,,,,,,,,,,,,,,,,,,,,,,,,,,,,,,
1990.21.0076,i1990210076,aa_5,"Southwest corner of cella wall from SE, Aegina, Sanctuary, Temple of Aphaia",image,image/jpeg,Image;StillImage,https://iiif.perseus.tufts.edu/iiif/3/1990.21.0076/full/max/0/default.jpg,"https://iiif.perseus.tufts.edu/iiif/3/1990.21.0076/full/^800,/0/default.jpg","https://iiif.perseus.tufts.edu/iiif/3/1990.21.0076/full/^450,/0/default.jpg",Photograph by Maria Daniels,"Southwest corner of cella wall from SE, Aegina, Sanctuary, Temple of Aphaia",aa_5,https://iiif.perseus.tufts.edu/iiif/3/1990.21.0076,,,,,,,,,,,,,,,,,,,,,,,,,,,,,,,,,,,,,,,,,,,,,,,,,,,,,,,,,,,,,,,,,,,,,,,,,,,,,,,,,,,,,,,,,,,,,,,,,,
1990.21.0077,i1990210077,aa_5,"Triglyph fragments from temple, Aegina, Sanctuary, Temple of Aphaia",image,image/jpeg,Image;StillImage,https://iiif.perseus.tufts.edu/iiif/3/1990.21.0077/full/max/0/default.jpg,"https://iiif.perseus.tufts.edu/iiif/3/1990.21.0077/full/^800,/0/default.jpg","https://iiif.perseus.tufts.edu/iiif/3/1990.21.0077/full/^450,/0/default.jpg",Photograph by Maria Daniels,"Triglyph fragments from temple, Aegina, Sanctuary, Temple of Aphaia",aa_5,https://iiif.perseus.tufts.edu/iiif/3/1990.21.0077,,,,,,,,,,,,,,,,,,,,,,,,,,,,,,,,,,,,,,,,,,,,,,,,,,,,,,,,,,,,,,,,,,,,,,,,,,,,,,,,,,,,,,,,,,,,,,,,,,
1990.21.0078,i1990210078,aa_5,"Overall view of temple from SW, Aegina, Sanctuary, Temple of Aphaia",image,image/jpeg,Image;StillImage,https://iiif.perseus.tufts.edu/iiif/3/1990.21.0078/full/max/0/default.jpg,"https://iiif.perseus.tufts.edu/iiif/3/1990.21.0078/full/^800,/0/default.jpg","https://iiif.perseus.tufts.edu/iiif/3/1990.21.0078/full/^450,/0/default.jpg",Photograph by Maria Daniels,"Overall view of temple from SW, Aegina, Sanctuary, Temple of Aphaia",aa_5,https://iiif.perseus.tufts.edu/iiif/3/1990.21.0078,,,,,,,,,,,,,,,,,,,,,,,,,,,,,,,,,,,,,,,,,,,,,,,,,,,,,,,,,,,,,,,,,,,,,,,,,,,,,,,,,,,,,,,,,,,,,,,,,,
1990.21.0080,i1990210080,aa_5,"Overall view of W end of temple from W, Aegina, Sanctuary, Temple of Aphaia",image,image/jpeg,Image;StillImage,https://iiif.perseus.tufts.edu/iiif/3/1990.21.0080/full/max/0/default.jpg,"https://iiif.perseus.tufts.edu/iiif/3/1990.21.0080/full/^800,/0/default.jpg","https://iiif.perseus.tufts.edu/iiif/3/1990.21.0080/full/^450,/0/default.jpg",Photograph by Maria Daniels,"Overall view of W end of temple from W, Aegina, Sanctuary, Temple of Aphaia",aa_5,https://iiif.perseus.tufts.edu/iiif/3/1990.21.0080,,,,,,,,,,,,,,,,,,,,,,,,,,,,,,,,,,,,,,,,,,,,,,,,,,,,,,,,,,,,,,,,,,,,,,,,,,,,,,,,,,,,,,,,,,,,,,,,,,
1990.21.0082,i1990210082,aa_5,"Overall view of temple from NW, Aegina, Sanctuary, Temple of Aphaia",image,image/jpeg,Image;StillImage,https://iiif.perseus.tufts.edu/iiif/3/1990.21.0082/full/max/0/default.jpg,"https://iiif.perseus.tufts.edu/iiif/3/1990.21.0082/full/^800,/0/default.jpg","https://iiif.perseus.tufts.edu/iiif/3/1990.21.0082/full/^450,/0/default.jpg",Photograph by Maria Daniels,"Overall view of temple from NW, Aegina, Sanctuary, Temple of Aphaia",aa_5,https://iiif.perseus.tufts.edu/iiif/3/1990.21.0082,,,,,,,,,,,,,,,,,,,,,,,,,,,,,,,,,,,,,,,,,,,,,,,,,,,,,,,,,,,,,,,,,,,,,,,,,,,,,,,,,,,,,,,,,,,,,,,,,,
1990.21.0087,i1990210087,aa_5,"Western end of N colonnade, from N, Aegina, Sanctuary, Temple of Aphaia",image,image/jpeg,Image;StillImage,https://iiif.perseus.tufts.edu/iiif/3/1990.21.0087/full/max/0/default.jpg,"https://iiif.perseus.tufts.edu/iiif/3/1990.21.0087/full/^800,/0/default.jpg","https://iiif.perseus.tufts.edu/iiif/3/1990.21.0087/full/^450,/0/default.jpg",Photograph by Maria Daniels,"Western end of N colonnade, from N, Aegina, Sanctuary, Temple of Aphaia",aa_5,https://iiif.perseus.tufts.edu/iiif/3/1990.21.0087,,,,,,,,,,,,,,,,,,,,,,,,,,,,,,,,,,,,,,,,,,,,,,,,,,,,,,,,,,,,,,,,,,,,,,,,,,,,,,,,,,,,,,,,,,,,,,,,,,
1990.21.0088,i1990210088,aa_5,"Center section of N side, from N, Aegina, Sanctuary, Temple of Aphaia",image,image/jpeg,Image;StillImage,https://iiif.perseus.tufts.edu/iiif/3/1990.21.0088/full/max/0/default.jpg,"https://iiif.perseus.tufts.edu/iiif/3/1990.21.0088/full/^800,/0/default.jpg","https://iiif.perseus.tufts.edu/iiif/3/1990.21.0088/full/^450,/0/default.jpg",Photograph by Maria Daniels,"Center section of N side, from N, Aegina, Sanctuary, Temple of Aphaia",aa_5,https://iiif.perseus.tufts.edu/iiif/3/1990.21.0088,,,,,,,,,,,,,,,,,,,,,,,,,,,,,,,,,,,,,,,,,,,,,,,,,,,,,,,,,,,,,,,,,,,,,,,,,,,,,,,,,,,,,,,,,,,,,,,,,,
1990.21.0089,i1990210089,aa_5,"Northeast corner of temple from NW, Aegina, Sanctuary, Temple of Aphaia",image,image/jpeg,Image;StillImage,https://iiif.perseus.tufts.edu/iiif/3/1990.21.0089/full/max/0/default.jpg,"https://iiif.perseus.tufts.edu/iiif/3/1990.21.0089/full/^800,/0/default.jpg","https://iiif.perseus.tufts.edu/iiif/3/1990.21.0089/full/^450,/0/default.jpg",Photograph by Maria Daniels,"Northeast corner of temple from NW, Aegina, Sanctuary, Temple of Aphaia",aa_5,https://iiif.perseus.tufts.edu/iiif/3/1990.21.0089,,,,,,,,,,,,,,,,,,,,,,,,,,,,,,,,,,,,,,,,,,,,,,,,,,,,,,,,,,,,,,,,,,,,,,,,,,,,,,,,,,,,,,,,,,,,,,,,,,
1990.21.0091,i1990210091,aa_5,"Overall view of ramp and temple from NE, Aegina, Sanctuary, Temple of Aphaia",image,image/jpeg,Image;StillImage,https://iiif.perseus.tufts.edu/iiif/3/1990.21.0091/full/max/0/default.jpg,"https://iiif.perseus.tufts.edu/iiif/3/1990.21.0091/full/^800,/0/default.jpg","https://iiif.perseus.tufts.edu/iiif/3/1990.21.0091/full/^450,/0/default.jpg",Photograph by Maria Daniels,"Overall view of ramp and temple from NE, Aegina, Sanctuary, Temple of Aphaia",aa_5,https://iiif.perseus.tufts.edu/iiif/3/1990.21.0091,,,,,,,,,,,,,,,,,,,,,,,,,,,,,,,,,,,,,,,,,,,,,,,,,,,,,,,,,,,,,,,,,,,,,,,,,,,,,,,,,,,,,,,,,,,,,,,,,,
1990.21.0093,i1990210093,aa_5,"Overall view of ramp and front of temple from E, Aegina, Sanctuary, Temple of Aphaia",image,image/jpeg,Image;StillImage,https://iiif.perseus.tufts.edu/iiif/3/1990.21.0093/full/max/0/default.jpg,"https://iiif.perseus.tufts.edu/iiif/3/1990.21.0093/full/^800,/0/default.jpg","https://iiif.perseus.tufts.edu/iiif/3/1990.21.0093/full/^450,/0/default.jpg",Photograph by Maria Daniels,"Overall view of ramp and front of temple from E, Aegina, Sanctuary, Temple of Aphaia",aa_5,https://iiif.perseus.tufts.edu/iiif/3/1990.21.0093,,,,,,,,,,,,,,,,,,,,,,,,,,,,,,,,,,,,,,,,,,,,,,,,,,,,,,,,,,,,,,,,,,,,,,,,,,,,,,,,,,,,,,,,,,,,,,,,,,
1990.21.0095,i1990210095,aa_5,"Overall view of temple from SE, Aegina, Sanctuary, Temple of Aphaia",image,image/jpeg,Image;StillImage,https://iiif.perseus.tufts.edu/iiif/3/1990.21.0095/full/max/0/default.jpg,"https://iiif.perseus.tufts.edu/iiif/3/1990.21.0095/full/^800,/0/default.jpg","https://iiif.perseus.tufts.edu/iiif/3/1990.21.0095/full/^450,/0/default.jpg",Photograph by Maria Daniels,"Overall view of temple from SE, Aegina, Sanctuary, Temple of Aphaia",aa_5,https://iiif.perseus.tufts.edu/iiif/3/1990.21.0095,,,,,,,,,,,,,,,,,,,,,,,,,,,,,,,,,,,,,,,,,,,,,,,,,,,,,,,,,,,,,,,,,,,,,,,,,,,,,,,,,,,,,,,,,,,,,,,,,,
1990.21.0097,i1990210097,aa_5,"Northeast corner of colonnade from NW, Aegina, Sanctuary, Temple of Aphaia",image,image/jpeg,Image;StillImage,https://iiif.perseus.tufts.edu/iiif/3/1990.21.0097/full/max/0/default.jpg,"https://iiif.perseus.tufts.edu/iiif/3/1990.21.0097/full/^800,/0/default.jpg","https://iiif.perseus.tufts.edu/iiif/3/1990.21.0097/full/^450,/0/default.jpg",Photograph by Maria Daniels,"Northeast corner of colonnade from NW, Aegina, Sanctuary, Temple of Aphaia",aa_5,https://iiif.perseus.tufts.edu/iiif/3/1990.21.0097,,,,,,,,,,,,,,,,,,,,,,,,,,,,,,,,,,,,,,,,,,,,,,,,,,,,,,,,,,,,,,,,,,,,,,,,,,,,,,,,,,,,,,,,,,,,,,,,,,
1990.21.0098,i1990210098,aa_5,"Detail of lower portion of NE corner columns from NW, Aegina, Sanctuary, Temple of Aphaia",image,image/jpeg,Image;StillImage,https://iiif.perseus.tufts.edu/iiif/3/1990.21.0098/full/max/0/default.jpg,"https://iiif.perseus.tufts.edu/iiif/3/1990.21.0098/full/^800,/0/default.jpg","https://iiif.perseus.tufts.edu/iiif/3/1990.21.0098/full/^450,/0/default.jpg",Photograph by Maria Daniels,"Detail of lower portion of NE corner columns from NW, Aegina, Sanctuary, Temple of Aphaia",aa_5,https://iiif.perseus.tufts.edu/iiif/3/1990.21.0098,,,,,,,,,,,,,,,,,,,,,,,,,,,,,,,,,,,,,,,,,,,,,,,,,,,,,,,,,,,,,,,,,,,,,,,,,,,,,,,,,,,,,,,,,,,,,,,,,,
1990.21.0099,i1990210099,aa_5,"Detail of N crepidoma blocks, from S, Aegina, Sanctuary, Temple of Aphaia",image,image/jpeg,Image;StillImage,https://iiif.perseus.tufts.edu/iiif/3/1990.21.0099/full/max/0/default.jpg,"https://iiif.perseus.tufts.edu/iiif/3/1990.21.0099/full/^800,/0/default.jpg","https://iiif.perseus.tufts.edu/iiif/3/1990.21.0099/full/^450,/0/default.jpg",Photograph by Maria Daniels,"Detail of N crepidoma blocks, from S, Aegina, Sanctuary, Temple of Aphaia",aa_5,https://iiif.perseus.tufts.edu/iiif/3/1990.21.0099,,,,,,,,,,,,,,,,,,,,,,,,,,,,,,,,,,,,,,,,,,,,,,,,,,,,,,,,,,,,,,,,,,,,,,,,,,,,,,,,,,,,,,,,,,,,,,,,,,
1990.21.0100,i1990210100,aa_5,"Detail of S cella colonnade and wall, from S, Aegina, Sanctuary, Temple of Aphaia",image,image/jpeg,Image;StillImage,https://iiif.perseus.tufts.edu/iiif/3/1990.21.0100/full/max/0/default.jpg,"https://iiif.perseus.tufts.edu/iiif/3/1990.21.0100/full/^800,/0/default.jpg","https://iiif.perseus.tufts.edu/iiif/3/1990.21.0100/full/^450,/0/default.jpg",Photograph by Maria Daniels,"Detail of S cella colonnade and wall, from S, Aegina, Sanctuary, Temple of Aphaia",aa_5,https://iiif.perseus.tufts.edu/iiif/3/1990.21.0100,,,,,,,,,,,,,,,,,,,,,,,,,,,,,,,,,,,,,,,,,,,,,,,,,,,,,,,,,,,,,,,,,,,,,,,,,,,,,,,,,,,,,,,,,,,,,,,,,,
1990.21.0101,i1990210101,aa_5,"Detail of entablature at SE corner, from below, Aegina, Sanctuary, Temple of Aphaia",image,image/jpeg,Image;StillImage,https://iiif.perseus.tufts.edu/iiif/3/1990.21.0101/full/max/0/default.jpg,"https://iiif.perseus.tufts.edu/iiif/3/1990.21.0101/full/^800,/0/default.jpg","https://iiif.perseus.tufts.edu/iiif/3/1990.21.0101/full/^450,/0/default.jpg",Photograph by Maria Daniels,"Detail of entablature at SE corner, from below, Aegina, Sanctuary, Temple of Aphaia",aa_5,https://iiif.perseus.tufts.edu/iiif/3/1990.21.0101,,,,,,,,,,,,,,,,,,,,,,,,,,,,,,,,,,,,,,,,,,,,,,,,,,,,,,,,,,,,,,,,,,,,,,,,,,,,,,,,,,,,,,,,,,,,,,,,,,
1990.21.0102,i1990210102,aa_5,"Detail of S colonnade column shafts and cella wall from S, Aegina, Sanctuary, Temple of Aphaia",image,image/jpeg,Image;StillImage,https://iiif.perseus.tufts.edu/iiif/3/1990.21.0102/full/max/0/default.jpg,"https://iiif.perseus.tufts.edu/iiif/3/1990.21.0102/full/^800,/0/default.jpg","https://iiif.perseus.tufts.edu/iiif/3/1990.21.0102/full/^450,/0/default.jpg",Photograph by Maria Daniels,"Detail of S colonnade column shafts and cella wall from S, Aegina, Sanctuary, Temple of Aphaia",aa_5,https://iiif.perseus.tufts.edu/iiif/3/1990.21.0102,,,,,,,,,,,,,,,,,,,,,,,,,,,,,,,,,,,,,,,,,,,,,,,,,,,,,,,,,,,,,,,,,,,,,,,,,,,,,,,,,,,,,,,,,,,,,,,,,,
1990.21.0103,i1990210103,aa_5,"Detail of S cella wall at SW corner, from S, Aegina, Sanctuary, Temple of Aphaia",image,image/jpeg,Image;StillImage,https://iiif.perseus.tufts.edu/iiif/3/1990.21.0103/full/max/0/default.jpg,"https://iiif.perseus.tufts.edu/iiif/3/1990.21.0103/full/^800,/0/default.jpg","https://iiif.perseus.tufts.edu/iiif/3/1990.21.0103/full/^450,/0/default.jpg",Photograph by Maria Daniels,"Detail of S cella wall at SW corner, from S, Aegina, Sanctuary, Temple of Aphaia",aa_5,https://iiif.perseus.tufts.edu/iiif/3/1990.21.0103,,,,,,,,,,,,,,,,,,,,,,,,,,,,,,,,,,,,,,,,,,,,,,,,,,,,,,,,,,,,,,,,,,,,,,,,,,,,,,,,,,,,,,,,,,,,,,,,,,
1990.21.0104,i1990210104,aa_5,"View between W columns and opisthodomos, from S, Aegina, Sanctuary, Temple of Aphaia",image,image/jpeg,Image;StillImage,https://iiif.perseus.tufts.edu/iiif/3/1990.21.0104/full/max/0/default.jpg,"https://iiif.perseus.tufts.edu/iiif/3/1990.21.0104/full/^800,/0/default.jpg","https://iiif.perseus.tufts.edu/iiif/3/1990.21.0104/full/^450,/0/default.jpg",Photograph by Maria Daniels,"View between W columns and opisthodomos, from S, Aegina, Sanctuary, Temple of Aphaia",aa_5,https://iiif.perseus.tufts.edu/iiif/3/1990.21.0104,,,,,,,,,,,,,,,,,,,,,,,,,,,,,,,,,,,,,,,,,,,,,,,,,,,,,,,,,,,,,,,,,,,,,,,,,,,,,,,,,,,,,,,,,,,,,,,,,,
1990.21.0105,i1990210105,aa_5,"Detail of crepidoma at SW corner, from SW, Aegina, Sanctuary, Temple of Aphaia",image,image/jpeg,Image;StillImage,https://iiif.perseus.tufts.edu/iiif/3/1990.21.0105/full/max/0/default.jpg,"https://iiif.perseus.tufts.edu/iiif/3/1990.21.0105/full/^800,/0/default.jpg","https://iiif.perseus.tufts.edu/iiif/3/1990.21.0105/full/^450,/0/default.jpg",Photograph by Maria Daniels,"Detail of crepidoma at SW corner, from SW, Aegina, Sanctuary, Temple of Aphaia",aa_5,https://iiif.perseus.tufts.edu/iiif/3/1990.21.0105,,,,,,,,,,,,,,,,,,,,,,,,,,,,,,,,,,,,,,,,,,,,,,,,,,,,,,,,,,,,,,,,,,,,,,,,,,,,,,,,,,,,,,,,,,,,,,,,,,
1990.21.0106,i1990210106,aa_5,"Detail of upper S cella columns from SW, Aegina, Sanctuary, Temple of Aphaia",image,image/jpeg,Image;StillImage,https://iiif.perseus.tufts.edu/iiif/3/1990.21.0106/full/max/0/default.jpg,"https://iiif.perseus.tufts.edu/iiif/3/1990.21.0106/full/^800,/0/default.jpg","https://iiif.perseus.tufts.edu/iiif/3/1990.21.0106/full/^450,/0/default.jpg",Photograph by Maria Daniels,"Detail of upper S cella columns from SW, Aegina, Sanctuary, Temple of Aphaia",aa_5,https://iiif.perseus.tufts.edu/iiif/3/1990.21.0106,,,,,,,,,,,,,,,,,,,,,,,,,,,,,,,,,,,,,,,,,,,,,,,,,,,,,,,,,,,,,,,,,,,,,,,,,,,,,,,,,,,,,,,,,,,,,,,,,,
1990.21.0107,i1990210107,aa_5,"Detail of N cella columns from W, Aegina, Sanctuary, Temple of Aphaia",image,image/jpeg,Image;StillImage,https://iiif.perseus.tufts.edu/iiif/3/1990.21.0107/full/max/0/default.jpg,"https://iiif.perseus.tufts.edu/iiif/3/1990.21.0107/full/^800,/0/default.jpg","https://iiif.perseus.tufts.edu/iiif/3/1990.21.0107/full/^450,/0/default.jpg",Photograph by Maria Daniels,"Detail of N cella columns from W, Aegina, Sanctuary, Temple of Aphaia",aa_5,https://iiif.perseus.tufts.edu/iiif/3/1990.21.0107,,,,,,,,,,,,,,,,,,,,,,,,,,,,,,,,,,,,,,,,,,,,,,,,,,,,,,,,,,,,,,,,,,,,,,,,,,,,,,,,,,,,,,,,,,,,,,,,,,
1990.21.0108,i1990210108,aa_5,"Detail of upper S cella columns from W, Aegina, Sanctuary, Temple of Aphaia",image,image/jpeg,Image;StillImage,https://iiif.perseus.tufts.edu/iiif/3/1990.21.0108/full/max/0/default.jpg,"https://iiif.perseus.tufts.edu/iiif/3/1990.21.0108/full/^800,/0/default.jpg","https://iiif.perseus.tufts.edu/iiif/3/1990.21.0108/full/^450,/0/default.jpg",Photograph by Maria Daniels,"Detail of upper S cella columns from W, Aegina, Sanctuary, Temple of Aphaia",aa_5,https://iiif.perseus.tufts.edu/iiif/3/1990.21.0108,,,,,,,,,,,,,,,,,,,,,,,,,,,,,,,,,,,,,,,,,,,,,,,,,,,,,,,,,,,,,,,,,,,,,,,,,,,,,,,,,,,,,,,,,,,,,,,,,,
1990.21.0109,i1990210109,aa_5,"Drain cut alongside N side of temple, from E, Aegina, Sanctuary, Temple of Aphaia",image,image/jpeg,Image;StillImage,https://iiif.perseus.tufts.edu/iiif/3/1990.21.0109/full/max/0/default.jpg,"https://iiif.perseus.tufts.edu/iiif/3/1990.21.0109/full/^800,/0/default.jpg","https://iiif.perseus.tufts.edu/iiif/3/1990.21.0109/full/^450,/0/default.jpg",Photograph by Maria Daniels,"Drain cut alongside N side of temple, from E, Aegina, Sanctuary, Temple of Aphaia",aa_5,https://iiif.perseus.tufts.edu/iiif/3/1990.21.0109,,,,,,,,,,,,,,,,,,,,,,,,,,,,,,,,,,,,,,,,,,,,,,,,,,,,,,,,,,,,,,,,,,,,,,,,,,,,,,,,,,,,,,,,,,,,,,,,,,
1990.21.0113,i1990210113,aa_5,"Detail of entrance to cella, from E, Aegina, Sanctuary, Temple of Aphaia",image,image/jpeg,Image;StillImage,https://iiif.perseus.tufts.edu/iiif/3/1990.21.0113/full/max/0/default.jpg,"https://iiif.perseus.tufts.edu/iiif/3/1990.21.0113/full/^800,/0/default.jpg","https://iiif.perseus.tufts.edu/iiif/3/1990.21.0113/full/^450,/0/default.jpg",Photograph by Maria Daniels,"Detail of entrance to cella, from E, Aegina, Sanctuary, Temple of Aphaia",aa_5,https://iiif.perseus.tufts.edu/iiif/3/1990.21.0113,,,,,,,,,,,,,,,,,,,,,,,,,,,,,,,,,,,,,,,,,,,,,,,,,,,,,,,,,,,,,,,,,,,,,,,,,,,,,,,,,,,,,,,,,,,,,,,,,,
1990.21.0114,i1990210114,aa_5,"Detail of pronaos columns from S-SE, Aegina, Sanctuary, Temple of Aphaia",image,image/jpeg,Image;StillImage,https://iiif.perseus.tufts.edu/iiif/3/1990.21.0114/full/max/0/default.jpg,"https://iiif.perseus.tufts.edu/iiif/3/1990.21.0114/full/^800,/0/default.jpg","https://iiif.perseus.tufts.edu/iiif/3/1990.21.0114/full/^450,/0/default.jpg",Photograph by Maria Daniels,"Detail of pronaos columns from S-SE, Aegina, Sanctuary, Temple of Aphaia",aa_5,https://iiif.perseus.tufts.edu/iiif/3/1990.21.0114,,,,,,,,,,,,,,,,,,,,,,,,,,,,,,,,,,,,,,,,,,,,,,,,,,,,,,,,,,,,,,,,,,,,,,,,,,,,,,,,,,,,,,,,,,,,,,,,,,
1990.21.0115,i1990210115,aa_5,"Detail of lower capitals of cella's S colonnade from W, Aegina, Sanctuary, Temple of Aphaia",image,image/jpeg,Image;StillImage,https://iiif.perseus.tufts.edu/iiif/3/1990.21.0115/full/max/0/default.jpg,"https://iiif.perseus.tufts.edu/iiif/3/1990.21.0115/full/^800,/0/default.jpg","https://iiif.perseus.tufts.edu/iiif/3/1990.21.0115/full/^450,/0/default.jpg",Photograph by Maria Daniels,"Detail of lower capitals of cella's S colonnade from W, Aegina, Sanctuary, Temple of Aphaia",aa_5,https://iiif.perseus.tufts.edu/iiif/3/1990.21.0115,,,,,,,,,,,,,,,,,,,,,,,,,,,,,,,,,,,,,,,,,,,,,,,,,,,,,,,,,,,,,,,,,,,,,,,,,,,,,,,,,,,,,,,,,,,,,,,,,,
1990.21.0116,i1990210116,aa_5,"Detail of entablature at W end of S colonnade, from E, Aegina, Sanctuary, Temple of Aphaia",image,image/jpeg,Image;StillImage,https://iiif.perseus.tufts.edu/iiif/3/1990.21.0116/full/max/0/default.jpg,"https://iiif.perseus.tufts.edu/iiif/3/1990.21.0116/full/^800,/0/default.jpg","https://iiif.perseus.tufts.edu/iiif/3/1990.21.0116/full/^450,/0/default.jpg",Photograph by Maria Daniels,"Detail of entablature at W end of S colonnade, from E, Aegina, Sanctuary, Temple of Aphaia",aa_5,https://iiif.perseus.tufts.edu/iiif/3/1990.21.0116,,,,,,,,,,,,,,,,,,,,,,,,,,,,,,,,,,,,,,,,,,,,,,,,,,,,,,,,,,,,,,,,,,,,,,,,,,,,,,,,,,,,,,,,,,,,,,,,,,
1990.21.0117,i1990210117,aa_5,"Detail of blocks in S cella wall, from SE, Aegina, Sanctuary, Temple of Aphaia",image,image/jpeg,Image;StillImage,https://iiif.perseus.tufts.edu/iiif/3/1990.21.0117/full/max/0/default.jpg,"https://iiif.perseus.tufts.edu/iiif/3/1990.21.0117/full/^800,/0/default.jpg","https://iiif.perseus.tufts.edu/iiif/3/1990.21.0117/full/^450,/0/default.jpg",Photograph by Maria Daniels,"Detail of blocks in S cella wall, from SE, Aegina, Sanctuary, Temple of Aphaia",aa_5,https://iiif.perseus.tufts.edu/iiif/3/1990.21.0117,,,,,,,,,,,,,,,,,,,,,,,,,,,,,,,,,,,,,,,,,,,,,,,,,,,,,,,,,,,,,,,,,,,,,,,,,,,,,,,,,,,,,,,,,,,,,,,,,,
1990.21.0118,i1990210118,aa_5,"Overall view of S side from S, Aegina, Sanctuary, Temple of Aphaia",image,image/jpeg,Image;StillImage,https://iiif.perseus.tufts.edu/iiif/3/1990.21.0118/full/max/0/default.jpg,"https://iiif.perseus.tufts.edu/iiif/3/1990.21.0118/full/^800,/0/default.jpg","https://iiif.perseus.tufts.edu/iiif/3/1990.21.0118/full/^450,/0/default.jpg",Photograph by Maria Daniels,"Overall view of S side from S, Aegina, Sanctuary, Temple of Aphaia",aa_5,https://iiif.perseus.tufts.edu/iiif/3/1990.21.0118,,,,,,,,,,,,,,,,,,,,,,,,,,,,,,,,,,,,,,,,,,,,,,,,,,,,,,,,,,,,,,,,,,,,,,,,,,,,,,,,,,,,,,,,,,,,,,,,,,
1990.21.0119,i1990210119,aa_5,"Overall view of S side from S, Aegina, Sanctuary, Temple of Aphaia",image,image/jpeg,Image;StillImage,https://iiif.perseus.tufts.edu/iiif/3/1990.21.0119/full/max/0/default.jpg,"https://iiif.perseus.tufts.edu/iiif/3/1990.21.0119/full/^800,/0/default.jpg","https://iiif.perseus.tufts.edu/iiif/3/1990.21.0119/full/^450,/0/default.jpg",Photograph by Maria Daniels,"Overall view of S side from S, Aegina, Sanctuary, Temple of Aphaia",aa_5,https://iiif.perseus.tufts.edu/iiif/3/1990.21.0119,,,,,,,,,,,,,,,,,,,,,,,,,,,,,,,,,,,,,,,,,,,,,,,,,,,,,,,,,,,,,,,,,,,,,,,,,,,,,,,,,,,,,,,,,,,,,,,,,,
1990.33.0011b,i1990330011b,aa_5,"Plan, Aegina, Temple of Aphaia",image,image/jpeg,Image;StillImage,https://iiif.perseus.tufts.edu/iiif/3/1990.33.0011b/full/max/0/default.jpg,"https://iiif.perseus.tufts.edu/iiif/3/1990.33.0011b/full/^800,/0/default.jpg","https://iiif.perseus.tufts.edu/iiif/3/1990.33.0011b/full/^450,/0/default.jpg","copyright C. H. Smith 1989, based on Weber (artist), in D. Ohly 1978 29 fig. 15","Plan, Aegina, Temple of Aphaia",aa_5,https://iiif.perseus.tufts.edu/iiif/3/1990.33.0011b,,,,,,,,,,,,,,,,,,,,,,,,,,,,,,,,,,,,,,,,,,,,,,,,,,,,,,,,,,,,,,,,,,,,,,,,,,,,,,,,,,,,,,,,,,,,,,,,,,
1990.33.0617a,i1990330617a,aa_5,"Capital profiles scaled to give uniform abacus height outer colonnade, pronaos, lower inner colonnade, upper inner colonnade, Aegina, Temple of Aphaia",image,image/jpeg,Image;StillImage,https://iiif.perseus.tufts.edu/iiif/3/1990.33.0617a/full/max/0/default.jpg,"https://iiif.perseus.tufts.edu/iiif/3/1990.33.0617a/full/^800,/0/default.jpg","https://iiif.perseus.tufts.edu/iiif/3/1990.33.0617a/full/^450,/0/default.jpg","copyright D.N. Smith 1989, drawn by R. Mattison based on A. Furtwngler, Aegina, in Coulton 1977 106 fig. 43","Capital profiles scaled to give uniform abacus height outer colonnade, pronaos, lower inner colonnade, upper inner colonnade, Aegina, Temple of Aphaia",aa_5,https://iiif.perseus.tufts.edu/iiif/3/1990.33.0617a,,,,,,,,,,,,,,,,,,,,,,,,,,,,,,,,,,,,,,,,,,,,,,,,,,,,,,,,,,,,,,,,,,,,,,,,,,,,,,,,,,,,,,,,,,,,,,,,,,
aa_88,aa_88,,"Bassae, Temple of Apollo",compound_object,compound_object,record,https://iiif.perseus.tufts.edu/iiif/3/1990.21.0188/full/max/0/default.jpg,"https://iiif.perseus.tufts.edu/iiif/3/1990.21.0188/full/^800,/0/default.jpg","https://iiif.perseus.tufts.edu/iiif/3/1990.21.0188/full/^450,/0/default.jpg",,,,,,,,,"<P>Doric, with three Corinthian capitals on the interior</P>",,,,Temple,,,,,,,,,Bassae,,,,-438.0,,,,,<P>38.24 m x 14.48 m</P>,,,-425,,,,,,,,,,,<P>Dedicated to Apollo Epicurius. Designed by the architect Ictinus. Among other unusual features of this temple is an interior Ionic frieze above the Ionic and Corinthian columns of the cella.</P>,,"1990.21.0188,1990.21.0189,1990.21.0190,1990.21.0191,1990.21.0192,1990.21.0193,1990.21.0199,1990.21.0200,1990.30.0135,1990.30.0136,1990.33.0108a","1990.21.0188,1990.21.0189,1990.21.0190,1990.21.0191,1990.21.0192,1990.21.0193,1990.21.0199,1990.21.0200,1990.30.0135,1990.30.0136,1990.33.0108a",,,,,,,Perseus,,,"Bassae, Temple of Apollo",,,,,,"<P><bibl>Rossiter 1981, 325-327</bibl>; <bibl>Dinsmoor 1975, 154-159</bibl>; <bibl>PECS, 145-146</bibl></P>",,,,Classical,40. Classical,,1.0,,,"<P>Doric peripteral temple, 6 x 15 columns, with cella (divided into 2 sections) having a pronaos and an opisthodomos, both distyle in antis. Unusual north-south orientation, but a door opening east from the adyton at the rear of the cella. A row of 5 Ionic semi-columns on each side of the cella, attached to the cella wall by spur walls. The southernmost pair of columns had spur walls at 45 degree angles to the cella wall and had Corinthian capitals, as did the column between them.</P>",,,,Arcadia,,,,,,,,,"<rs type=""sculpture"">London (520)</rs><rs type=""sculpture"">London 512</rs><rs type=""sculpture"">London 517</rs>",,,,,-450,ca.,,,Peripteral temple; built on a terrace on the side of Mt. Kotilion.,,,Building,,,
1990.21.0188,i1990210188,aa_88,"Conservation tent covering entire temple, from S, Bassae",image,image/jpeg,Image;StillImage,https://iiif.perseus.tufts.edu/iiif/3/1990.21.0188/full/max/0/default.jpg,"https://iiif.perseus.tufts.edu/iiif/3/1990.21.0188/full/^800,/0/default.jpg","https://iiif.perseus.tufts.edu/iiif/3/1990.21.0188/full/^450,/0/default.jpg",Photograph by Maria Daniels,"Conservation tent covering entire temple, from S, Bassae",aa_88,https://iiif.perseus.tufts.edu/iiif/3/1990.21.0188,,,,,,,,,,,,,,,,,,,,,,,,,,,,,,,,,,,,,,,,,,,,,,,,,,,,,,,,,,,,,,,,,,,,,,,,,,,,,,,,,,,,,,,,,,,,,,,,,,
1990.21.0189,i1990210189,aa_88,"Southwest corner of temple (color distortion inside tent) from SW, Bassae, Temple of Apollo",image,image/jpeg,Image;StillImage,https://iiif.perseus.tufts.edu/iiif/3/1990.21.0189/full/max/0/default.jpg,"https://iiif.perseus.tufts.edu/iiif/3/1990.21.0189/full/^800,/0/default.jpg","https://iiif.perseus.tufts.edu/iiif/3/1990.21.0189/full/^450,/0/default.jpg",Photograph by Maria Daniels,"Southwest corner of temple (color distortion inside tent) from SW, Bassae, Temple of Apollo",aa_88,https://iiif.perseus.tufts.edu/iiif/3/1990.21.0189,,,,,,,,,,,,,,,,,,,,,,,,,,,,,,,,,,,,,,,,,,,,,,,,,,,,,,,,,,,,,,,,,,,,,,,,,,,,,,,,,,,,,,,,,,,,,,,,,,
1990.21.0190,i1990210190,aa_88,"Northwest corner of temple, from NW, Bassae, Temple of Apollo",image,image/jpeg,Image;StillImage,https://iiif.perseus.tufts.edu/iiif/3/1990.21.0190/full/max/0/default.jpg,"https://iiif.perseus.tufts.edu/iiif/3/1990.21.0190/full/^800,/0/default.jpg","https://iiif.perseus.tufts.edu/iiif/3/1990.21.0190/full/^450,/0/default.jpg",Photograph by Maria Daniels,"Northwest corner of temple, from NW, Bassae, Temple of Apollo",aa_88,https://iiif.perseus.tufts.edu/iiif/3/1990.21.0190,,,,,,,,,,,,,,,,,,,,,,,,,,,,,,,,,,,,,,,,,,,,,,,,,,,,,,,,,,,,,,,,,,,,,,,,,,,,,,,,,,,,,,,,,,,,,,,,,,
1990.21.0191,i1990210191,aa_88,"Detail of W crepidoma, column bases and cella wall, from W, Bassae, Temple of Apollo",image,image/jpeg,Image;StillImage,https://iiif.perseus.tufts.edu/iiif/3/1990.21.0191/full/max/0/default.jpg,"https://iiif.perseus.tufts.edu/iiif/3/1990.21.0191/full/^800,/0/default.jpg","https://iiif.perseus.tufts.edu/iiif/3/1990.21.0191/full/^450,/0/default.jpg",Photograph by Maria Daniels,"Detail of W crepidoma, column bases and cella wall, from W, Bassae, Temple of Apollo",aa_88,https://iiif.perseus.tufts.edu/iiif/3/1990.21.0191,,,,,,,,,,,,,,,,,,,,,,,,,,,,,,,,,,,,,,,,,,,,,,,,,,,,,,,,,,,,,,,,,,,,,,,,,,,,,,,,,,,,,,,,,,,,,,,,,,
1990.21.0192,i1990210192,aa_88,"Entablature and column fragments stored on site, Bassae, Temple of Apollo",image,image/jpeg,Image;StillImage,https://iiif.perseus.tufts.edu/iiif/3/1990.21.0192/full/max/0/default.jpg,"https://iiif.perseus.tufts.edu/iiif/3/1990.21.0192/full/^800,/0/default.jpg","https://iiif.perseus.tufts.edu/iiif/3/1990.21.0192/full/^450,/0/default.jpg",Photograph by Maria Daniels,"Entablature and column fragments stored on site, Bassae, Temple of Apollo",aa_88,https://iiif.perseus.tufts.edu/iiif/3/1990.21.0192,,,,,,,,,,,,,,,,,,,,,,,,,,,,,,,,,,,,,,,,,,,,,,,,,,,,,,,,,,,,,,,,,,,,,,,,,,,,,,,,,,,,,,,,,,,,,,,,,,
1990.21.0193,i1990210193,aa_88,"Overall view of site from W (architectural elements and tent covering temple), Bassae, Temple of Apollo",image,image/jpeg,Image;StillImage,https://iiif.perseus.tufts.edu/iiif/3/1990.21.0193/full/max/0/default.jpg,"https://iiif.perseus.tufts.edu/iiif/3/1990.21.0193/full/^800,/0/default.jpg","https://iiif.perseus.tufts.edu/iiif/3/1990.21.0193/full/^450,/0/default.jpg",Photograph by Maria Daniels,"Overall view of site from W (architectural elements and tent covering temple), Bassae, Temple of Apollo",aa_88,https://iiif.perseus.tufts.edu/iiif/3/1990.21.0193,,,,,,,,,,,,,,,,,,,,,,,,,,,,,,,,,,,,,,,,,,,,,,,,,,,,,,,,,,,,,,,,,,,,,,,,,,,,,,,,,,,,,,,,,,,,,,,,,,
1990.21.0199,i1990210199,aa_88,"Column drums and frieze elements stored on site, Bassae, Temple of Apollo",image,image/jpeg,Image;StillImage,https://iiif.perseus.tufts.edu/iiif/3/1990.21.0199/full/max/0/default.jpg,"https://iiif.perseus.tufts.edu/iiif/3/1990.21.0199/full/^800,/0/default.jpg","https://iiif.perseus.tufts.edu/iiif/3/1990.21.0199/full/^450,/0/default.jpg",Photograph by Maria Daniels,"Column drums and frieze elements stored on site, Bassae, Temple of Apollo",aa_88,https://iiif.perseus.tufts.edu/iiif/3/1990.21.0199,,,,,,,,,,,,,,,,,,,,,,,,,,,,,,,,,,,,,,,,,,,,,,,,,,,,,,,,,,,,,,,,,,,,,,,,,,,,,,,,,,,,,,,,,,,,,,,,,,
1990.21.0200,i1990210200,aa_88,"Triglyphs and metopes of frieze stored on site, Bassae, Temple of Apollo",image,image/jpeg,Image;StillImage,https://iiif.perseus.tufts.edu/iiif/3/1990.21.0200/full/max/0/default.jpg,"https://iiif.perseus.tufts.edu/iiif/3/1990.21.0200/full/^800,/0/default.jpg","https://iiif.perseus.tufts.edu/iiif/3/1990.21.0200/full/^450,/0/default.jpg",Photograph by Maria Daniels,"Triglyphs and metopes of frieze stored on site, Bassae, Temple of Apollo",aa_88,https://iiif.perseus.tufts.edu/iiif/3/1990.21.0200,,,,,,,,,,,,,,,,,,,,,,,,,,,,,,,,,,,,,,,,,,,,,,,,,,,,,,,,,,,,,,,,,,,,,,,,,,,,,,,,,,,,,,,,,,,,,,,,,,
1990.30.0135,i1990300135,aa_88,"Aerial view of setting, Bassae, Temple of Apollo",image,image/jpeg,Image;StillImage,https://iiif.perseus.tufts.edu/iiif/3/1990.30.0135/full/max/0/default.jpg,"https://iiif.perseus.tufts.edu/iiif/3/1990.30.0135/full/^800,/0/default.jpg","https://iiif.perseus.tufts.edu/iiif/3/1990.30.0135/full/^450,/0/default.jpg","Photograph by Raymond V. Schoder, S.J., courtesy of Bolchazy-Carducci Publishers","Aerial view of setting, Bassae, Temple of Apollo",aa_88,https://iiif.perseus.tufts.edu/iiif/3/1990.30.0135,,,,,,,,,,,,,,,,,,,,,,,,,,,,,,,,,,,,,,,,,,,,,,,,,,,,,,,,,,,,,,,,,,,,,,,,,,,,,,,,,,,,,,,,,,,,,,,,,,
1990.30.0136,i1990300136,aa_88,"Aerial view of temple, from SE, Bassae, Temple of Apollo",image,image/jpeg,Image;StillImage,https://iiif.perseus.tufts.edu/iiif/3/1990.30.0136/full/max/0/default.jpg,"https://iiif.perseus.tufts.edu/iiif/3/1990.30.0136/full/^800,/0/default.jpg","https://iiif.perseus.tufts.edu/iiif/3/1990.30.0136/full/^450,/0/default.jpg","Photograph by Raymond V. Schoder, S.J., courtesy of Bolchazy-Carducci Publishers","Aerial view of temple, from SE, Bassae, Temple of Apollo",aa_88,https://iiif.perseus.tufts.edu/iiif/3/1990.30.0136,,,,,,,,,,,,,,,,,,,,,,,,,,,,,,,,,,,,,,,,,,,,,,,,,,,,,,,,,,,,,,,,,,,,,,,,,,,,,,,,,,,,,,,,,,,,,,,,,,
1990.33.0108a,i1990330108a,aa_88,"Plan, Bassae, Temple of Apollo",image,image/jpeg,Image;StillImage,https://iiif.perseus.tufts.edu/iiif/3/1990.33.0108a/full/max/0/default.jpg,"https://iiif.perseus.tufts.edu/iiif/3/1990.33.0108a/full/^800,/0/default.jpg","https://iiif.perseus.tufts.edu/iiif/3/1990.33.0108a/full/^450,/0/default.jpg","copyright C. H. Smith 1989, based on D.S. Robertson, Greek and Roman Architecture, 1943 fig. 58, in A.W. Lawrence 1983 232 fig. 203","Plan, Bassae, Temple of Apollo",aa_88,https://iiif.perseus.tufts.edu/iiif/3/1990.33.0108a,,,,,,,,,,,,,,,,,,,,,,,,,,,,,,,,,,,,,,,,,,,,,,,,,,,,,,,,,,,,,,,,,,,,,,,,,,,,,,,,,,,,,,,,,,,,,,,,,,
aa_95,aa_95,,"Corinth, Temple of Apollo",compound_object,compound_object,record,https://iiif.perseus.tufts.edu/iiif/3/1987.09.0415/full/max/0/default.jpg,"https://iiif.perseus.tufts.edu/iiif/3/1987.09.0415/full/^800,/0/default.jpg","https://iiif.perseus.tufts.edu/iiif/3/1987.09.0415/full/^450,/0/default.jpg",,,,,,,,,,,,,Temple,,,,,,,,,Corinth,,,,-540.0,,,,,<P>Column shaft height: ca. 4 m; column base diameter: ca. 1.9 m.</P>,,,,,,,,,,,,,,"<P>This temple replaces an earlier temple, ca. 625 B.C., on the same location.</P>",,"1987.09.0415,1987.09.0417,1987.09.0421,1987.09.2243,1987.09.2244,1987.09.2245,1990.30.0063,1990.30.0149,1990.33.0120a","1987.09.0415,1987.09.0417,1987.09.0421,1987.09.2243,1987.09.2244,1987.09.2245,1990.30.0063,1990.30.0149,1990.33.0120a",,,,,,,Perseus,,,"Corinth, Temple of Apollo",,,,,,"<P><bibl>PECS, 240-241</bibl>; <bibl>Dinsmoor 1975, 89-90</bibl>; <bibl>Rossiter 1981, 241-242</bibl></P>",,,,Archaic,25. Archaic,,1.0,,,"<P>Doric peripteral temple, 6 x 15 columns. Double cella, one opening west, one opening east, with no door adjoining the 2 rooms. Each cella had 2 rows of columns and a pronaos which was distyle in antis. A total of 38 columns.</P>",,,,Corinthia,,,,,,,,,,,,,,,,,,Peripteral temple; in the Sanctuary of Apollo.,,,Building,-540,ca.,
1987.09.0415,i1987090415,aa_95,"Overall view from SW, Corinth, Temple of Apollo",image,image/jpeg,Image;StillImage,https://iiif.perseus.tufts.edu/iiif/3/1987.09.0415/full/max/0/default.jpg,"https://iiif.perseus.tufts.edu/iiif/3/1987.09.0415/full/^800,/0/default.jpg","https://iiif.perseus.tufts.edu/iiif/3/1987.09.0415/full/^450,/0/default.jpg","Photograph courtesy of the Archaeological Institute of America, Saul S. Weinberg Collection","Overall view from SW, Corinth, Temple of Apollo",aa_95,https://iiif.perseus.tufts.edu/iiif/3/1987.09.0415,,,,,,,,,,,,,,,,,,,,,,,,,,,,,,,,,,,,,,,,,,,,,,,,,,,,,,,,,,,,,,,,,,,,,,,,,,,,,,,,,,,,,,,,,,,,,,,,,,
1987.09.0417,i1987090417,aa_95,"Overall view from NE with Acrocorinth in background, Corinth, Temple of Apollo",image,image/jpeg,Image;StillImage,https://iiif.perseus.tufts.edu/iiif/3/1987.09.0417/full/max/0/default.jpg,"https://iiif.perseus.tufts.edu/iiif/3/1987.09.0417/full/^800,/0/default.jpg","https://iiif.perseus.tufts.edu/iiif/3/1987.09.0417/full/^450,/0/default.jpg","Photograph courtesy of the Department of Archaeology, Boston University, Saul S. Weinberg Collection","Overall view from NE with Acrocorinth in background, Corinth, Temple of Apollo",aa_95,https://iiif.perseus.tufts.edu/iiif/3/1987.09.0417,,,,,,,,,,,,,,,,,,,,,,,,,,,,,,,,,,,,,,,,,,,,,,,,,,,,,,,,,,,,,,,,,,,,,,,,,,,,,,,,,,,,,,,,,,,,,,,,,,
1987.09.0421,i1987090421,aa_95,"West end of colonnade from N, Corinth, Temple of Apollo",image,image/jpeg,Image;StillImage,https://iiif.perseus.tufts.edu/iiif/3/1987.09.0421/full/max/0/default.jpg,"https://iiif.perseus.tufts.edu/iiif/3/1987.09.0421/full/^800,/0/default.jpg","https://iiif.perseus.tufts.edu/iiif/3/1987.09.0421/full/^450,/0/default.jpg","Photograph courtesy of the Department of Archaeology, Boston University, Saul S. Weinberg Collection","West end of colonnade from N, Corinth, Temple of Apollo",aa_95,https://iiif.perseus.tufts.edu/iiif/3/1987.09.0421,,,,,,,,,,,,,,,,,,,,,,,,,,,,,,,,,,,,,,,,,,,,,,,,,,,,,,,,,,,,,,,,,,,,,,,,,,,,,,,,,,,,,,,,,,,,,,,,,,
1987.09.2243,i1987092243,aa_95,"Distant overall view from S, Corinth, Temple of Apollo",image,image/jpeg,Image;StillImage,https://iiif.perseus.tufts.edu/iiif/3/1987.09.2243/full/max/0/default.jpg,"https://iiif.perseus.tufts.edu/iiif/3/1987.09.2243/full/^800,/0/default.jpg","https://iiif.perseus.tufts.edu/iiif/3/1987.09.2243/full/^450,/0/default.jpg","Photograph courtesy of the Department of Archaeology, Boston University, Saul S. Weinberg Collection","Distant overall view from S, Corinth, Temple of Apollo",aa_95,https://iiif.perseus.tufts.edu/iiif/3/1987.09.2243,,,,,,,,,,,,,,,,,,,,,,,,,,,,,,,,,,,,,,,,,,,,,,,,,,,,,,,,,,,,,,,,,,,,,,,,,,,,,,,,,,,,,,,,,,,,,,,,,,
1987.09.2244,i1987092244,aa_95,"Detail of capitals and architrave, Corinth, Temple of Apollo",image,image/jpeg,Image;StillImage,https://iiif.perseus.tufts.edu/iiif/3/1987.09.2244/full/max/0/default.jpg,"https://iiif.perseus.tufts.edu/iiif/3/1987.09.2244/full/^800,/0/default.jpg","https://iiif.perseus.tufts.edu/iiif/3/1987.09.2244/full/^450,/0/default.jpg","Photograph courtesy of the Department of Archaeology, Boston University, Saul S. Weinberg Collection","Detail of capitals and architrave, Corinth, Temple of Apollo",aa_95,https://iiif.perseus.tufts.edu/iiif/3/1987.09.2244,,,,,,,,,,,,,,,,,,,,,,,,,,,,,,,,,,,,,,,,,,,,,,,,,,,,,,,,,,,,,,,,,,,,,,,,,,,,,,,,,,,,,,,,,,,,,,,,,,
1987.09.2245,i1987092245,aa_95,"Detail of Doric capital, Corinth, Temple of Apollo",image,image/jpeg,Image;StillImage,https://iiif.perseus.tufts.edu/iiif/3/1987.09.2245/full/max/0/default.jpg,"https://iiif.perseus.tufts.edu/iiif/3/1987.09.2245/full/^800,/0/default.jpg","https://iiif.perseus.tufts.edu/iiif/3/1987.09.2245/full/^450,/0/default.jpg","Photograph courtesy of the Department of Archaeology, Boston University, Saul S. Weinberg Collection","Detail of Doric capital, Corinth, Temple of Apollo",aa_95,https://iiif.perseus.tufts.edu/iiif/3/1987.09.2245,,,,,,,,,,,,,,,,,,,,,,,,,,,,,,,,,,,,,,,,,,,,,,,,,,,,,,,,,,,,,,,,,,,,,,,,,,,,,,,,,,,,,,,,,,,,,,,,,,
1990.30.0063,i1990300063,aa_95,"Aerial view of Central area, from NW, Corinth, Temple of Apollo",image,image/jpeg,Image;StillImage,https://iiif.perseus.tufts.edu/iiif/3/1990.30.0063/full/max/0/default.jpg,"https://iiif.perseus.tufts.edu/iiif/3/1990.30.0063/full/^800,/0/default.jpg","https://iiif.perseus.tufts.edu/iiif/3/1990.30.0063/full/^450,/0/default.jpg","Photograph by Raymond V. Schoder, S.J., courtesy of Bolchazy-Carducci Publishers","Aerial view of Central area, from NW, Corinth, Temple of Apollo",aa_95,https://iiif.perseus.tufts.edu/iiif/3/1990.30.0063,,,,,,,,,,,,,,,,,,,,,,,,,,,,,,,,,,,,,,,,,,,,,,,,,,,,,,,,,,,,,,,,,,,,,,,,,,,,,,,,,,,,,,,,,,,,,,,,,,
1990.30.0149,i1990300149,"aa_95,aa_3888","Aerial view from N, detail of excavated area, including Agora and Theater, Corinth, Temple of Apollo",image,image/jpeg,Image;StillImage,https://iiif.perseus.tufts.edu/iiif/3/1990.30.0149/full/max/0/default.jpg,"https://iiif.perseus.tufts.edu/iiif/3/1990.30.0149/full/^800,/0/default.jpg","https://iiif.perseus.tufts.edu/iiif/3/1990.30.0149/full/^450,/0/default.jpg","Photograph by Raymond V. Schoder, S.J., courtesy of Bolchazy-Carducci Publishers","Aerial view from N, detail of excavated area, including Agora and Theater, Corinth, Temple of Apollo","aa_95,aa_3888",https://iiif.perseus.tufts.edu/iiif/3/1990.30.0149,,,,,,,,,,,,,,,,,,,,,,,,,,,,,,,,,,,,,,,,,,,,,,,,,,,,,,,,,,,,,,,,,,,,,,,,,,,,,,,,,,,,,,,,,,,,,,,,,,
1990.33.0120a,i1990330120a,aa_95,"Plan, Corinth, Temple of Apollo",image,image/jpeg,Image;StillImage,https://iiif.perseus.tufts.edu/iiif/3/1990.33.0120a/full/max/0/default.jpg,"https://iiif.perseus.tufts.edu/iiif/3/1990.33.0120a/full/^800,/0/default.jpg","https://iiif.perseus.tufts.edu/iiif/3/1990.33.0120a/full/^450,/0/default.jpg","copyright D. Neel Smith 1989, drawn by M. W. Cutler based on H. Berve, G. Gruben and M. Hirmer, Griechische Tempel und Heiligtmer, Munich 1961, in Gruben 1966 95 fig. 90","Plan, Corinth, Temple of Apollo",aa_95,https://iiif.perseus.tufts.edu/iiif/3/1990.33.0120a,,,,,,,,,,,,,,,,,,,,,,,,,,,,,,,,,,,,,,,,,,,,,,,,,,,,,,,,,,,,,,,,,,,,,,,,,,,,,,,,,,,,,,,,,,,,,,,,,,
aa_224,aa_224,,"Epidauros, Temple of Apollo",compound_object,compound_object,record,https://iiif.perseus.tufts.edu/iiif/3/1990.30.0029/full/max/0/default.jpg,"https://iiif.perseus.tufts.edu/iiif/3/1990.30.0029/full/^800,/0/default.jpg","https://iiif.perseus.tufts.edu/iiif/3/1990.30.0029/full/^450,/0/default.jpg",,,,,,,,,,,,,Temple,,,,,,,,,Epidauros,,,,-350.0,,,,,,,,,,,,,,,,,,,,,"1990.30.0029,1990.33.0199a","1990.30.0029,1990.33.0199a",,,,,,,Perseus,,,"Epidauros, Temple of Apollo",,,,,,"<P><bibl>Faraklas 1972, 48</bibl></P>",,,,Late Classical,45. Late Classical,,1.0,,,"<P>Small cella opening east onto a pronaos, distyle in antis. Adyton at the west end of the cella and a ramp on the east.</P>",,,,Argolid,,,,,,,,,,,,,,,,,,"Temple; southwest of the Stoa of Apollo Maleatas, in the Sanctuary of Apollo Maleatas.",,,Building,-350,ca.,
1990.30.0029,i1990300029,"aa_203,aa_207,aa_209,aa_210,aa_211,aa_217,aa_223,aa_224,aa_225,aa_228,aa_229,aa_3895","Aerial view of site, from N, Epidauros, Abaton (Dormitory), Anakeion, Fountainhouse, Gymnasium, Katagogeion, Northeast Stoa, Propylon, Temple of Aphrodite (Temple L), Temple of Apollo, Temple of Artemis, Theater, Tholos",image,image/jpeg,Image;StillImage,https://iiif.perseus.tufts.edu/iiif/3/1990.30.0029/full/max/0/default.jpg,"https://iiif.perseus.tufts.edu/iiif/3/1990.30.0029/full/^800,/0/default.jpg","https://iiif.perseus.tufts.edu/iiif/3/1990.30.0029/full/^450,/0/default.jpg","Photograph by Raymond V. Schoder, S.J., courtesy of Bolchazy-Carducci Publishers","Aerial view of site, from N, Epidauros, Abaton (Dormitory), Anakeion, Fountainhouse, Gymnasium, Katagogeion, Northeast Stoa, Propylon, Temple of Aphrodite (Temple L), Temple of Apollo, Temple of Artemis, Theater, Tholos","aa_203,aa_207,aa_209,aa_210,aa_211,aa_217,aa_223,aa_224,aa_225,aa_228,aa_229,aa_3895",https://iiif.perseus.tufts.edu/iiif/3/1990.30.0029,,,,,,,,,,,,,,,,,,,,,,,,,,,,,,,,,,,,,,,,,,,,,,,,,,,,,,,,,,,,,,,,,,,,,,,,,,,,,,,,,,,,,,,,,,,,,,,,,,
1990.33.0199a,i1990330199a,aa_224,"Plan, Epidauros, Temple of Apollo",image,image/jpeg,Image;StillImage,https://iiif.perseus.tufts.edu/iiif/3/1990.33.0199a/full/max/0/default.jpg,"https://iiif.perseus.tufts.edu/iiif/3/1990.33.0199a/full/^800,/0/default.jpg","https://iiif.perseus.tufts.edu/iiif/3/1990.33.0199a/full/^450,/0/default.jpg","copyright C. H. Smith 1989, based on Inscriptiones Graecae IV 1 plate 3, in N.D. Papachadzi 1976 214 fig. 243","Plan, Epidauros, Temple of Apollo",aa_224,https://iiif.perseus.tufts.edu/iiif/3/1990.33.0199a,,,,,,,,,,,,,,,,,,,,,,,,,,,,,,,,,,,,,,,,,,,,,,,,,,,,,,,,,,,,,,,,,,,,,,,,,,,,,,,,,,,,,,,,,,,,,,,,,,
aa_242,aa_242,,"Halikarnassos, Maussolleion",compound_object,compound_object,record,https://iiif.perseus.tufts.edu/iiif/3/1993.01.0579/full/max/0/default.jpg,"https://iiif.perseus.tufts.edu/iiif/3/1993.01.0579/full/^800,/0/default.jpg","https://iiif.perseus.tufts.edu/iiif/3/1993.01.0579/full/^450,/0/default.jpg",,,,,,,Pytheos and Satyros,"<P>attributed to, by <bibl n=""Vitr. 7 praef. 12-13"">Vitruvius De Arch. VII praef. 12-13</bibl>.</P>",<P>Ionic.</P>,,,,Mausoleum,,,,,,,,,Halikarnassos,,,"<P>Known dates of the life and career of Mausolus and Artemisia; evidence of careers of the sculptors Skopas, Timotheos, Leochares, and, with less certainty, Bryaxis; if the architect Pytheos is to be associated with the Mausoleum, as ancient sources attest and as is generally accepted, he would have worked on the Mausoleum before completing the <rs type=""building"">Temple of Athena at Priene</rs>.</P>",-348.0,,,,,"<P>Dimensions of peribolos or temenos enclosure 105 m. x 242.5 m.; dimensions of podium at base 38.4 x 32.5 m.; dimensions of stylobate of pteron (= top of podium) 32 m. x 26 m. (thus the podium contracted between base and summit, through the use of steps). Height of central colonnaded element 12 m. Interaxial spacing of colonnade ca. 3 m. Height of pedestal at apex of pyramid, including chariot: 6.6 m. Total height of monument 57.6 m. A further note on the dimensions: according to Pliny, the height of the structure was 44.80 m. or 140 feet, based on a foot measure of 32 cm. There are inconsistencies in Pliny's text, however, and the archaeological evidence is more consistent with a basic module of 30 cm.</P>","<bibl n=""Pliny NH 36 30-1"">Pliny NH 36 30-1</bibl>;<bibl n=""Paus. 8.16.4"">Paus. 8.16.4</bibl>;<bibl n=""Strabo 14.656"">Strabo 14.656</bibl>;<bibl n=""Martial 1.1"">Martial 1.1</bibl>.",,-340,ca.,Sarah Cormack,,,,,,,,,"<P>The Maussolleion was the burial location of the Carian dynast Mausolus, who died in 353/2 B.C. Literary sources attribute the construction of the tomb to Mausolus' wife and sister Artemisia (<bibl n=""Strabo 14.2.16"">Strabo 14.2.16</bibl>; <bibl n=""Pliny, NH 36.30"">Pliny, NH 36.30</bibl>). Since, however, Artemisia ruled for only two years after Mausolus' death and was dead herself by 351/0 B.C., this does not allow enough time for such a monumental undertaking, and suggests that the [...]",,1993.01.0579,1993.01.0579,,,,,,,Perseus,,,"Halikarnassos, Maussolleion",,,,,,"<P><bibl>Newton 1862</bibl>; <bibl>Dinsmoor 1908, 3ff., 141ff</bibl>; <bibl>Krischen 1956, 72 ff</bibl>; <bibl>Jeppesen 1958, 1-67</bibl>; <bibl>Jeppesen 1961, 218ff</bibl>; <bibl>Jeppesen 1967, 29ff</bibl>; <bibl>Vermeule 1968b, 223</bibl>; <bibl>Jeppesen 1974, 735 ff</bibl>; <bibl>Dinsmoor 1975, 71-74</bibl>; <bibl>Jeppesen 1976, 47-99</bibl>; <bibl>Jeppesen 1977/78, 169-211</bibl>; <bibl>Waywell 1978</bibl>; <bibl>Jeppesen 1981, 9-110</bibl>; <bibl>Hornblower 1982, 223-274</bibl>; [...]",<P>The sculptural display of the Maussolleion is restored as follows (in broad outline): on the lower parapet or step of the podium stood life-size groups and single figures representing fighting warriors on horseback and on foot; on the upper parapet of the podium were represented hunting scenes and a sacrificial procession. Crowning the podium was a marble relief frieze representing an Amazonomachy. In the intercolumniations of the cella were free-standing sculptures; a relief depicting [...],,,Late Classical,45. Late Classical,,2.0,,,"<P>The Maussolleion was rectangular in ground plan, and was designed to be situated in a walled temenos enclosure entered through a propylon in the east wall. Recent reconstructions of the tomb show a two- or three-stepped podium supporting a pteron of nine by eleven columns. The roof of the Maussolleion consisted of a pyramid of twenty-four steps, surmounted by a statue base supporting the crowning element of quadriga and statuary. The building was decorated with much free-standing and relief sculpture, carried out by Skopas, Bryaxis, Leochares and Timotheos, and was known as one of the Seven Wonders of the Ancient World.</P>",,,,Caria,,,,,,,,,"<rs type=""sculpture"">London 1000</rs><rs type=""sculpture"">London 1001</rs><rs type=""sculpture"">London 1002</rs><rs type=""sculpture"">London (1008)</rs>",,,,,-355,ca.,,,"Monumental tomb structure with interior tomb chamber, tall podium, peristyle, and pyramidal roof.",,,Building,,,
1993.01.0579,i1993010579,aa_242,"Reconstruction drawing of the Maussolleion, by Andrew Stewart and Candace Smith, Halikarnassos",image,image/jpeg,Image;StillImage,https://iiif.perseus.tufts.edu/iiif/3/1993.01.0579/full/max/0/default.jpg,"https://iiif.perseus.tufts.edu/iiif/3/1993.01.0579/full/^800,/0/default.jpg","https://iiif.perseus.tufts.edu/iiif/3/1993.01.0579/full/^450,/0/default.jpg","Drawing by Candace Smith, from Stewart 1990, fig. 524","Reconstruction drawing of the Maussolleion, by Andrew Stewart and Candace Smith, Halikarnassos",aa_242,https://iiif.perseus.tufts.edu/iiif/3/1993.01.0579,,,,,,,,,,,,,,,,,,,,,,,,,,,,,,,,,,,,,,,,,,,,,,,,,,,,,,,,,,,,,,,,,,,,,,,,,,,,,,,,,,,,,,,,,,,,,,,,,,
aa_260,aa_260,,"Miletus, Temple of Athena",compound_object,compound_object,record,,,,,,,,,,,,"<P>Ionic. A fragment of an Ionic capital showed that the capitals retained the archaic feature of a convex <hi rend=""ital"">canalis</hi>; the capitals also were without abaci.</P>",,,,Temple,,,,,,,,,Miletus,,,"<P>An inscription on an archaic building block refers to the cult of Athena at the site: <bibl>von Gerkan 1925, 52-53</bibl>. The evidence for the date of the Classical temple is fairly tenuous, but is based on the style of the fragment of an Ionic capital (now lost), the style of the ovolo molding from the fragment of an architrave block, and the overall archaeological evidence which suggests that the reorientation of the temple was influenced by the new grid plan of the city. Furthermore, the Hellenistic building activity which encroached on the Athena temenos to the west and north provides a <hi rend=""ital"">terminus ante quem</hi> for the temenos.</P>",-465.0,,,,,"<P>Dimensions of stylobate 17.20 m. x 28.20 m.; probable intercolumniation 2.09 m. Dimensions of cella ca. 15.80 m. x 9.20 m.; depth of pronaos ca. 6.28 m. Remains of the older, archaic temple indicate that the pronaos was ca. 5.90 m. wide.</P>",,,-450,ca.,Sarah Cormack,,,,,,,,,"<P>Finds in the area such as pottery, votives of bronze and terracotta, and bronze griffin protomes indicate that a sanctuary or cult center to Athena existed here from at least the archaic period, if not even earlier. Buildings of the Mycenaean and archaic period (houses?) are attested in the vicinity, but their relationship to the temple is unclear. In the archaic period (7th c. B.C.) a smaller temple to Athena was erected on the site, oriented east-west; this was destroyed when the [...]",,,,,,,,,,Perseus,,,"Miletus, Temple of Athena",,,,,,"<P><bibl>von Gerkan 1925, 52-73</bibl>; <bibl>Weickert 1957, 102-132</bibl>; <bibl>Weickert 1959/60, 1-96</bibl>; <bibl>Kleiner 1968, 36-40, figs. 19-21</bibl>; <bibl>Mallwitz & Schiering 1968, 87-160</bibl>; <bibl>Dinsmoor 1975, 136-7</bibl>; <bibl>Mallwitz 1975, 67-90</bibl>.</P>","<P>Although there is very little of the temple preserved beyond the foundations, Mallwitz's reconstruction of the temple as an Ionic pseudodipteral temple with dipteral facade, on a two- or three-stepped stylobate, seems much more convincing than von Gerkan's reconstruction of the temple with 6 x 10 columns and a frontal staircase. A podium temple with frontal steps would be unusual at this early date, whereas Mallwitz's reconstruction not only is supported by the proportions of the [...]",,,Classical,40. Classical,,2.0,,,"<P>Only the foundations of the temple are preserved. Its reconstruction is, therefore, hypothetical, and is based on probable proportions and assumed relationship to the foundation walls, rather than on the evidence of preserved architectural elements. The most recent proposal restores the groundplan as follows: above a massive terraced structure stood the temple, with cella, deep pronaos, and peristyle of Ionic columns. The temple was distyle in antis, with a dipteral facade of eight columns, and fourteen columns along the flanks. The earlier reconstruction showing the temple as 6 x 10 with a tall podium and frontal steps (<bibl>von Gerkan 1925</bibl>) is probably incorrect.</P>",,,,Ionia,,,,,,,,,"<rs type=""sculpture"">Berlin 1631</rs>",,,,,-480,ca.,,,"Peripteral Ionic temple in south-west of city, constructed on a terrace; unusual north-south orientation.",,,Building,,,
aa_611,aa_611,,Dewing 1857,compound_object,compound_object,record,https://iiif.perseus.tufts.edu/iiif/3/1990.26.0363/full/max/0/default.jpg,"https://iiif.perseus.tufts.edu/iiif/3/1990.26.0363/full/^800,/0/default.jpg","https://iiif.perseus.tufts.edu/iiif/3/1990.26.0363/full/^450,/0/default.jpg",,,,,,12.21,,,,,,,,,,Arthur S. Dewing Collection,"<P>Acq. 1945. See Seltman, C.T., The Temple Coins of Olympia (Cambridge, 1921), 32 (obv. W).</P>",,,,,Elis,,,,-446.0,,Stater,,270 degrees,,,,-422,ca.,Sylvia Hurter,,,,,,,,,,,"1990.26.0363,1990.26.0364","1990.26.0363,1990.26.0364",,,,,,,Perseus,Silver,,Dewing 1857,,,"Eagle flying to the right, tearing a hare",,,,,,,Classical,40. Classical,,1.0,,,,,,,Elis,,,"Nike advancing to the right, holding two wreaths",,,,,,,,,,,-471,ca.,,,,,,Coin,,,
1990.26.0363,i1990260363,aa_611,"Obverse: Eagle flying to the right, tearing a hare",image,image/jpeg,Image;StillImage,https://iiif.perseus.tufts.edu/iiif/3/1990.26.0363/full/max/0/default.jpg,"https://iiif.perseus.tufts.edu/iiif/3/1990.26.0363/full/^800,/0/default.jpg","https://iiif.perseus.tufts.edu/iiif/3/1990.26.0363/full/^450,/0/default.jpg","Photograph by Maria Daniels, courtesy of the Dewing Greek Numismatic Foundation","Obverse: Eagle flying to the right, tearing a hare",aa_611,https://iiif.perseus.tufts.edu/iiif/3/1990.26.0363,,,,,,,,,,,,,,,,,,,,,,,,,,,,,,,,,,,,,,,,,,,,,,,,,,,,,,,,,,,,,,,,,,,,,,,,,,,,,,,,,,,,,,,,,,,,,,,,,,
1990.26.0364,i1990260364,aa_611,"Reverse: Nike advancing to the right, holding two wreaths",image,image/jpeg,Image;StillImage,https://iiif.perseus.tufts.edu/iiif/3/1990.26.0364/full/max/0/default.jpg,"https://iiif.perseus.tufts.edu/iiif/3/1990.26.0364/full/^800,/0/default.jpg","https://iiif.perseus.tufts.edu/iiif/3/1990.26.0364/full/^450,/0/default.jpg","Photograph by Maria Daniels, courtesy of the Dewing Greek Numismatic Foundation","Reverse: Nike advancing to the right, holding two wreaths",aa_611,https://iiif.perseus.tufts.edu/iiif/3/1990.26.0364,,,,,,,,,,,,,,,,,,,,,,,,,,,,,,,,,,,,,,,,,,,,,,,,,,,,,,,,,,,,,,,,,,,,,,,,,,,,,,,,,,,,,,,,,,,,,,,,,,
aa_948,aa_948,,Dewing 1644,compound_object,compound_object,record,https://iiif.perseus.tufts.edu/iiif/3/1990.26.0111/full/max/0/default.jpg,"https://iiif.perseus.tufts.edu/iiif/3/1990.26.0111/full/^800,/0/default.jpg","https://iiif.perseus.tufts.edu/iiif/3/1990.26.0111/full/^450,/0/default.jpg",,,,,,0,,,,,,,,,,Arthur S. Dewing Collection,,,,,,,,,,,,,,,,,,,,,,,,,,,,,,,"1990.26.0111,1990.26.0112","1990.26.0111,1990.26.0112",,,,,,,Perseus,,,Dewing 1644,,,,,,,,,,,,,-7.0,,,,,,,,,,,,,,,,,,,,,,,,,,,,Coin,,,
1990.26.0111,i1990260111,aa_948,"Obverse: Helmeted head of Athena, profile to the right",image,image/jpeg,Image;StillImage,https://iiif.perseus.tufts.edu/iiif/3/1990.26.0111/full/max/0/default.jpg,"https://iiif.perseus.tufts.edu/iiif/3/1990.26.0111/full/^800,/0/default.jpg","https://iiif.perseus.tufts.edu/iiif/3/1990.26.0111/full/^450,/0/default.jpg","Photograph by Maria Daniels, courtesy of the Dewing Greek Numismatic Foundation","Obverse: Helmeted head of Athena, profile to the right",aa_948,https://iiif.perseus.tufts.edu/iiif/3/1990.26.0111,,,,,,,,,,,,,,,,,,,,,,,,,,,,,,,,,,,,,,,,,,,,,,,,,,,,,,,,,,,,,,,,,,,,,,,,,,,,,,,,,,,,,,,,,,,,,,,,,,
1990.26.0112,i1990260112,aa_948,"Reverse: Owl standing profile to the right on an amphora; in right field, trophy on prow; all within olive wreath",image,image/jpeg,Image;StillImage,https://iiif.perseus.tufts.edu/iiif/3/1990.26.0112/full/max/0/default.jpg,"https://iiif.perseus.tufts.edu/iiif/3/1990.26.0112/full/^800,/0/default.jpg","https://iiif.perseus.tufts.edu/iiif/3/1990.26.0112/full/^450,/0/default.jpg","Photograph by Maria Daniels, courtesy of the Dewing Greek Numismatic Foundation","Reverse: Owl standing profile to the right on an amphora; in right field, trophy on prow; all within olive wreath",aa_948,https://iiif.perseus.tufts.edu/iiif/3/1990.26.0112,,,,,,,,,,,,,,,,,,,,,,,,,,,,,,,,,,,,,,,,,,,,,,,,,,,,,,,,,,,,,,,,,,,,,,,,,,,,,,,,,,,,,,,,,,,,,,,,,,
aa_1431,aa_1431,,Boston 64.193,compound_object,compound_object,record,https://iiif.perseus.tufts.edu/iiif/3/1997.03.1225/full/max/0/default.jpg,"https://iiif.perseus.tufts.edu/iiif/3/1997.03.1225/full/^800,/0/default.jpg","https://iiif.perseus.tufts.edu/iiif/3/1997.03.1225/full/^450,/0/default.jpg",,,,,,8.79 g.,,,,,,,,,,"Museum of Fine Arts, Boston",,"Imperial bronze follis, silvered",hoard,,,Ticinum,,,,0.0,,Follis,,5,27 mm.,,Theodora Wilbour Fund in Memory of Zo Wilbour,305,exact,Alan E. Kaiser,,,,,,,,,,,"1997.03.1225,1997.03.1226","1997.03.1225,1997.03.1226",,,,,,Galerius Maximianus,Perseus,Bronze,,Boston 64.193,,MAXIMIANVS NOB CAES (around),"Within a dotted circle, the laureate head of Galerius Maximianus, bearded, facing right",,,,,,,Tetrarchic,74. Tetrarchic,,4.0,,,,,,,,,SACRA MONET AVGG ET CAESS NOSTR (around); ST (in exergue),"Within a dotted circle, Moneta (the personification of the mint) standing in 3/4-view to the left. She holds scales in her right hand and a cornucopia in her left arm.",,,,,,,,,,"<bibl>Robertson 1982, 51, no. 13, pl. 16</bibl>",294,ca.,,,,,,Coin,,,
1997.03.1225,i1997031225,aa_1431,Obverse: Laureate bust of Galerius,image,image/jpeg,Image;StillImage,https://iiif.perseus.tufts.edu/iiif/3/1997.03.1225/full/max/0/default.jpg,"https://iiif.perseus.tufts.edu/iiif/3/1997.03.1225/full/^800,/0/default.jpg","https://iiif.perseus.tufts.edu/iiif/3/1997.03.1225/full/^450,/0/default.jpg","Photograph by Maria Daniels, courtesy of the Museum of Fine Arts, Boston",Obverse: Laureate bust of Galerius,aa_1431,https://iiif.perseus.tufts.edu/iiif/3/1997.03.1225,,,,,,,,,,,,,,,,,,,,,,,,,,,,,,,,,,,,,,,,,,,,,,,,,,,,,,,,,,,,,,,,,,,,,,,,,,,,,,,,,,,,,,,,,,,,,,,,,,
1997.03.1226,i1997031226,aa_1431,"Reverse: Moneta standing, with scales and cornucopia",image,image/jpeg,Image;StillImage,https://iiif.perseus.tufts.edu/iiif/3/1997.03.1226/full/max/0/default.jpg,"https://iiif.perseus.tufts.edu/iiif/3/1997.03.1226/full/^800,/0/default.jpg","https://iiif.perseus.tufts.edu/iiif/3/1997.03.1226/full/^450,/0/default.jpg","Photograph by Maria Daniels, courtesy of the Museum of Fine Arts, Boston","Reverse: Moneta standing, with scales and cornucopia",aa_1431,https://iiif.perseus.tufts.edu/iiif/3/1997.03.1226,,,,,,,,,,,,,,,,,,,,,,,,,,,,,,,,,,,,,,,,,,,,,,,,,,,,,,,,,,,,,,,,,,,,,,,,,,,,,,,,,,,,,,,,,,,,,,,,,,
aa_1622,aa_1622,,Boston 34.1414,compound_object,compound_object,record,https://iiif.perseus.tufts.edu/iiif/3/1997.03.0515/full/max/0/default.jpg,"https://iiif.perseus.tufts.edu/iiif/3/1997.03.0515/full/^800,/0/default.jpg","https://iiif.perseus.tufts.edu/iiif/3/1997.03.0515/full/^450,/0/default.jpg",,,,,,3.15 g.,,,,,,,,,,"Museum of Fine Arts, Boston",,Imperial as or semis,,,,Rome,,,,0.0,,As or Semis,,,18.8 mm.,,Anonymous Gift in Memory of Zo Wilbour,,,Alan E. Kaiser,,,,,,,,,,,"1997.03.0515,1997.03.0516","1997.03.0515,1997.03.0516",,,,,,Domitian,Perseus,Bronze,,Boston 34.1414,,IMP DOMIT AVG GERM (around),"Bust of Domitia or Ceres, facing left, crowned with ears of corn, within a dotted circle",,,,,,,Flavian,62. Flavian,,4.0,,,,,,,Latium,,"S C (across field, left and right)",Basket filled with ears of corn,,,,,,,,,,"<bibl><hi rend=""ital"">BMCRE</hi></bibl> II, 410, no. 493; <bibl>Cohen 1880-1892, 1.537, 15</bibl>",,,,,,,,Coin,85,ca.,
1997.03.0515,i1997030515,aa_1622,Obverse: Bust of Domitia or Ceres,image,image/jpeg,Image;StillImage,https://iiif.perseus.tufts.edu/iiif/3/1997.03.0515/full/max/0/default.jpg,"https://iiif.perseus.tufts.edu/iiif/3/1997.03.0515/full/^800,/0/default.jpg","https://iiif.perseus.tufts.edu/iiif/3/1997.03.0515/full/^450,/0/default.jpg","Photograph by Maria Daniels, courtesy of the Museum of Fine Arts, Boston",Obverse: Bust of Domitia or Ceres,aa_1622,https://iiif.perseus.tufts.edu/iiif/3/1997.03.0515,,,,,,,,,,,,,,,,,,,,,,,,,,,,,,,,,,,,,,,,,,,,,,,,,,,,,,,,,,,,,,,,,,,,,,,,,,,,,,,,,,,,,,,,,,,,,,,,,,
1997.03.0516,i1997030516,aa_1622,Reverse: Basket filled with corn,image,image/jpeg,Image;StillImage,https://iiif.perseus.tufts.edu/iiif/3/1997.03.0516/full/max/0/default.jpg,"https://iiif.perseus.tufts.edu/iiif/3/1997.03.0516/full/^800,/0/default.jpg","https://iiif.perseus.tufts.edu/iiif/3/1997.03.0516/full/^450,/0/default.jpg","Photograph by Maria Daniels, courtesy of the Museum of Fine Arts, Boston",Reverse: Basket filled with corn,aa_1622,https://iiif.perseus.tufts.edu/iiif/3/1997.03.0516,,,,,,,,,,,,,,,,,,,,,,,,,,,,,,,,,,,,,,,,,,,,,,,,,,,,,,,,,,,,,,,,,,,,,,,,,,,,,,,,,,,,,,,,,,,,,,,,,,
aa_1758,aa_1758,,Boston 21.1220,compound_object,compound_object,record,https://iiif.perseus.tufts.edu/iiif/3/2000.02.0197/full/max/0/default.jpg,"https://iiif.perseus.tufts.edu/iiif/3/2000.02.0197/full/^800,/0/default.jpg","https://iiif.perseus.tufts.edu/iiif/3/2000.02.0197/full/^450,/0/default.jpg",,,,,,,,,,,,,,,,"Museum of Fine Arts, Boston",,,,,,,,,,,,,,,"L. 0.022 m., W. 0.018 m.",,Francis Bartlett Donation,,,Alan E. Kaiser/Josh Kallen,,,,,,,,,,,2000.02.0197,2000.02.0197,,,,,,,Perseus,Sardonyx,White on pale brown,Boston 21.1220,,,,,,,,,,Early Imperial,,,4.6,,,,,,,,,,,,,,,Cameo,,,,,"<bibl>Lewes 1920</bibl>, no. 130",,,,,Young satyr seated on rock,,,Gem,,,
2000.02.0197,i2000020197,aa_1758,Young satyr seated on rock,image,image/jpeg,Image;StillImage,https://iiif.perseus.tufts.edu/iiif/3/2000.02.0197/full/max/0/default.jpg,"https://iiif.perseus.tufts.edu/iiif/3/2000.02.0197/full/^800,/0/default.jpg","https://iiif.perseus.tufts.edu/iiif/3/2000.02.0197/full/^450,/0/default.jpg","Photograph by Maria Daniels, courtesy of the Museum of Fine Arts, Boston",Young satyr seated on rock,aa_1758,https://iiif.perseus.tufts.edu/iiif/3/2000.02.0197,,,,,,,,,,,,,,,,,,,,,,,,,,,,,,,,,,,,,,,,,,,,,,,,,,,,,,,,,,,,,,,,,,,,,,,,,,,,,,,,,,,,,,,,,,,,,,,,,,
aa_1764,aa_1764,,Boston 23.580,compound_object,compound_object,record,https://iiif.perseus.tufts.edu/iiif/3/2000.02.0024/full/max/0/default.jpg,"https://iiif.perseus.tufts.edu/iiif/3/2000.02.0024/full/^800,/0/default.jpg","https://iiif.perseus.tufts.edu/iiif/3/2000.02.0024/full/^450,/0/default.jpg",,,,,,,,,,,,,,,,"Museum of Fine Arts, Boston",,,,,,,,Greek,,,,,,,"L. 0.021 m., W. 0.017 m., Th. 0.006 m.",,Francis Bartlett Donation,-425,,Alan E. Kaiser/Josh Kallen,,,,,,,,,,,"2000.02.0024,2000.02.0094","2000.02.0024,2000.02.0094",,,,,,,Perseus,Jasper,Yellow mottled with red,Boston 23.580,,,,,,,,,,,,,4.6,,,,,,,,,,,,,,,Scaraboid,,,,,"<bibl>Lewes 1920</bibl>, no. 50",-450,,Free Style,,"Portrait head of a bearded man. Above, artist's signature",,,Gem,,,
2000.02.0024,i2000020024,aa_1764,"Portrait head of a bearded man. Above, artist's signature",image,image/jpeg,Image;StillImage,https://iiif.perseus.tufts.edu/iiif/3/2000.02.0024/full/max/0/default.jpg,"https://iiif.perseus.tufts.edu/iiif/3/2000.02.0024/full/^800,/0/default.jpg","https://iiif.perseus.tufts.edu/iiif/3/2000.02.0024/full/^450,/0/default.jpg","Photograph by Maria Daniels, courtesy of the Museum of Fine Arts, Boston","Portrait head of a bearded man. Above, artist's signature",aa_1764,https://iiif.perseus.tufts.edu/iiif/3/2000.02.0024,,,,,,,,,,,,,,,,,,,,,,,,,,,,,,,,,,,,,,,,,,,,,,,,,,,,,,,,,,,,,,,,,,,,,,,,,,,,,,,,,,,,,,,,,,,,,,,,,,
2000.02.0094,i2000020094,aa_1764,Cast showing a portrait head of a bearded man,image,image/jpeg,Image;StillImage,https://iiif.perseus.tufts.edu/iiif/3/2000.02.0094/full/max/0/default.jpg,"https://iiif.perseus.tufts.edu/iiif/3/2000.02.0094/full/^800,/0/default.jpg","https://iiif.perseus.tufts.edu/iiif/3/2000.02.0094/full/^450,/0/default.jpg","Photograph by Maria Daniels, courtesy of the Museum of Fine Arts, Boston",Cast showing a portrait head of a bearded man,aa_1764,https://iiif.perseus.tufts.edu/iiif/3/2000.02.0094,,,,,,,,,,,,,,,,,,,,,,,,,,,,,,,,,,,,,,,,,,,,,,,,,,,,,,,,,,,,,,,,,,,,,,,,,,,,,,,,,,,,,,,,,,,,,,,,,,
aa_1780,aa_1780,,Boston 23.596,compound_object,compound_object,record,https://iiif.perseus.tufts.edu/iiif/3/2000.02.0147/full/max/0/default.jpg,"https://iiif.perseus.tufts.edu/iiif/3/2000.02.0147/full/^800,/0/default.jpg","https://iiif.perseus.tufts.edu/iiif/3/2000.02.0147/full/^450,/0/default.jpg",,,,,,,,,,,,,,,,"Museum of Fine Arts, Boston",,,,,,,,Greek,,,,,,,"L. 0.014 m., W. 0.01 m., Th. 0.006 m.",,Gift of E.P. Warren,-400,ca.,Alan E. Kaiser/Josh Kallen,,,,,,,,,,,"2000.02.0147,2000.02.0171","2000.02.0147,2000.02.0171",,,,,,,Perseus,Sapphirine chalcedony,Cloudy,Boston 23.596,,,,,,,,,,,,,4.6,,,,,,,,,,,,,,,Scaraboid,,,,,"<bibl>Lewes 1920</bibl>, no. 51",-420,ca.,Free Style,,Woman's head,,,Gem,,,
2000.02.0147,i2000020147,aa_1780,Cast showing a woman's head,image,image/jpeg,Image;StillImage,https://iiif.perseus.tufts.edu/iiif/3/2000.02.0147/full/max/0/default.jpg,"https://iiif.perseus.tufts.edu/iiif/3/2000.02.0147/full/^800,/0/default.jpg","https://iiif.perseus.tufts.edu/iiif/3/2000.02.0147/full/^450,/0/default.jpg","Photograph by Maria Daniels, courtesy of the Museum of Fine Arts, Boston",Cast showing a woman's head,aa_1780,https://iiif.perseus.tufts.edu/iiif/3/2000.02.0147,,,,,,,,,,,,,,,,,,,,,,,,,,,,,,,,,,,,,,,,,,,,,,,,,,,,,,,,,,,,,,,,,,,,,,,,,,,,,,,,,,,,,,,,,,,,,,,,,,
2000.02.0171,i2000020171,aa_1780,Woman's head,image,image/jpeg,Image;StillImage,https://iiif.perseus.tufts.edu/iiif/3/2000.02.0171/full/max/0/default.jpg,"https://iiif.perseus.tufts.edu/iiif/3/2000.02.0171/full/^800,/0/default.jpg","https://iiif.perseus.tufts.edu/iiif/3/2000.02.0171/full/^450,/0/default.jpg","Photograph by Maria Daniels, courtesy of the Museum of Fine Arts, Boston",Woman's head,aa_1780,https://iiif.perseus.tufts.edu/iiif/3/2000.02.0171,,,,,,,,,,,,,,,,,,,,,,,,,,,,,,,,,,,,,,,,,,,,,,,,,,,,,,,,,,,,,,,,,,,,,,,,,,,,,,,,,,,,,,,,,,,,,,,,,,
aa_1828,aa_1828,,Boston 27.715,compound_object,compound_object,record,https://iiif.perseus.tufts.edu/iiif/3/2000.02.0030/full/max/0/default.jpg,"https://iiif.perseus.tufts.edu/iiif/3/2000.02.0030/full/^800,/0/default.jpg","https://iiif.perseus.tufts.edu/iiif/3/2000.02.0030/full/^450,/0/default.jpg",,,,,,,,,,,,,,,,"Museum of Fine Arts, Boston",,,,,,,,Greek,,,,,,,"L. 0.0 m., W. 0.0 m., Th. 0.00 m.",,Francis Bartlett Donation,,,Alan E. Kaiser/Josh Kallen,,,,,,,,,,,"2000.02.0030,2000.02.0100","2000.02.0030,2000.02.0100",,,,,,,Perseus,Jasper,Black,Boston 27.715,,,,,,,,,,Hellenistic,,,4.6,,,,,,,,,,,,,,,Intaglio,,,,,"<bibl>Lewes 1920</bibl>, no. 101",,,Hellenistic,,Portrait head of an elderly Roman man,,,Gem,,,
2000.02.0030,i2000020030,aa_1828,Portrait head of an elderly Roman man,image,image/jpeg,Image;StillImage,https://iiif.perseus.tufts.edu/iiif/3/2000.02.0030/full/max/0/default.jpg,"https://iiif.perseus.tufts.edu/iiif/3/2000.02.0030/full/^800,/0/default.jpg","https://iiif.perseus.tufts.edu/iiif/3/2000.02.0030/full/^450,/0/default.jpg","Photograph by Maria Daniels, courtesy of the Museum of Fine Arts, Boston",Portrait head of an elderly Roman man,aa_1828,https://iiif.perseus.tufts.edu/iiif/3/2000.02.0030,,,,,,,,,,,,,,,,,,,,,,,,,,,,,,,,,,,,,,,,,,,,,,,,,,,,,,,,,,,,,,,,,,,,,,,,,,,,,,,,,,,,,,,,,,,,,,,,,,
2000.02.0100,i2000020100,aa_1828,Cast showing a portrait head of an elderly Roman man,image,image/jpeg,Image;StillImage,https://iiif.perseus.tufts.edu/iiif/3/2000.02.0100/full/max/0/default.jpg,"https://iiif.perseus.tufts.edu/iiif/3/2000.02.0100/full/^800,/0/default.jpg","https://iiif.perseus.tufts.edu/iiif/3/2000.02.0100/full/^450,/0/default.jpg","Photograph by Maria Daniels, courtesy of the Museum of Fine Arts, Boston",Cast showing a portrait head of an elderly Roman man,aa_1828,https://iiif.perseus.tufts.edu/iiif/3/2000.02.0100,,,,,,,,,,,,,,,,,,,,,,,,,,,,,,,,,,,,,,,,,,,,,,,,,,,,,,,,,,,,,,,,,,,,,,,,,,,,,,,,,,,,,,,,,,,,,,,,,,
aa_2070,aa_2070,,Grave Stele of Stratokles,compound_object,compound_object,record,https://iiif.perseus.tufts.edu/iiif/3/1992.03.0356/full/max/0/default.jpg,"https://iiif.perseus.tufts.edu/iiif/3/1992.03.0356/full/^800,/0/default.jpg","https://iiif.perseus.tufts.edu/iiif/3/1992.03.0356/full/^450,/0/default.jpg",,,,,1971.129,,,,,,,,,Single sculpture,,"Museum of Fine Arts, Boston","Formerly in the collection of the Vicomte du Dresnay, Chteau du Drneuc (Loire-Infrieure). Acquired in 1971.",,"<rs type=""sculpture"">Boston 04.16</rs>",Nearly complete,"All but the lower edge of the stele, including most of the sculptured relief, is preserved. Surface weathered, and edges chipped slightly.",Attica,Probably from,,,0.0,,,,,"<P>H 0.59 m, W 0.405 m, D 0.114 m</P>",,,,ca.,Amy C. Smith,,,,,Attika (1912) acc. D. von Bothmer,Said to be from,"Although the stele is a plain rectangle, the sculptor has etched an architrave (that bears the inscription) and pediment (with corner akroteria) on the portion above the figural scene.",,,,"1992.03.0356,1992.03.0357,1992.03.0358,1992.03.0359,1992.03.0360,1992.03.0361,1992.03.0362,1992.03.0363,1992.03.0364,1992.03.0365","1992.03.0356,1992.03.0357,1992.03.0358,1992.03.0359,1992.03.0360,1992.03.0361,1992.03.0362,1992.03.0363,1992.03.0364,1992.03.0365",,,"On the architrave above the relief figures is carved a funerary inscription: <foreign lang=""Greek"">...*S*T*R*A*T*O*K*L*E*S : *P*R*O*K*L*E*O*S</foreign> (""Stratokles, son of Prokles"").","<hi rend=""ital"">SEG</hi> 28.349",,,Perseus,Marble,'Pentelic' (Comstock & Vermeule),Boston 1971.129,Funerary,,,Original,Original,"E.G. Pemberton, <hi rend=""ital"">Meditarch</hi> 2 (1989) 50 n. 25; <bibl>Ensoli 1987, 258, n. 299</bibl>; Masterpieces from the Boston Museum [Museum of Fine Arts] (Boston 1981) no. 19, ill.; Y. Papaoikonomou, RA 1983, 322-24, fig. 6; E.G. Pemberton, AJA 84 (1980) 542; <bibl>Vermeule 1980, 30, 121, 183, fig. 37</bibl>; <bibl>Vermeule 1979, 117, fig. 31</bibl>; <bibl>Clairmont 1972</bibl>; <bibl>Harrison 1972, 353, pl. 74, fig. 6</bibl>; <bibl>Frel 1970a, 206-207, no. 29, pl. 15.1</bibl>; [...]","Papaoikonomou's suggestion that this was sculpted by the same hand as a slab of the Nereid Monument (<rs type=""sculpture"">London 853</rs>) has been negated by Clairmont (Clairmont 1993, 157).",,,Late Classical,45. Late Classical,,3.0,,,,,,,Attica,,,,Miniature,,The Aristandros Sculptor,Suggested attribution to,"Stele, relief-decorated",,,,,"<bibl>Clairmont 1993, 2.156-57, cat. 2.217 (ill.)</bibl>; <bibl>Comstock & Vermeule 1976, no. 64</bibl>",,ca.,Late Classical,"<P>A bearded soldier, Stratokles, wearing a short tunic worn over the left shoulder, a chlamys, or cloak, and an Attic (plumed) helmet, strides in a nearly frontal view, slightly to the left, with a sword held over/in front of his head, about to strike a bearded opponent, dressed similarly but with a pilos, or conical helmet. Both soldiers have round shields, shown in profile or 3/4-views.</P><P>The soldier smiting the enemy was a popular scene on funerary reliefs of the first decade of the fourth century, when Thebes and Athens were allied against Sparta. J. Frel has compared this relief to several with the same composition, and suggested that the designs copy a famous public monument, perhaps the polyandrion (grave monument for many unknown soldiers) in the Kerameikos at Athens. The helmet worn by Stratokles' opponent is normally associated with Boiotians, who occupied the territory north of Attika, with whom Athenians often battled over border disputes during the Corinthian Wars.","Stratokles, a bearded warrior, fighting a fallen warrior",Low relief,,Sculpture,-394,ca.,
1992.03.0356,i1992030356,aa_2070,"Stele of Stratokles, general view",image,image/jpeg,Image;StillImage,https://iiif.perseus.tufts.edu/iiif/3/1992.03.0356/full/max/0/default.jpg,"https://iiif.perseus.tufts.edu/iiif/3/1992.03.0356/full/^800,/0/default.jpg","https://iiif.perseus.tufts.edu/iiif/3/1992.03.0356/full/^450,/0/default.jpg","Photograph by Maria Daniels, courtesy of the Museum of Fine Arts, Boston","Stele of Stratokles, general view",aa_2070,https://iiif.perseus.tufts.edu/iiif/3/1992.03.0356,,,,,,,,,,,,,,,,,,,,,,,,,,,,,,,,,,,,,,,,,,,,,,,,,,,,,,,,,,,,,,,,,,,,,,,,,,,,,,,,,,,,,,,,,,,,,,,,,,
1992.03.0357,i1992030357,aa_2070,"Stele of Stratokles, from left",image,image/jpeg,Image;StillImage,https://iiif.perseus.tufts.edu/iiif/3/1992.03.0357/full/max/0/default.jpg,"https://iiif.perseus.tufts.edu/iiif/3/1992.03.0357/full/^800,/0/default.jpg","https://iiif.perseus.tufts.edu/iiif/3/1992.03.0357/full/^450,/0/default.jpg","Photograph by Maria Daniels, courtesy of the Museum of Fine Arts, Boston","Stele of Stratokles, from left",aa_2070,https://iiif.perseus.tufts.edu/iiif/3/1992.03.0357,,,,,,,,,,,,,,,,,,,,,,,,,,,,,,,,,,,,,,,,,,,,,,,,,,,,,,,,,,,,,,,,,,,,,,,,,,,,,,,,,,,,,,,,,,,,,,,,,,
1992.03.0358,i1992030358,aa_2070,"Stele of Stratokles, soldier on right",image,image/jpeg,Image;StillImage,https://iiif.perseus.tufts.edu/iiif/3/1992.03.0358/full/max/0/default.jpg,"https://iiif.perseus.tufts.edu/iiif/3/1992.03.0358/full/^800,/0/default.jpg","https://iiif.perseus.tufts.edu/iiif/3/1992.03.0358/full/^450,/0/default.jpg","Photograph by Maria Daniels, courtesy of the Museum of Fine Arts, Boston","Stele of Stratokles, soldier on right",aa_2070,https://iiif.perseus.tufts.edu/iiif/3/1992.03.0358,,,,,,,,,,,,,,,,,,,,,,,,,,,,,,,,,,,,,,,,,,,,,,,,,,,,,,,,,,,,,,,,,,,,,,,,,,,,,,,,,,,,,,,,,,,,,,,,,,
1992.03.0359,i1992030359,aa_2070,"Stele of Stratokles, detail of soldier on right",image,image/jpeg,Image;StillImage,https://iiif.perseus.tufts.edu/iiif/3/1992.03.0359/full/max/0/default.jpg,"https://iiif.perseus.tufts.edu/iiif/3/1992.03.0359/full/^800,/0/default.jpg","https://iiif.perseus.tufts.edu/iiif/3/1992.03.0359/full/^450,/0/default.jpg","Photograph by Maria Daniels, courtesy of the Museum of Fine Arts, Boston","Stele of Stratokles, detail of soldier on right",aa_2070,https://iiif.perseus.tufts.edu/iiif/3/1992.03.0359,,,,,,,,,,,,,,,,,,,,,,,,,,,,,,,,,,,,,,,,,,,,,,,,,,,,,,,,,,,,,,,,,,,,,,,,,,,,,,,,,,,,,,,,,,,,,,,,,,
1992.03.0360,i1992030360,aa_2070,"Stele of Stratokles, detail of soldier on right",image,image/jpeg,Image;StillImage,https://iiif.perseus.tufts.edu/iiif/3/1992.03.0360/full/max/0/default.jpg,"https://iiif.perseus.tufts.edu/iiif/3/1992.03.0360/full/^800,/0/default.jpg","https://iiif.perseus.tufts.edu/iiif/3/1992.03.0360/full/^450,/0/default.jpg","Photograph by Maria Daniels, courtesy of the Museum of Fine Arts, Boston","Stele of Stratokles, detail of soldier on right",aa_2070,https://iiif.perseus.tufts.edu/iiif/3/1992.03.0360,,,,,,,,,,,,,,,,,,,,,,,,,,,,,,,,,,,,,,,,,,,,,,,,,,,,,,,,,,,,,,,,,,,,,,,,,,,,,,,,,,,,,,,,,,,,,,,,,,
1992.03.0361,i1992030361,aa_2070,"Stele of Stratokles, detail of soldier on right",image,image/jpeg,Image;StillImage,https://iiif.perseus.tufts.edu/iiif/3/1992.03.0361/full/max/0/default.jpg,"https://iiif.perseus.tufts.edu/iiif/3/1992.03.0361/full/^800,/0/default.jpg","https://iiif.perseus.tufts.edu/iiif/3/1992.03.0361/full/^450,/0/default.jpg","Photograph by Maria Daniels, courtesy of the Museum of Fine Arts, Boston","Stele of Stratokles, detail of soldier on right",aa_2070,https://iiif.perseus.tufts.edu/iiif/3/1992.03.0361,,,,,,,,,,,,,,,,,,,,,,,,,,,,,,,,,,,,,,,,,,,,,,,,,,,,,,,,,,,,,,,,,,,,,,,,,,,,,,,,,,,,,,,,,,,,,,,,,,
1992.03.0362,i1992030362,aa_2070,"Stele of Stratokles, soldier on left",image,image/jpeg,Image;StillImage,https://iiif.perseus.tufts.edu/iiif/3/1992.03.0362/full/max/0/default.jpg,"https://iiif.perseus.tufts.edu/iiif/3/1992.03.0362/full/^800,/0/default.jpg","https://iiif.perseus.tufts.edu/iiif/3/1992.03.0362/full/^450,/0/default.jpg","Photograph by Maria Daniels, courtesy of the Museum of Fine Arts, Boston","Stele of Stratokles, soldier on left",aa_2070,https://iiif.perseus.tufts.edu/iiif/3/1992.03.0362,,,,,,,,,,,,,,,,,,,,,,,,,,,,,,,,,,,,,,,,,,,,,,,,,,,,,,,,,,,,,,,,,,,,,,,,,,,,,,,,,,,,,,,,,,,,,,,,,,
1992.03.0363,i1992030363,aa_2070,"Stele of Stratokles, detail of soldier on left",image,image/jpeg,Image;StillImage,https://iiif.perseus.tufts.edu/iiif/3/1992.03.0363/full/max/0/default.jpg,"https://iiif.perseus.tufts.edu/iiif/3/1992.03.0363/full/^800,/0/default.jpg","https://iiif.perseus.tufts.edu/iiif/3/1992.03.0363/full/^450,/0/default.jpg","Photograph by Maria Daniels, courtesy of the Museum of Fine Arts, Boston","Stele of Stratokles, detail of soldier on left",aa_2070,https://iiif.perseus.tufts.edu/iiif/3/1992.03.0363,,,,,,,,,,,,,,,,,,,,,,,,,,,,,,,,,,,,,,,,,,,,,,,,,,,,,,,,,,,,,,,,,,,,,,,,,,,,,,,,,,,,,,,,,,,,,,,,,,
1992.03.0364,i1992030364,aa_2070,"Stele of Stratokles, detail of cloak of right soldier",image,image/jpeg,Image;StillImage,https://iiif.perseus.tufts.edu/iiif/3/1992.03.0364/full/max/0/default.jpg,"https://iiif.perseus.tufts.edu/iiif/3/1992.03.0364/full/^800,/0/default.jpg","https://iiif.perseus.tufts.edu/iiif/3/1992.03.0364/full/^450,/0/default.jpg","Photograph by Maria Daniels, courtesy of the Museum of Fine Arts, Boston","Stele of Stratokles, detail of cloak of right soldier",aa_2070,https://iiif.perseus.tufts.edu/iiif/3/1992.03.0364,,,,,,,,,,,,,,,,,,,,,,,,,,,,,,,,,,,,,,,,,,,,,,,,,,,,,,,,,,,,,,,,,,,,,,,,,,,,,,,,,,,,,,,,,,,,,,,,,,
1992.03.0365,i1992030365,aa_2070,"Stele of Stratokles, inscribed architrave",image,image/jpeg,Image;StillImage,https://iiif.perseus.tufts.edu/iiif/3/1992.03.0365/full/max/0/default.jpg,"https://iiif.perseus.tufts.edu/iiif/3/1992.03.0365/full/^800,/0/default.jpg","https://iiif.perseus.tufts.edu/iiif/3/1992.03.0365/full/^450,/0/default.jpg","Photograph by Maria Daniels, courtesy of the Museum of Fine Arts, Boston","Stele of Stratokles, inscribed architrave",aa_2070,https://iiif.perseus.tufts.edu/iiif/3/1992.03.0365,,,,,,,,,,,,,,,,,,,,,,,,,,,,,,,,,,,,,,,,,,,,,,,,,,,,,,,,,,,,,,,,,,,,,,,,,,,,,,,,,,,,,,,,,,,,,,,,,,
aa_2084,aa_2084,,Geometric Horse,compound_object,compound_object,record,https://iiif.perseus.tufts.edu/iiif/3/1992.03.0178/full/max/0/default.jpg,"https://iiif.perseus.tufts.edu/iiif/3/1992.03.0178/full/^800,/0/default.jpg","https://iiif.perseus.tufts.edu/iiif/3/1992.03.0178/full/^450,/0/default.jpg",,,,,65.1292,,,,,,,,,Single sculpture,,"Museum of Fine Arts, Boston",Purchased on the art market in Athens; acquired in 1965.,,"<P>For the incised circles cf. <rs type=""sculpture"">Boston 98.65</rs>.</P>",Intact,"<P>Excellent condition, with green patina, and some incrustations.</P>",Thessaly,Possibly from,,,0.0,,,,,"<P>H 0.057 m, L 0.053 m</P>",,,,,Amy C. Smith,,,,,,,"<P>The front hooves are joined by a crossbar; in the back a crossbar joins the left hoof and the tail, which touches the right hoof.</P><P>Comstock & Vermeule suggest a northern Greek origin, on the basis of style, although similar horses, decorated with concentric circles, occurs at Olympia. Later examples have been attributed to a Corinthian school (H.-V. Herrmann, JdI 79 [1964] 30 f., fig. 13).",,,,"1992.03.0178,1992.03.0179,1992.03.0180,1992.03.0181,1992.03.0182,1992.03.0183,1992.03.0184,1992.03.0185","1992.03.0178,1992.03.0179,1992.03.0180,1992.03.0181,1992.03.0182,1992.03.0183,1992.03.0184,1992.03.0185",,,,,,,Perseus,Bronze,,Boston 65.1292,Votive,,,Original,Original,"<P><bibl>Zimmermann 1989, 244 (no. THE 21), 251-53, 257, pl. 57</bibl>; <bibl>E.R. Williams 1984, 36, under no. 22, n. 1</bibl>; B. Fellmann, JdI 93 (1978) 28-29, n. 152.</P>",,,,Geometric,20. Geom.,,3.0,,,,,,,,,,,Miniature,,,,Free-standing statue,,,,,"<P><bibl>Comstock & Vermeule 1971, no. 6</bibl></P>",,,Geometric,"<P>Erect, alert horse, with elegant, curving neck, and a blunt head. There are no ears articulated, but an incised concentric circle marks the eye, and is decoratively repeated on each neck, shoulder, and flank. The long tail connects to the bar, next to the hind hooves. The figure is hollow on the underside.</P>",Horse with incised circles,Solid cast,,Sculpture,-750,ca.,
1992.03.0178,i1992030178,aa_2084,"Horse with Incised Circles, left profile",image,image/jpeg,Image;StillImage,https://iiif.perseus.tufts.edu/iiif/3/1992.03.0178/full/max/0/default.jpg,"https://iiif.perseus.tufts.edu/iiif/3/1992.03.0178/full/^800,/0/default.jpg","https://iiif.perseus.tufts.edu/iiif/3/1992.03.0178/full/^450,/0/default.jpg","Photograph by Maria Daniels, courtesy of the Museum of Fine Arts, Boston","Horse with Incised Circles, left profile",aa_2084,https://iiif.perseus.tufts.edu/iiif/3/1992.03.0178,,,,,,,,,,,,,,,,,,,,,,,,,,,,,,,,,,,,,,,,,,,,,,,,,,,,,,,,,,,,,,,,,,,,,,,,,,,,,,,,,,,,,,,,,,,,,,,,,,
1992.03.0179,i1992030179,aa_2084,"Horse with Incised Circles, three-quarter view of left side",image,image/jpeg,Image;StillImage,https://iiif.perseus.tufts.edu/iiif/3/1992.03.0179/full/max/0/default.jpg,"https://iiif.perseus.tufts.edu/iiif/3/1992.03.0179/full/^800,/0/default.jpg","https://iiif.perseus.tufts.edu/iiif/3/1992.03.0179/full/^450,/0/default.jpg","Photograph by Maria Daniels, courtesy of the Museum of Fine Arts, Boston","Horse with Incised Circles, three-quarter view of left side",aa_2084,https://iiif.perseus.tufts.edu/iiif/3/1992.03.0179,,,,,,,,,,,,,,,,,,,,,,,,,,,,,,,,,,,,,,,,,,,,,,,,,,,,,,,,,,,,,,,,,,,,,,,,,,,,,,,,,,,,,,,,,,,,,,,,,,
1992.03.0180,i1992030180,aa_2084,"Horse with Incised Circles, three-quarter view of right side",image,image/jpeg,Image;StillImage,https://iiif.perseus.tufts.edu/iiif/3/1992.03.0180/full/max/0/default.jpg,"https://iiif.perseus.tufts.edu/iiif/3/1992.03.0180/full/^800,/0/default.jpg","https://iiif.perseus.tufts.edu/iiif/3/1992.03.0180/full/^450,/0/default.jpg","Photograph by Maria Daniels, courtesy of the Museum of Fine Arts, Boston","Horse with Incised Circles, three-quarter view of right side",aa_2084,https://iiif.perseus.tufts.edu/iiif/3/1992.03.0180,,,,,,,,,,,,,,,,,,,,,,,,,,,,,,,,,,,,,,,,,,,,,,,,,,,,,,,,,,,,,,,,,,,,,,,,,,,,,,,,,,,,,,,,,,,,,,,,,,
1992.03.0181,i1992030181,aa_2084,"Horse with Incised Circles, right profile",image,image/jpeg,Image;StillImage,https://iiif.perseus.tufts.edu/iiif/3/1992.03.0181/full/max/0/default.jpg,"https://iiif.perseus.tufts.edu/iiif/3/1992.03.0181/full/^800,/0/default.jpg","https://iiif.perseus.tufts.edu/iiif/3/1992.03.0181/full/^450,/0/default.jpg","Photograph by Maria Daniels, courtesy of the Museum of Fine Arts, Boston","Horse with Incised Circles, right profile",aa_2084,https://iiif.perseus.tufts.edu/iiif/3/1992.03.0181,,,,,,,,,,,,,,,,,,,,,,,,,,,,,,,,,,,,,,,,,,,,,,,,,,,,,,,,,,,,,,,,,,,,,,,,,,,,,,,,,,,,,,,,,,,,,,,,,,
1992.03.0182,i1992030182,aa_2084,"Horse with Incised Circles, three-quarter view from back",image,image/jpeg,Image;StillImage,https://iiif.perseus.tufts.edu/iiif/3/1992.03.0182/full/max/0/default.jpg,"https://iiif.perseus.tufts.edu/iiif/3/1992.03.0182/full/^800,/0/default.jpg","https://iiif.perseus.tufts.edu/iiif/3/1992.03.0182/full/^450,/0/default.jpg","Photograph by Maria Daniels, courtesy of the Museum of Fine Arts, Boston","Horse with Incised Circles, three-quarter view from back",aa_2084,https://iiif.perseus.tufts.edu/iiif/3/1992.03.0182,,,,,,,,,,,,,,,,,,,,,,,,,,,,,,,,,,,,,,,,,,,,,,,,,,,,,,,,,,,,,,,,,,,,,,,,,,,,,,,,,,,,,,,,,,,,,,,,,,
1992.03.0183,i1992030183,aa_2084,"Horse with Incised Circles, back view",image,image/jpeg,Image;StillImage,https://iiif.perseus.tufts.edu/iiif/3/1992.03.0183/full/max/0/default.jpg,"https://iiif.perseus.tufts.edu/iiif/3/1992.03.0183/full/^800,/0/default.jpg","https://iiif.perseus.tufts.edu/iiif/3/1992.03.0183/full/^450,/0/default.jpg","Photograph by Maria Daniels, courtesy of the Museum of Fine Arts, Boston","Horse with Incised Circles, back view",aa_2084,https://iiif.perseus.tufts.edu/iiif/3/1992.03.0183,,,,,,,,,,,,,,,,,,,,,,,,,,,,,,,,,,,,,,,,,,,,,,,,,,,,,,,,,,,,,,,,,,,,,,,,,,,,,,,,,,,,,,,,,,,,,,,,,,
1992.03.0184,i1992030184,aa_2084,"Horse with Incised Circles, view facing head",image,image/jpeg,Image;StillImage,https://iiif.perseus.tufts.edu/iiif/3/1992.03.0184/full/max/0/default.jpg,"https://iiif.perseus.tufts.edu/iiif/3/1992.03.0184/full/^800,/0/default.jpg","https://iiif.perseus.tufts.edu/iiif/3/1992.03.0184/full/^450,/0/default.jpg","Photograph by Maria Daniels, courtesy of the Museum of Fine Arts, Boston","Horse with Incised Circles, view facing head",aa_2084,https://iiif.perseus.tufts.edu/iiif/3/1992.03.0184,,,,,,,,,,,,,,,,,,,,,,,,,,,,,,,,,,,,,,,,,,,,,,,,,,,,,,,,,,,,,,,,,,,,,,,,,,,,,,,,,,,,,,,,,,,,,,,,,,
1992.03.0185,i1992030185,aa_2084,"Horse with Incised Circles, view of underside",image,image/jpeg,Image;StillImage,https://iiif.perseus.tufts.edu/iiif/3/1992.03.0185/full/max/0/default.jpg,"https://iiif.perseus.tufts.edu/iiif/3/1992.03.0185/full/^800,/0/default.jpg","https://iiif.perseus.tufts.edu/iiif/3/1992.03.0185/full/^450,/0/default.jpg","Photograph by Maria Daniels, courtesy of the Museum of Fine Arts, Boston","Horse with Incised Circles, view of underside",aa_2084,https://iiif.perseus.tufts.edu/iiif/3/1992.03.0185,,,,,,,,,,,,,,,,,,,,,,,,,,,,,,,,,,,,,,,,,,,,,,,,,,,,,,,,,,,,,,,,,,,,,,,,,,,,,,,,,,,,,,,,,,,,,,,,,,
aa_2142,aa_2142,,Sculpted column drum from Ephesos,compound_object,compound_object,record,https://iiif.perseus.tufts.edu/iiif/3/1990.14.0582/full/max/0/default.jpg,"https://iiif.perseus.tufts.edu/iiif/3/1990.14.0582/full/^800,/0/default.jpg","https://iiif.perseus.tufts.edu/iiif/3/1990.14.0582/full/^450,/0/default.jpg",,,,,,,,,,"Ephesos, Temple of Artemis",,,,Separated fragments,,"London, British Museum","The ruins of the temple were found in 1869 by John Turltle Wood, who had been seeking the ruins for six years, on behalf of the Trustees of the British Museum, who subsequently brought this and lesser preserved column fragments back to London.",,,Intact,"<P>The side showing a woman between Thanatos and Hermes, is well preserved, although the upper portion is heavily chipped, especially over the the female head and arm, which are missing. A large portion comprising most of the top of the relief between Kalchas and Thanatos is also missing. The profile of the rounded plinth is well preserved, missing only a few chips under the extant figures.</P>",Ephesos,From,,"<P>The famous Archaic temple of Artemis at Ephesos was destroyed in 356 (by fire), and reconstruction is said to have begun immediately, although it continued for the next half century. The sculpture is thus thought to have belonged to the middle of this period, i.e. 340-320.</P>",0.0,,,,,<P>H 1.82 m</P>,"<bibl n=""Pliny, HN 36.21.95"">Pliny, HN 36.21.95</bibl>",,-320,ca.,Leslie Becker/Amy C. Smith,,,,,Ephesos (near the middle of the west facade of the temple),Excavated at,"<P>After the fire that destroyed the Archaic temple, the citizens of Ephesos provided funds for this rebuilding of the temple, in the Ionic style. The ground-plan, and much of the details, of the older temple, were retained, however, and 36 of the 127 columns (according to Pliny, HN 36.21.95), were decorated with sculpted drums and pedestals. At least the lowest drums of eight columns on the west front were sculpted; the location of the other sculpted drums is indeterminate, although it is likely that the pedestals supported the smaller shafts on the porch columns.</P><P>The style of the figures is powerful, as the men are muscular and the women voluminously dressed.</P>",,,,"1990.14.0582,1990.14.0583,1990.14.0584,1990.14.0585","1990.14.0582,1990.14.0583,1990.14.0584,1990.14.0585",,,,,,,Perseus,Marble,,London 1206,Cult?,,,Original,Original,"<bibl>Price & Trell 1977, 126-31</bibl>; <bibl>Bammer 1972</bibl>; <bibl>Picard/Manuel, 3.119-33</bibl>; <bibl>Hogarth 1908</bibl>",,,,Late Classical,45. Late Classical,,3.0,,Lowest drum of column,,,,,Ionia,,,,Under life-size,,,,Architectural,,,,,"<bibl>Boardman 1995, figs. 23.1-4</bibl>; <bibl>Stewart 1990, 195, figs. 595-96</bibl>; <bibl>Cook 1976, 140, fig. 110</bibl>.",-340,ca.,Late Classical,"<P>This one drum, the best preserved of the sculpted drums from the fourth century Artemision, shows an unusual scene of two male figures leading a female to death, while others watch. Thanatos, the personification of death, shown as a nude, winged youth, wearing a scabbard that rests against his left hip, stands in a nearly frontal posture, slightly to the right, beckoning to a young woman to his right. This woman, who is traditionally identified as Iphigenia (who was led away for sacrifice to Artemis, before she was spared by that goddess, who substituted a deer for the girl), Persephone (who spent half the year in the underworld, as the bride of Hades), or Alkestis (who volunteered to die in place of her husband, and later returned from death), is not clearly identifiable. She stands in a frontal posture, wears a sleeved chiton, around which she wraps a cloak, or himation. Although her head and upper left arm (which is raised) are missing, she seems to be raising her himation to veil her face, a gesture known as anakalypsis, the unveiling (or veiling) of the face, which is a typical bridal gesture (anakalypsis). This would support the identification of this woman as Persephone or Alkestis. As Stewart points out, however, only Iphigenia is thematically related to Artemis. To her right stands Hermes, a nude youthful god, with a chlamys (or trave;ler's cloak) over his left arm, and a kerykeion, or herald's staff, in his left hand. These attributes emphasis his role here as psychopompos, or guide of the dead souls. Beyond Hermes is another woman, also standing frontally, but dressed in a peplos, a more matronly costume. Her head and upraised right arm are missing. To her right is a seated male figure wearing sandals and a himation draped over his legs (his upper body is entirely missing). If the female figure on the other side is to be identified as Iphigenia, then these figures are identifiable as Klytaimnestra, who was tricked into sending Iphigenia to sacrifice (at Aulis) by her husband Agamemnon, and Kalchas, the seer who ordered Agamemnon to sacrifice Iphigenia as an atonement (see <bibl n=""Eur. IA 355"">Eur. IA 355</bibl> ff.).</P><P>Preserved fragments attest to a variety of typical mythological subjects depicted on other drums: Herakles, centauromachy, gigantomachy, and processions of gods.</P>",Thanatos and Hermes lead a young woman,High relief,,Sculpture,,,
aa_2181,aa_2181,,Seated Woman from Miletus,compound_object,compound_object,record,https://iiif.perseus.tufts.edu/iiif/3/1992.04.0077/full/max/0/default.jpg,"https://iiif.perseus.tufts.edu/iiif/3/1992.04.0077/full/^800,/0/default.jpg","https://iiif.perseus.tufts.edu/iiif/3/1992.04.0077/full/^450,/0/default.jpg",,,,,,,,,,,,,,Statuary group,,"Paris, Muse du Louvre",From the excavations of Rayet and Thomas of 1873 in the Necropolis of Miletus. Gift of Ed. de Rothschild.,,,Intact,"<P>Seated statue broken at neck. The ends of the chair arms are broken away. Heavily weathered; the surface of the lower arms, hands and feet is entirely lost.</P>",Miletus,From,,"<P>A date in the third quarter of the 6th century, between ca. 545 BC and 530 BC, is suggested by those scholars who have studied the sculpture most recently.</P>",-538.0,,,,,"<P>H 0.875 m, W 0.485 m, D 0.73 m</P>",,,-530,ca.,Leslie Becker,,,,,Miletus,Excavated at,,,,,"1992.04.0077,1992.04.0078,1992.04.0079,1992.04.0080","1992.04.0077,1992.04.0078,1992.04.0079,1992.04.0080",Seated women from Miletos,,,,,,Perseus,Marble,,Louvre Ma 2788,Funerary,,,Original,Original,"<bibl>zgan 1978, 165</bibl>; <bibl>Alford 1978, 305ff.</bibl>; <bibl>Lippold 1950, 53f.</bibl>; <bibl>BrBr, 143 re.</bibl>; <bibl>Reinach/RS, 2.2, 682: 8</bibl>",,,,High Archaic,27. High Archaic,,2.1,,,,,,,Ionia,,,,Under life-size,,,,Free-standing statue,,,,,"<bibl>Hamiaux 1992, no.46</bibl>; <bibl>Tuchelt 1970, 128: L94</bibl>; <bibl>Charbonneaux 1963, 3</bibl>",-545,ca.,High Archaic,"<P>Massive statue of seated female figure carved in one piece with a high-back throne or chair. Though broken at the neck, several tresses falling forward over the shoulders indicate she had long hair. She wears a chiton of fine fabric. The buttons which fasten the sleeves are placed on the front, rather than the side, of the right upper arm; from them wavy folds fan out horizontally across the chest and then down from the breasts, in somewhat contrived fashion. The zig-zag folds of the overfold form a rounded arch over the smooth kolpos, which itself forms a parallel arch over the wide belt. The woman's arms rest on the thighs; the strongly attenuated hands reach over her knees. Below the belt the dress falls in large looping folds over each of the legs. Between the legs, the excess fabric is gathered beneath the paryphe, the volume of the cloth indicated by the stacked folds between the feet. The feet rest on a high cushion, well above the bottom of the chair. A thick seat cushion is likewise indicted by the rounded bolster which emerges on the sides of the chair, beneath its arms. The chair itself is given some architectural definition: in addition to the arms and back, legs and a rail designating the seat on which the cushion is placed are indicated.</P><P>The statue is one of a rich series of seated figures from various places in Ionia, including a number from Miletus and Didyma now divided among London, Paris, Berlin, Istanbul and the local museum at Balat. A second female figure very close in style, <rs type=""sculpture"">Louvre Ma 2787</rs>, is also in the Louvre. A third figure, <rs type=""sculpture"">Louvre Ma 2789</rs>, appears to be slightly later in style though still within the same series. All are distinguished as female by their breasts and clothing, though in other respects they are very similar to the seated males which belong to the same series of dedications.",Seated female statue,In-the-round,,Sculpture,,,
1992.04.0077,i1992040077,aa_2181,"Louvre Seated Woman from Miletus 2788, frontal view",image,image/jpeg,Image;StillImage,https://iiif.perseus.tufts.edu/iiif/3/1992.04.0077/full/max/0/default.jpg,"https://iiif.perseus.tufts.edu/iiif/3/1992.04.0077/full/^800,/0/default.jpg","https://iiif.perseus.tufts.edu/iiif/3/1992.04.0077/full/^450,/0/default.jpg","Photograph by Maria Daniels, courtesy of the Muse du Louvre, Paris","Louvre Seated Woman from Miletus 2788, frontal view",aa_2181,https://iiif.perseus.tufts.edu/iiif/3/1992.04.0077,,,,,,,,,,,,,,,,,,,,,,,,,,,,,,,,,,,,,,,,,,,,,,,,,,,,,,,,,,,,,,,,,,,,,,,,,,,,,,,,,,,,,,,,,,,,,,,,,,
1992.04.0078,i1992040078,aa_2181,"Louvre Seated Woman from Miletus 2788, detail of upper torso",image,image/jpeg,Image;StillImage,https://iiif.perseus.tufts.edu/iiif/3/1992.04.0078/full/max/0/default.jpg,"https://iiif.perseus.tufts.edu/iiif/3/1992.04.0078/full/^800,/0/default.jpg","https://iiif.perseus.tufts.edu/iiif/3/1992.04.0078/full/^450,/0/default.jpg","Photograph by Maria Daniels, courtesy of the Muse du Louvre, Paris","Louvre Seated Woman from Miletus 2788, detail of upper torso",aa_2181,https://iiif.perseus.tufts.edu/iiif/3/1992.04.0078,,,,,,,,,,,,,,,,,,,,,,,,,,,,,,,,,,,,,,,,,,,,,,,,,,,,,,,,,,,,,,,,,,,,,,,,,,,,,,,,,,,,,,,,,,,,,,,,,,
1992.04.0079,i1992040079,aa_2181,"Louvre Seated Woman from Miletus 2788, from left",image,image/jpeg,Image;StillImage,https://iiif.perseus.tufts.edu/iiif/3/1992.04.0079/full/max/0/default.jpg,"https://iiif.perseus.tufts.edu/iiif/3/1992.04.0079/full/^800,/0/default.jpg","https://iiif.perseus.tufts.edu/iiif/3/1992.04.0079/full/^450,/0/default.jpg","Photograph by Maria Daniels, courtesy of the Muse du Louvre, Paris","Louvre Seated Woman from Miletus 2788, from left",aa_2181,https://iiif.perseus.tufts.edu/iiif/3/1992.04.0079,,,,,,,,,,,,,,,,,,,,,,,,,,,,,,,,,,,,,,,,,,,,,,,,,,,,,,,,,,,,,,,,,,,,,,,,,,,,,,,,,,,,,,,,,,,,,,,,,,
1992.04.0080,i1992040080,aa_2181,"Louvre Seated Woman from Miletus 2788, right profile",image,image/jpeg,Image;StillImage,https://iiif.perseus.tufts.edu/iiif/3/1992.04.0080/full/max/0/default.jpg,"https://iiif.perseus.tufts.edu/iiif/3/1992.04.0080/full/^800,/0/default.jpg","https://iiif.perseus.tufts.edu/iiif/3/1992.04.0080/full/^450,/0/default.jpg","Photograph by Maria Daniels, courtesy of the Muse du Louvre, Paris","Louvre Seated Woman from Miletus 2788, right profile",aa_2181,https://iiif.perseus.tufts.edu/iiif/3/1992.04.0080,,,,,,,,,,,,,,,,,,,,,,,,,,,,,,,,,,,,,,,,,,,,,,,,,,,,,,,,,,,,,,,,,,,,,,,,,,,,,,,,,,,,,,,,,,,,,,,,,,
aa_2206,aa_2206,,Relief Plaques from Thasos,compound_object,compound_object,record,https://iiif.perseus.tufts.edu/iiif/3/1992.04.0123/full/max/0/default.jpg,"https://iiif.perseus.tufts.edu/iiif/3/1992.04.0123/full/^800,/0/default.jpg","https://iiif.perseus.tufts.edu/iiif/3/1992.04.0123/full/^450,/0/default.jpg",,,,,,,,,,"Thasos, Passage des Theories",,,,Separated fragments,,"Paris, Muse du Louvre",Discovered by Emmanuel Miller during his expedition of 1864 and brought back by him to Paris. Entered the collection of the Louvre the following year.,,,Complete,"Large relief from west wall, essentially complete; two smaller reliefs from east wall, also essentially complete. Some fragments of the surface of the reliefs have broken away. The surface is heavily weathered.",Thasos,From,,"The style of the sculpture has usually been thought earlier than that of the inscriptions (inscriptions: second quarter of the 5th century by style, but they have no absolute fixed date). However, if the sculpture exhibits a lingering rather than true archaic style, as had been thought, it is difficult to know how late in the 5th century it was carved. Daux suggested a range of 485-470 BC. Jeffery preferred a date around 465 BC for the inscriptions. Perhaps under the influence of a late dating of the inscriptions, scholars had leaned toward the low end of this range. Most recently, however, Holtzmann has argued for a date just before 480 BC, in which case the style is less out of line with sculpture elsewhere in Greece than had previously been thought. Daux pointed out that the inscriptions may have been added at a later time, despite the close relationship to the reliefs.",-472.0,,,,,"Large relief: H. 0.92 m, L. 2.09 m, D. 0.44 m; Relief with Graces: H. 0.92 m, L. 0.92 m, D. 0.33 m; Relief with Hermes: H. 0.915, L. 0.83 m, D. 0.33 m",,,-465,ca.,Leslie Becker,,,,,Thasos,Excavated at,,,,,"1992.04.0123,1992.04.0124,1992.04.0125,1992.04.0126,1992.04.0127,1992.04.0128,1992.04.0129,1992.04.0130,1992.04.0131,1992.04.0132,1992.04.0133,1992.04.0134,1992.04.0135,1992.04.0136,1992.04.0137,1992.04.0138,1992.04.0139,1992.04.0140,1992.04.0141,1992.04.0142,1992.04.0143,1992.04.0144,1992.04.0145","1992.04.0123,1992.04.0124,1992.04.0125,1992.04.0126,1992.04.0127,1992.04.0128,1992.04.0129,1992.04.0130,1992.04.0131,1992.04.0132,1992.04.0133,1992.04.0134,1992.04.0135,1992.04.0136,1992.04.0137,1992.04.0138,1992.04.0139,1992.04.0140,1992.04.0141,1992.04.0142,1992.04.0143,1992.04.0144,1992.04.0145",,,"<P>A: On the molding immediately above the niche of the large relief, in three lines: <foreign lang=Greek>*N*U*M*F*H*I*S*I*N *K*A*P*W*L*L*O*N*I *N*U*M*F*H*G*E*T*H*I *Q*H*L*U *K*A*I *A*R*S*E*N *A*M *B*W*L*H*I *P*R*W*S*E*R*D*E*N *W*I*N *W*U *Q*E*M*I*S *W*U*D*E *X*W*I*R*W*N *W*U *P*A*I*O*N*I*Z*E*T*A*I</foreign>, ""Sacrifice to the nymphs and Apollo Nymphegetes a female and male whichever you wish. It is not lawful [to sacrifice] sheep or pig. The paean is not sung."" B: On the plinth below the feet of Hermes: <foreign lang=Greek>*X*A*R*I*S*I*N *A*I*G*A *W*U *Q*E*M*I*S *W*U*D*E *X*W*I*P*W*N</foreign>, ""To the Graces it is not lawful [to sacrifice] goat or pig."" IG states that the single-line inscription in larger letters running across the top of the niche on the large relief is much later.</P>","<bibl>IG, XII 8, 358</bibl>",,,Perseus,Marble,,Louvre Ma 696,,,,Original,Original,"<bibl>Tlle-Kastenbein 1980, 93</bibl>; <bibl>Pouilloux 1979, 129ff.</bibl>; <bibl>Hiller 1975, 99f.</bibl>; <bibl>Berger 1970, figs. 51-3</bibl>; <bibl>Sokolowski 1969, no.114</bibl>; <bibl>Guarducci 1962, 68-74</bibl>; <bibl>Pouilloux 1959, 284-90</bibl>; <bibl>Salviat 1956, 418-19</bibl>; <bibl>Daux 1954, 469-79</bibl>",,,,Early Classical,35. Early Classical,,2.1,,Central position on east and west walls of the passage,,,,,Macedonia,,,,Under life-size,,,,Architectural,,,,,"<bibl>Jeffery 1990, 302, pl. 58</bibl>; <bibl>Holtzmann 1988, 68ff.</bibl>; <bibl>Boardman 1985a, 67, fig. 43</bibl>; <bibl>Aegean Islands cat. 1979, no.172</bibl>; <bibl>Ridgway 1970, 106</bibl>; <bibl>Guide de Thasos 1968, 37-9, 168</bibl>; <bibl>Richter 1968, 105 no. 193, fig. 613</bibl>; <bibl>Charbonneaux 1963, 14</bibl>; <bibl>Roux 1955, 353-9</bibl>; <bibl>Pouilloux 1954, 22ff.</bibl>; <bibl>Daux 1948, 244-48</bibl>; <bibl>Picard/Manuel, 2.1, 88-92, also 87-8 for a similar relief</bibl>; <bibl>Froehner 1876, 32ff.</bibl>; <bibl>Em. Miller 1864, 388ff.</bibl>",-480,ca.,Early Classical,"<P>The reliefs occupied a central position in the Passage des Theories, an important and expensively constructed structure (walls of marble orthostates) at the northeast corner of the Agora. It takes its name from the list of Theoroi inscribed on the wall, but in addition to its function as a passageway it was apparently an important place of cult.</P><P>The large relief was set into the west wall. To the left of a large niche is Apollo in long chiton and mantle, holding a lyre in his left hand. He is crowned by a follower, possibly Artemis. On the right side are three females, identified as Nymphs by the inscription over the niche, variously dressed and carrying offerings. All figures approach the niche, although Apollo has halted and partially turned, presumably to permit his crowning. A clue to the cultic function of the niche is provided by another relief from the acropolis of Thasos, illustrated by Boardman and now in the Getty Museum. Inside the shrine is a statue of a female deity; if seated she is perhaps Cybele although her identification is by no means clear. Although the relief is only partially preserved, the architectural form of the niche is similar and it too is approached by female figures in profile and closely approximate in scale. An archaic votive relief with veiled female figures in a niche inscribed to the nymphs has recently been found in Miletus (Von Graeve in <bibl>AuKGP 1986, 24f</bibl>.</P><P>The east side of the Passage was treated somewhat differently, with an opening for an altar in the center of the wall. The original position of the two small reliefs is not precisely known (the exact location from which Miller removed them was not clearly recorded), but Roux has reconstructed a probable placement on the two facing walls of the niche of the actual altar. Essentially they depict a mirror composition of the two ends of the large relief. On the right side of the altar is Hermes, identified by his characteristic chlamys, cap and kerykeion, and behind him a female in pointed hat, perhaps Hekate. Hermes approaches and extends his right arm toward the actual place of sacrifice in this case, rather than an image of such. On the other relief (essentially, the left half of a single composition) the three females represent the Graces, again identified by the inscription which refers to them in the context of instructions for the cult. They approach the altar from the left.</P><P>Note that in some old publications the reliefs are referred to as the Prytaneion Reliefs, from a mistaken identification of their findspot as the Prytaneion of Thasos.",Apollo and Nymphs; Hermes and the Graces,Low relief,"Details added in metal (fibula of Apollo, plectrum and strings of the lyre, hair ornaments, etc.).",Sculpture,,,
1992.04.0123,i1992040123,aa_2206,Reliefs from E. Wall of Passage des Theories,image,image/jpeg,Image;StillImage,https://iiif.perseus.tufts.edu/iiif/3/1992.04.0123/full/max/0/default.jpg,"https://iiif.perseus.tufts.edu/iiif/3/1992.04.0123/full/^800,/0/default.jpg","https://iiif.perseus.tufts.edu/iiif/3/1992.04.0123/full/^450,/0/default.jpg","Photograph by Maria Daniels, courtesy of the Muse du Louvre, Paris",Reliefs from E. Wall of Passage des Theories,aa_2206,https://iiif.perseus.tufts.edu/iiif/3/1992.04.0123,,,,,,,,,,,,,,,,,,,,,,,,,,,,,,,,,,,,,,,,,,,,,,,,,,,,,,,,,,,,,,,,,,,,,,,,,,,,,,,,,,,,,,,,,,,,,,,,,,
1992.04.0124,i1992040124,aa_2206,"Reliefs from E. Wall of Passage des Theories, r. relief with Hermes and companion",image,image/jpeg,Image;StillImage,https://iiif.perseus.tufts.edu/iiif/3/1992.04.0124/full/max/0/default.jpg,"https://iiif.perseus.tufts.edu/iiif/3/1992.04.0124/full/^800,/0/default.jpg","https://iiif.perseus.tufts.edu/iiif/3/1992.04.0124/full/^450,/0/default.jpg","Photograph by Maria Daniels, courtesy of the Muse du Louvre, Paris","Reliefs from E. Wall of Passage des Theories, r. relief with Hermes and companion",aa_2206,https://iiif.perseus.tufts.edu/iiif/3/1992.04.0124,,,,,,,,,,,,,,,,,,,,,,,,,,,,,,,,,,,,,,,,,,,,,,,,,,,,,,,,,,,,,,,,,,,,,,,,,,,,,,,,,,,,,,,,,,,,,,,,,,
1992.04.0125,i1992040125,aa_2206,"Reliefs from E. Wall of Passage des Theories, detail of Hermes",image,image/jpeg,Image;StillImage,https://iiif.perseus.tufts.edu/iiif/3/1992.04.0125/full/max/0/default.jpg,"https://iiif.perseus.tufts.edu/iiif/3/1992.04.0125/full/^800,/0/default.jpg","https://iiif.perseus.tufts.edu/iiif/3/1992.04.0125/full/^450,/0/default.jpg","Photograph by Maria Daniels, courtesy of the Muse du Louvre, Paris","Reliefs from E. Wall of Passage des Theories, detail of Hermes",aa_2206,https://iiif.perseus.tufts.edu/iiif/3/1992.04.0125,,,,,,,,,,,,,,,,,,,,,,,,,,,,,,,,,,,,,,,,,,,,,,,,,,,,,,,,,,,,,,,,,,,,,,,,,,,,,,,,,,,,,,,,,,,,,,,,,,
1992.04.0126,i1992040126,aa_2206,"Reliefs from E. Wall of Passage des Theories, detail of goddess",image,image/jpeg,Image;StillImage,https://iiif.perseus.tufts.edu/iiif/3/1992.04.0126/full/max/0/default.jpg,"https://iiif.perseus.tufts.edu/iiif/3/1992.04.0126/full/^800,/0/default.jpg","https://iiif.perseus.tufts.edu/iiif/3/1992.04.0126/full/^450,/0/default.jpg","Photograph by Maria Daniels, courtesy of the Muse du Louvre, Paris","Reliefs from E. Wall of Passage des Theories, detail of goddess",aa_2206,https://iiif.perseus.tufts.edu/iiif/3/1992.04.0126,,,,,,,,,,,,,,,,,,,,,,,,,,,,,,,,,,,,,,,,,,,,,,,,,,,,,,,,,,,,,,,,,,,,,,,,,,,,,,,,,,,,,,,,,,,,,,,,,,
1992.04.0127,i1992040127,aa_2206,"Reliefs from E. Wall of Passage des Theories, detail of Hermes and goddess",image,image/jpeg,Image;StillImage,https://iiif.perseus.tufts.edu/iiif/3/1992.04.0127/full/max/0/default.jpg,"https://iiif.perseus.tufts.edu/iiif/3/1992.04.0127/full/^800,/0/default.jpg","https://iiif.perseus.tufts.edu/iiif/3/1992.04.0127/full/^450,/0/default.jpg","Photograph by Maria Daniels, courtesy of the Muse du Louvre, Paris","Reliefs from E. Wall of Passage des Theories, detail of Hermes and goddess",aa_2206,https://iiif.perseus.tufts.edu/iiif/3/1992.04.0127,,,,,,,,,,,,,,,,,,,,,,,,,,,,,,,,,,,,,,,,,,,,,,,,,,,,,,,,,,,,,,,,,,,,,,,,,,,,,,,,,,,,,,,,,,,,,,,,,,
1992.04.0128,i1992040128,aa_2206,"Reliefs from E. Wall of Passage des Theories, legs of figures on inscribed plinth",image,image/jpeg,Image;StillImage,https://iiif.perseus.tufts.edu/iiif/3/1992.04.0128/full/max/0/default.jpg,"https://iiif.perseus.tufts.edu/iiif/3/1992.04.0128/full/^800,/0/default.jpg","https://iiif.perseus.tufts.edu/iiif/3/1992.04.0128/full/^450,/0/default.jpg","Photograph by Maria Daniels, courtesy of the Muse du Louvre, Paris","Reliefs from E. Wall of Passage des Theories, legs of figures on inscribed plinth",aa_2206,https://iiif.perseus.tufts.edu/iiif/3/1992.04.0128,,,,,,,,,,,,,,,,,,,,,,,,,,,,,,,,,,,,,,,,,,,,,,,,,,,,,,,,,,,,,,,,,,,,,,,,,,,,,,,,,,,,,,,,,,,,,,,,,,
1992.04.0129,i1992040129,aa_2206,"Reliefs from E. Wall of Passage des Theories, left relief with 3 Graces",image,image/jpeg,Image;StillImage,https://iiif.perseus.tufts.edu/iiif/3/1992.04.0129/full/max/0/default.jpg,"https://iiif.perseus.tufts.edu/iiif/3/1992.04.0129/full/^800,/0/default.jpg","https://iiif.perseus.tufts.edu/iiif/3/1992.04.0129/full/^450,/0/default.jpg","Photograph by Maria Daniels, courtesy of the Muse du Louvre, Paris","Reliefs from E. Wall of Passage des Theories, left relief with 3 Graces",aa_2206,https://iiif.perseus.tufts.edu/iiif/3/1992.04.0129,,,,,,,,,,,,,,,,,,,,,,,,,,,,,,,,,,,,,,,,,,,,,,,,,,,,,,,,,,,,,,,,,,,,,,,,,,,,,,,,,,,,,,,,,,,,,,,,,,
1992.04.0130,i1992040130,aa_2206,"Reliefs from E. Wall of Passage des Theories, detail of left Grace",image,image/jpeg,Image;StillImage,https://iiif.perseus.tufts.edu/iiif/3/1992.04.0130/full/max/0/default.jpg,"https://iiif.perseus.tufts.edu/iiif/3/1992.04.0130/full/^800,/0/default.jpg","https://iiif.perseus.tufts.edu/iiif/3/1992.04.0130/full/^450,/0/default.jpg","Photograph by Maria Daniels, courtesy of the Muse du Louvre, Paris","Reliefs from E. Wall of Passage des Theories, detail of left Grace",aa_2206,https://iiif.perseus.tufts.edu/iiif/3/1992.04.0130,,,,,,,,,,,,,,,,,,,,,,,,,,,,,,,,,,,,,,,,,,,,,,,,,,,,,,,,,,,,,,,,,,,,,,,,,,,,,,,,,,,,,,,,,,,,,,,,,,
1992.04.0131,i1992040131,aa_2206,"Reliefs from E. Wall of Passage des Theories, detail of left Grace",image,image/jpeg,Image;StillImage,https://iiif.perseus.tufts.edu/iiif/3/1992.04.0131/full/max/0/default.jpg,"https://iiif.perseus.tufts.edu/iiif/3/1992.04.0131/full/^800,/0/default.jpg","https://iiif.perseus.tufts.edu/iiif/3/1992.04.0131/full/^450,/0/default.jpg","Photograph by Maria Daniels, courtesy of the Muse du Louvre, Paris","Reliefs from E. Wall of Passage des Theories, detail of left Grace",aa_2206,https://iiif.perseus.tufts.edu/iiif/3/1992.04.0131,,,,,,,,,,,,,,,,,,,,,,,,,,,,,,,,,,,,,,,,,,,,,,,,,,,,,,,,,,,,,,,,,,,,,,,,,,,,,,,,,,,,,,,,,,,,,,,,,,
1992.04.0132,i1992040132,aa_2206,"Reliefs from E. Wall of Passage des Theories, detail of center Grace",image,image/jpeg,Image;StillImage,https://iiif.perseus.tufts.edu/iiif/3/1992.04.0132/full/max/0/default.jpg,"https://iiif.perseus.tufts.edu/iiif/3/1992.04.0132/full/^800,/0/default.jpg","https://iiif.perseus.tufts.edu/iiif/3/1992.04.0132/full/^450,/0/default.jpg","Photograph by Maria Daniels, courtesy of the Muse du Louvre, Paris","Reliefs from E. Wall of Passage des Theories, detail of center Grace",aa_2206,https://iiif.perseus.tufts.edu/iiif/3/1992.04.0132,,,,,,,,,,,,,,,,,,,,,,,,,,,,,,,,,,,,,,,,,,,,,,,,,,,,,,,,,,,,,,,,,,,,,,,,,,,,,,,,,,,,,,,,,,,,,,,,,,
1992.04.0133,i1992040133,aa_2206,"Reliefs from E. Wall of Passage des Theories, detail of right Grace",image,image/jpeg,Image;StillImage,https://iiif.perseus.tufts.edu/iiif/3/1992.04.0133/full/max/0/default.jpg,"https://iiif.perseus.tufts.edu/iiif/3/1992.04.0133/full/^800,/0/default.jpg","https://iiif.perseus.tufts.edu/iiif/3/1992.04.0133/full/^450,/0/default.jpg","Photograph by Maria Daniels, courtesy of the Muse du Louvre, Paris","Reliefs from E. Wall of Passage des Theories, detail of right Grace",aa_2206,https://iiif.perseus.tufts.edu/iiif/3/1992.04.0133,,,,,,,,,,,,,,,,,,,,,,,,,,,,,,,,,,,,,,,,,,,,,,,,,,,,,,,,,,,,,,,,,,,,,,,,,,,,,,,,,,,,,,,,,,,,,,,,,,
1992.04.0134,i1992040134,aa_2206,"Reliefs from E. Wall of Passage des Theories, detail of legs of Graces",image,image/jpeg,Image;StillImage,https://iiif.perseus.tufts.edu/iiif/3/1992.04.0134/full/max/0/default.jpg,"https://iiif.perseus.tufts.edu/iiif/3/1992.04.0134/full/^800,/0/default.jpg","https://iiif.perseus.tufts.edu/iiif/3/1992.04.0134/full/^450,/0/default.jpg","Photograph by Maria Daniels, courtesy of the Muse du Louvre, Paris","Reliefs from E. Wall of Passage des Theories, detail of legs of Graces",aa_2206,https://iiif.perseus.tufts.edu/iiif/3/1992.04.0134,,,,,,,,,,,,,,,,,,,,,,,,,,,,,,,,,,,,,,,,,,,,,,,,,,,,,,,,,,,,,,,,,,,,,,,,,,,,,,,,,,,,,,,,,,,,,,,,,,
1992.04.0135,i1992040135,aa_2206,Relief from W. Wall of Passage of Theories,image,image/jpeg,Image;StillImage,https://iiif.perseus.tufts.edu/iiif/3/1992.04.0135/full/max/0/default.jpg,"https://iiif.perseus.tufts.edu/iiif/3/1992.04.0135/full/^800,/0/default.jpg","https://iiif.perseus.tufts.edu/iiif/3/1992.04.0135/full/^450,/0/default.jpg","Photograph by Maria Daniels, courtesy of the Muse du Louvre, Paris",Relief from W. Wall of Passage of Theories,aa_2206,https://iiif.perseus.tufts.edu/iiif/3/1992.04.0135,,,,,,,,,,,,,,,,,,,,,,,,,,,,,,,,,,,,,,,,,,,,,,,,,,,,,,,,,,,,,,,,,,,,,,,,,,,,,,,,,,,,,,,,,,,,,,,,,,
1992.04.0136,i1992040136,aa_2206,"Relief from W. Wall of Passage of Theories, Apollo and Artemis (?)",image,image/jpeg,Image;StillImage,https://iiif.perseus.tufts.edu/iiif/3/1992.04.0136/full/max/0/default.jpg,"https://iiif.perseus.tufts.edu/iiif/3/1992.04.0136/full/^800,/0/default.jpg","https://iiif.perseus.tufts.edu/iiif/3/1992.04.0136/full/^450,/0/default.jpg","Photograph by Maria Daniels, courtesy of the Muse du Louvre, Paris","Relief from W. Wall of Passage of Theories, Apollo and Artemis (?)",aa_2206,https://iiif.perseus.tufts.edu/iiif/3/1992.04.0136,,,,,,,,,,,,,,,,,,,,,,,,,,,,,,,,,,,,,,,,,,,,,,,,,,,,,,,,,,,,,,,,,,,,,,,,,,,,,,,,,,,,,,,,,,,,,,,,,,
1992.04.0137,i1992040137,aa_2206,"Relief from W. Wall of Passage of Theories, detail of figure crowning Apollo",image,image/jpeg,Image;StillImage,https://iiif.perseus.tufts.edu/iiif/3/1992.04.0137/full/max/0/default.jpg,"https://iiif.perseus.tufts.edu/iiif/3/1992.04.0137/full/^800,/0/default.jpg","https://iiif.perseus.tufts.edu/iiif/3/1992.04.0137/full/^450,/0/default.jpg","Photograph by Maria Daniels, courtesy of the Muse du Louvre, Paris","Relief from W. Wall of Passage of Theories, detail of figure crowning Apollo",aa_2206,https://iiif.perseus.tufts.edu/iiif/3/1992.04.0137,,,,,,,,,,,,,,,,,,,,,,,,,,,,,,,,,,,,,,,,,,,,,,,,,,,,,,,,,,,,,,,,,,,,,,,,,,,,,,,,,,,,,,,,,,,,,,,,,,
1992.04.0138,i1992040138,aa_2206,"Relief from W. Wall of Passage of Theories, detail of Apollo",image,image/jpeg,Image;StillImage,https://iiif.perseus.tufts.edu/iiif/3/1992.04.0138/full/max/0/default.jpg,"https://iiif.perseus.tufts.edu/iiif/3/1992.04.0138/full/^800,/0/default.jpg","https://iiif.perseus.tufts.edu/iiif/3/1992.04.0138/full/^450,/0/default.jpg","Photograph by Maria Daniels, courtesy of the Muse du Louvre, Paris","Relief from W. Wall of Passage of Theories, detail of Apollo",aa_2206,https://iiif.perseus.tufts.edu/iiif/3/1992.04.0138,,,,,,,,,,,,,,,,,,,,,,,,,,,,,,,,,,,,,,,,,,,,,,,,,,,,,,,,,,,,,,,,,,,,,,,,,,,,,,,,,,,,,,,,,,,,,,,,,,
1992.04.0139,i1992040139,aa_2206,"Relief from W. Wall of Passage of Theories, feet of Apollo and companion",image,image/jpeg,Image;StillImage,https://iiif.perseus.tufts.edu/iiif/3/1992.04.0139/full/max/0/default.jpg,"https://iiif.perseus.tufts.edu/iiif/3/1992.04.0139/full/^800,/0/default.jpg","https://iiif.perseus.tufts.edu/iiif/3/1992.04.0139/full/^450,/0/default.jpg","Photograph by Maria Daniels, courtesy of the Muse du Louvre, Paris","Relief from W. Wall of Passage of Theories, feet of Apollo and companion",aa_2206,https://iiif.perseus.tufts.edu/iiif/3/1992.04.0139,,,,,,,,,,,,,,,,,,,,,,,,,,,,,,,,,,,,,,,,,,,,,,,,,,,,,,,,,,,,,,,,,,,,,,,,,,,,,,,,,,,,,,,,,,,,,,,,,,
1992.04.0140,i1992040140,aa_2206,"Relief from W. Wall of Passage of Theories, detail of niche with inscription",image,image/jpeg,Image;StillImage,https://iiif.perseus.tufts.edu/iiif/3/1992.04.0140/full/max/0/default.jpg,"https://iiif.perseus.tufts.edu/iiif/3/1992.04.0140/full/^800,/0/default.jpg","https://iiif.perseus.tufts.edu/iiif/3/1992.04.0140/full/^450,/0/default.jpg","Photograph by Maria Daniels, courtesy of the Muse du Louvre, Paris","Relief from W. Wall of Passage of Theories, detail of niche with inscription",aa_2206,https://iiif.perseus.tufts.edu/iiif/3/1992.04.0140,,,,,,,,,,,,,,,,,,,,,,,,,,,,,,,,,,,,,,,,,,,,,,,,,,,,,,,,,,,,,,,,,,,,,,,,,,,,,,,,,,,,,,,,,,,,,,,,,,
1992.04.0141,i1992040141,aa_2206,"Relief from W. Wall of Passage of Theories, three Nymphs",image,image/jpeg,Image;StillImage,https://iiif.perseus.tufts.edu/iiif/3/1992.04.0141/full/max/0/default.jpg,"https://iiif.perseus.tufts.edu/iiif/3/1992.04.0141/full/^800,/0/default.jpg","https://iiif.perseus.tufts.edu/iiif/3/1992.04.0141/full/^450,/0/default.jpg","Photograph by Maria Daniels, courtesy of the Muse du Louvre, Paris","Relief from W. Wall of Passage of Theories, three Nymphs",aa_2206,https://iiif.perseus.tufts.edu/iiif/3/1992.04.0141,,,,,,,,,,,,,,,,,,,,,,,,,,,,,,,,,,,,,,,,,,,,,,,,,,,,,,,,,,,,,,,,,,,,,,,,,,,,,,,,,,,,,,,,,,,,,,,,,,
1992.04.0142,i1992040142,aa_2206,"Relief from W. Wall of Passage of Theories, detail of left Nymph",image,image/jpeg,Image;StillImage,https://iiif.perseus.tufts.edu/iiif/3/1992.04.0142/full/max/0/default.jpg,"https://iiif.perseus.tufts.edu/iiif/3/1992.04.0142/full/^800,/0/default.jpg","https://iiif.perseus.tufts.edu/iiif/3/1992.04.0142/full/^450,/0/default.jpg","Photograph by Maria Daniels, courtesy of the Muse du Louvre, Paris","Relief from W. Wall of Passage of Theories, detail of left Nymph",aa_2206,https://iiif.perseus.tufts.edu/iiif/3/1992.04.0142,,,,,,,,,,,,,,,,,,,,,,,,,,,,,,,,,,,,,,,,,,,,,,,,,,,,,,,,,,,,,,,,,,,,,,,,,,,,,,,,,,,,,,,,,,,,,,,,,,
1992.04.0143,i1992040143,aa_2206,"Relief from W. Wall of Passage of Theories, detail of center Nymph",image,image/jpeg,Image;StillImage,https://iiif.perseus.tufts.edu/iiif/3/1992.04.0143/full/max/0/default.jpg,"https://iiif.perseus.tufts.edu/iiif/3/1992.04.0143/full/^800,/0/default.jpg","https://iiif.perseus.tufts.edu/iiif/3/1992.04.0143/full/^450,/0/default.jpg","Photograph by Maria Daniels, courtesy of the Muse du Louvre, Paris","Relief from W. Wall of Passage of Theories, detail of center Nymph",aa_2206,https://iiif.perseus.tufts.edu/iiif/3/1992.04.0143,,,,,,,,,,,,,,,,,,,,,,,,,,,,,,,,,,,,,,,,,,,,,,,,,,,,,,,,,,,,,,,,,,,,,,,,,,,,,,,,,,,,,,,,,,,,,,,,,,
1992.04.0144,i1992040144,aa_2206,"Relief from W. Wall of Passage of Theories, detail of two right Nymphs",image,image/jpeg,Image;StillImage,https://iiif.perseus.tufts.edu/iiif/3/1992.04.0144/full/max/0/default.jpg,"https://iiif.perseus.tufts.edu/iiif/3/1992.04.0144/full/^800,/0/default.jpg","https://iiif.perseus.tufts.edu/iiif/3/1992.04.0144/full/^450,/0/default.jpg","Photograph by Maria Daniels, courtesy of the Muse du Louvre, Paris","Relief from W. Wall of Passage of Theories, detail of two right Nymphs",aa_2206,https://iiif.perseus.tufts.edu/iiif/3/1992.04.0144,,,,,,,,,,,,,,,,,,,,,,,,,,,,,,,,,,,,,,,,,,,,,,,,,,,,,,,,,,,,,,,,,,,,,,,,,,,,,,,,,,,,,,,,,,,,,,,,,,
1992.04.0145,i1992040145,aa_2206,"Relief from W. Wall of Passage of Theories, legs of Nymphs",image,image/jpeg,Image;StillImage,https://iiif.perseus.tufts.edu/iiif/3/1992.04.0145/full/max/0/default.jpg,"https://iiif.perseus.tufts.edu/iiif/3/1992.04.0145/full/^800,/0/default.jpg","https://iiif.perseus.tufts.edu/iiif/3/1992.04.0145/full/^450,/0/default.jpg","Photograph by Maria Daniels, courtesy of the Muse du Louvre, Paris","Relief from W. Wall of Passage of Theories, legs of Nymphs",aa_2206,https://iiif.perseus.tufts.edu/iiif/3/1992.04.0145,,,,,,,,,,,,,,,,,,,,,,,,,,,,,,,,,,,,,,,,,,,,,,,,,,,,,,,,,,,,,,,,,,,,,,,,,,,,,,,,,,,,,,,,,,,,,,,,,,
aa_2247,aa_2247,,Grave relief of man with lyre,compound_object,compound_object,record,https://iiif.perseus.tufts.edu/iiif/3/1990.13.0586/full/max/0/default.jpg,"https://iiif.perseus.tufts.edu/iiif/3/1990.13.0586/full/^800,/0/default.jpg","https://iiif.perseus.tufts.edu/iiif/3/1990.13.0586/full/^450,/0/default.jpg",,,,,,,,,,,,,,Single monument,,"Munich, Glyptothek","Formerly in Casino Reale at Chiatamone, a royal villa in Naples. Acquired in 1912 by Julius BÃ¶hler.",,,Intact,"<P>Left corners broken away. Fragments chipped from edges and surface, e.g. left hand of man. Heavily weathered.</P>",,,,,-405.0,,,,,"<P>H 0.80 m, W 0.43 m, H of relief 0.013 m</P>",,,-400,ca.,Leslie Becker/Amy C. Smith,,,,,Pompeii (perhaps),Said to be found at,"<P>The figural scene superimposes a large rectangular element, and is surmounted by a rectangular band upon a cyma molding.</P>",,,,"1990.13.0586,1990.13.0587,1990.13.0589,1990.13.0591,1990.13.0592,1990.13.0593","1990.13.0586,1990.13.0587,1990.13.0589,1990.13.0591,1990.13.0592,1990.13.0593",,,,,,,Perseus,Marble,<P>Marble with gray speckles</P>,Munich GL 481,Funerary,,,Original,Original,"<bibl>Ohly 1977, 42, 45 no.5</bibl>; <bibl>Berger 1970, 149, n. 182, fig. 161</bibl>; G. Bakalakis, <foreign lang=""Greek"">*A*N*A*G*L*U*F*A</foreign> (1969) 37 f., 39; E. Tsirivakos, ArchDelt 23 (1968) 73, n. 15; P. Zanker, <hi rend=""ital"">AA</hi> 1965, 148 f.; C. Karouzos, AM 76 (1961) 119; K. Schefold, <hi rend=""ital"">AntK</hi> 1 (1958) 70; <bibl>Lippold 1950, 211.11</bibl>; <bibl>Wegner 1949, 104, 219</bibl>; <bibl>Kaltenhuser 1938, 25</bibl>; <bibl>Klein 1932, pl. 29</bibl>; <bibl>RE [...]",,,,High Classical,42. High Classical,,2.2,,,,,,,Campania,,,,Miniature (pictorial field),,,,"Stele, relief-decorated",,,,,"<bibl>Vierneisel-Schlrb 1988, 9-11, no. 2, pls. 2-3</bibl>",-410,ca.,High Classical,"<P>An older man, seated near profile to the right in a klismos (backed chair), wears a himation draped around his lower torso and legs, and holds a lyre in his lap. He supports the lyre with his right hand, and plays the strings with his left hand. He looks at a nude boy, who stands (dances?) profile to the left, in front of him. The boy holds a rectangular object in each hand--probably scrolls--in front of his body, and looks down at them.</P>",Seated man with lyre and youth,Very low relief,,Sculpture,,,
1990.13.0586,i1990130586,aa_2247,Man with Lyre Stele,image,image/jpeg,Image;StillImage,https://iiif.perseus.tufts.edu/iiif/3/1990.13.0586/full/max/0/default.jpg,"https://iiif.perseus.tufts.edu/iiif/3/1990.13.0586/full/^800,/0/default.jpg","https://iiif.perseus.tufts.edu/iiif/3/1990.13.0586/full/^450,/0/default.jpg","Photograph by Maria Daniels, copyright Staatl. Antikensammlungen und Glyptothek, Mnchen",Man with Lyre Stele,aa_2247,https://iiif.perseus.tufts.edu/iiif/3/1990.13.0586,,,,,,,,,,,,,,,,,,,,,,,,,,,,,,,,,,,,,,,,,,,,,,,,,,,,,,,,,,,,,,,,,,,,,,,,,,,,,,,,,,,,,,,,,,,,,,,,,,
1990.13.0587,i1990130587,aa_2247,"Man with Lyre Stele, detail of seated man",image,image/jpeg,Image;StillImage,https://iiif.perseus.tufts.edu/iiif/3/1990.13.0587/full/max/0/default.jpg,"https://iiif.perseus.tufts.edu/iiif/3/1990.13.0587/full/^800,/0/default.jpg","https://iiif.perseus.tufts.edu/iiif/3/1990.13.0587/full/^450,/0/default.jpg","Photograph by Maria Daniels, copyright Staatl. Antikensammlungen und Glyptothek, Mnchen","Man with Lyre Stele, detail of seated man",aa_2247,https://iiif.perseus.tufts.edu/iiif/3/1990.13.0587,,,,,,,,,,,,,,,,,,,,,,,,,,,,,,,,,,,,,,,,,,,,,,,,,,,,,,,,,,,,,,,,,,,,,,,,,,,,,,,,,,,,,,,,,,,,,,,,,,
1990.13.0589,i1990130589,aa_2247,"Man with Lyre Stele, detail of youth",image,image/jpeg,Image;StillImage,https://iiif.perseus.tufts.edu/iiif/3/1990.13.0589/full/max/0/default.jpg,"https://iiif.perseus.tufts.edu/iiif/3/1990.13.0589/full/^800,/0/default.jpg","https://iiif.perseus.tufts.edu/iiif/3/1990.13.0589/full/^450,/0/default.jpg","Photograph by Maria Daniels, copyright Staatl. Antikensammlungen und Glyptothek, Mnchen","Man with Lyre Stele, detail of youth",aa_2247,https://iiif.perseus.tufts.edu/iiif/3/1990.13.0589,,,,,,,,,,,,,,,,,,,,,,,,,,,,,,,,,,,,,,,,,,,,,,,,,,,,,,,,,,,,,,,,,,,,,,,,,,,,,,,,,,,,,,,,,,,,,,,,,,
1990.13.0591,i1990130591,aa_2247,"Man with Lyre Stele, detail of lyre",image,image/jpeg,Image;StillImage,https://iiif.perseus.tufts.edu/iiif/3/1990.13.0591/full/max/0/default.jpg,"https://iiif.perseus.tufts.edu/iiif/3/1990.13.0591/full/^800,/0/default.jpg","https://iiif.perseus.tufts.edu/iiif/3/1990.13.0591/full/^450,/0/default.jpg","Photograph by Maria Daniels, copyright Staatl. Antikensammlungen und Glyptothek, Mnchen","Man with Lyre Stele, detail of lyre",aa_2247,https://iiif.perseus.tufts.edu/iiif/3/1990.13.0591,,,,,,,,,,,,,,,,,,,,,,,,,,,,,,,,,,,,,,,,,,,,,,,,,,,,,,,,,,,,,,,,,,,,,,,,,,,,,,,,,,,,,,,,,,,,,,,,,,
1990.13.0592,i1990130592,aa_2247,"Man with Lyre Stele, detail of legs of figures",image,image/jpeg,Image;StillImage,https://iiif.perseus.tufts.edu/iiif/3/1990.13.0592/full/max/0/default.jpg,"https://iiif.perseus.tufts.edu/iiif/3/1990.13.0592/full/^800,/0/default.jpg","https://iiif.perseus.tufts.edu/iiif/3/1990.13.0592/full/^450,/0/default.jpg","Photograph by Maria Daniels, copyright Staatl. Antikensammlungen und Glyptothek, Mnchen","Man with Lyre Stele, detail of legs of figures",aa_2247,https://iiif.perseus.tufts.edu/iiif/3/1990.13.0592,,,,,,,,,,,,,,,,,,,,,,,,,,,,,,,,,,,,,,,,,,,,,,,,,,,,,,,,,,,,,,,,,,,,,,,,,,,,,,,,,,,,,,,,,,,,,,,,,,
1990.13.0593,i1990130593,aa_2247,"Man with Lyre Stele, from left, showing thickness, crown and base moldings",image,image/jpeg,Image;StillImage,https://iiif.perseus.tufts.edu/iiif/3/1990.13.0593/full/max/0/default.jpg,"https://iiif.perseus.tufts.edu/iiif/3/1990.13.0593/full/^800,/0/default.jpg","https://iiif.perseus.tufts.edu/iiif/3/1990.13.0593/full/^450,/0/default.jpg","Photograph by Maria Daniels, copyright Staatl. Antikensammlungen und Glyptothek, Mnchen","Man with Lyre Stele, from left, showing thickness, crown and base moldings",aa_2247,https://iiif.perseus.tufts.edu/iiif/3/1990.13.0593,,,,,,,,,,,,,,,,,,,,,,,,,,,,,,,,,,,,,,,,,,,,,,,,,,,,,,,,,,,,,,,,,,,,,,,,,,,,,,,,,,,,,,,,,,,,,,,,,,
aa_2901,aa_2901,,Palmette akroterion from the West Pediment of the Temple of Poseidon at Sounion,compound_object,compound_object,record,,,,,,,,,,,,,"Sounion, Temple of Poseidon",,,,Separated fragments,,"Athens, National Archaeological Museum",,,,Fragmentary,Restored,Sounion,From,,,0.0,,,,,H. 0.14 m,,,,,Amy C. Smith,,,,,"Sounion, Temple of Poseidon",Found at,,,,,,,,,,,,,Perseus,Marble,,"Athens, NM 1112",Ornament,,,Original,Original,,,,,High Classical,42. High Classical,,3.1,,Akroterion,,,,,Attica,,,,Large,,,,Architectural,,,,,"<bibl>Karouzou 1968, 56</bibl>",,,High Classical,,Single palmette sprouting from a pair of volutes,Low relief,,Sculpture,-440,ca.,
aa_3593,aa_3593,,Apollo of the Naxians,compound_object,compound_object,record,,,,,,,,,,,,,,,,,Single monument,,"Delos Archaeological Museum, Temenos of Apollo at Delos, and London, British Mu",Drawn by traveller S. de Vries in 1673 showing the entire head. It has been noted by modern travellers since ca. 1420 (when Bondelmonte saw the statue lying on the ground) and has been despoiled since then.,,,Fragmentary,"<P>The torso is comprised of two pieces in situ at the Temenos of Apollo, part of the left hand (<rs type=""sculpture"">Delos A 4094</rs>), part of the left foot with some of the plinth (<rs type=""sculpture"">London B 322</rs>), and more of the inscribed base, also in situ at the Temenos of Apollo.</P><P>The surface of the fragments in situ are inscribed also with graffiti--the names of moderm travellers. The exposed surfaces are extremely weathered.",Delos,From,,,0.0,,,,,H. restored 8.5-10.0 m. Torso: H. (neck to waist) 2.20 m; H. (waist to below buttocks) H. 1.20 m; circ. (waist) 2.76. Base (in situ): L. 3.47 m; W. 5.15 m; H. 0.70 m,"Plutarch (in <bibl n=""Plut. Vit. Nik. 3"">Plut. Vit. Nik. 3</bibl>) mentioned that the great statue of the Naxians--without specifying what it represented--was knocked down by a palm tree that had been dedicated by Nikias in 417 B.C.",,-570,ca.,Pamela J. Russell,,,,,Delos,Found at,"The form is simple, barely modeled, almost certainly a representative work of the Naxian school of sculptors.",,,,,,,,"The inscribed statue base (in situ). On the east side (probably original) is inscribed: <foreign lang=Greek>[*T]*O *A*V*U*T*O *L*I*Q*O *E*M*I *A*N*D*R*I*A*S *K*A*I *T*O *S*F*E*L*A*S</foreign>, ""I am of the same stone, statue and plinth."" On the west side a later inscription (probably from the fourth century B.C., after the statue had fallen and was recreated) reads: <foreign lang=Greek>*N*A*C*I*O*I *A*P*O*L*L*W*N*I</foreign>, ""[From] the Naxians to Apollo"" (probably fourth century B.C.). The original dedication probably appeared on the missing portion of the base.",<bibl>IG 7.5 test. 1425c</bibl>,,,Perseus,Marble,Coarse-grained island marble (probably Naxian),Apollo of the Naxians,Victory,,,Original,Original,,,,,High Archaic,27. High Archaic,,3.1,,,,,,,Cyclades,,,,Colossal,,,,Free-standing statue: kouros,,,,,"<bibl>Stewart 1990, 118</bibl>; <bibl>Boardman 1978a, 23</bibl>; <bibl>Richter 1970b, 51-53 no. 15, figs. 87-90 (with previous bibliography)</bibl>",-580,ca.,High Archaic,"This belted (but otherwise nude) male figure seems to have had a large head, long neck, and sloping shoulders. Eight locks of hair seem to have fallen down the back where they terminated in a horizontal line comprised of spiral curls.","Votive dedication of a kouros, probably a statue of Apollo, by the Naxians to Delos",In-the-round,<P>A hexagonal insertion mark in the upper surface of the plinth is visible.</P><P>Drill holes on the chest (four on the left and two on the right) indicate that locks of hair may have been made of metal (perhaps later additions).,Sculpture,,,
aa_3686,aa_3686,,Apis Bull,compound_object,compound_object,record,https://iiif.perseus.tufts.edu/iiif/3/1997.03.4754/full/max/0/default.jpg,"https://iiif.perseus.tufts.edu/iiif/3/1997.03.4754/full/^800,/0/default.jpg","https://iiif.perseus.tufts.edu/iiif/3/1997.03.4754/full/^450,/0/default.jpg",,,,,,,,,,,,,,Single monument,,"Museum of Fine Arts, Boston",,,,Complete,,,,,,0.0,,,,,H 0.049 m; L 0.055 m,,,200,ca.,Pamela J. Russell,,,,,,,,,,,"1997.03.4754,1997.03.4755,1997.03.4756,1997.03.4757,1997.03.4758,1997.03.4759,1997.03.4760,1997.03.4761,1997.03.4762,1997.03.4763,1997.03.4764,1997.03.4765,1997.03.4766,1997.03.4767,1997.03.4768,1997.03.4769","1997.03.4754,1997.03.4755,1997.03.4756,1997.03.4757,1997.03.4758,1997.03.4759,1997.03.4760,1997.03.4761,1997.03.4762,1997.03.4763,1997.03.4764,1997.03.4765,1997.03.4766,1997.03.4767,1997.03.4768,1997.03.4769",,,,,,,Perseus,Silver,,Boston 1973.215,,,,,,,,,,Roman Imperial,57. Roman Imperial,,4.0,,,,,,,,,,,Miniature,,,,Free-standing statue,,,,,"<bibl>Vermeule 1974</bibl>, 34-36 no. 100",100,ca.,,"Bull in a stately pose with carefully rendered details in the musculature, dewlap, and topknot. A pinhole between the horns carried the Egyptian bull-god's identifying crescent moon and sun-disc.",Apis bull,,,Sculpture,,,
1997.03.4754,i1997034754,aa_3686,Apis Bull: right profile,image,image/jpeg,Image;StillImage,https://iiif.perseus.tufts.edu/iiif/3/1997.03.4754/full/max/0/default.jpg,"https://iiif.perseus.tufts.edu/iiif/3/1997.03.4754/full/^800,/0/default.jpg","https://iiif.perseus.tufts.edu/iiif/3/1997.03.4754/full/^450,/0/default.jpg","Photograph by Maria Daniels, courtesy of the Museum of Fine Arts, Boston",Apis Bull: right profile,aa_3686,https://iiif.perseus.tufts.edu/iiif/3/1997.03.4754,,,,,,,,,,,,,,,,,,,,,,,,,,,,,,,,,,,,,,,,,,,,,,,,,,,,,,,,,,,,,,,,,,,,,,,,,,,,,,,,,,,,,,,,,,,,,,,,,,
1997.03.4755,i1997034755,aa_3686,Apis Bull: three-quarter view of right side,image,image/jpeg,Image;StillImage,https://iiif.perseus.tufts.edu/iiif/3/1997.03.4755/full/max/0/default.jpg,"https://iiif.perseus.tufts.edu/iiif/3/1997.03.4755/full/^800,/0/default.jpg","https://iiif.perseus.tufts.edu/iiif/3/1997.03.4755/full/^450,/0/default.jpg","Photograph by Maria Daniels, courtesy of the Museum of Fine Arts, Boston",Apis Bull: three-quarter view of right side,aa_3686,https://iiif.perseus.tufts.edu/iiif/3/1997.03.4755,,,,,,,,,,,,,,,,,,,,,,,,,,,,,,,,,,,,,,,,,,,,,,,,,,,,,,,,,,,,,,,,,,,,,,,,,,,,,,,,,,,,,,,,,,,,,,,,,,
1997.03.4756,i1997034756,aa_3686,Apis Bull: right side from front,image,image/jpeg,Image;StillImage,https://iiif.perseus.tufts.edu/iiif/3/1997.03.4756/full/max/0/default.jpg,"https://iiif.perseus.tufts.edu/iiif/3/1997.03.4756/full/^800,/0/default.jpg","https://iiif.perseus.tufts.edu/iiif/3/1997.03.4756/full/^450,/0/default.jpg","Photograph by Maria Daniels, courtesy of the Museum of Fine Arts, Boston",Apis Bull: right side from front,aa_3686,https://iiif.perseus.tufts.edu/iiif/3/1997.03.4756,,,,,,,,,,,,,,,,,,,,,,,,,,,,,,,,,,,,,,,,,,,,,,,,,,,,,,,,,,,,,,,,,,,,,,,,,,,,,,,,,,,,,,,,,,,,,,,,,,
1997.03.4757,i1997034757,aa_3686,Apis Bull: view facing head,image,image/jpeg,Image;StillImage,https://iiif.perseus.tufts.edu/iiif/3/1997.03.4757/full/max/0/default.jpg,"https://iiif.perseus.tufts.edu/iiif/3/1997.03.4757/full/^800,/0/default.jpg","https://iiif.perseus.tufts.edu/iiif/3/1997.03.4757/full/^450,/0/default.jpg","Photograph by Maria Daniels, courtesy of the Museum of Fine Arts, Boston",Apis Bull: view facing head,aa_3686,https://iiif.perseus.tufts.edu/iiif/3/1997.03.4757,,,,,,,,,,,,,,,,,,,,,,,,,,,,,,,,,,,,,,,,,,,,,,,,,,,,,,,,,,,,,,,,,,,,,,,,,,,,,,,,,,,,,,,,,,,,,,,,,,
1997.03.4758,i1997034758,aa_3686,Apis Bull: view of left side from front,image,image/jpeg,Image;StillImage,https://iiif.perseus.tufts.edu/iiif/3/1997.03.4758/full/max/0/default.jpg,"https://iiif.perseus.tufts.edu/iiif/3/1997.03.4758/full/^800,/0/default.jpg","https://iiif.perseus.tufts.edu/iiif/3/1997.03.4758/full/^450,/0/default.jpg","Photograph by Maria Daniels, courtesy of the Museum of Fine Arts, Boston",Apis Bull: view of left side from front,aa_3686,https://iiif.perseus.tufts.edu/iiif/3/1997.03.4758,,,,,,,,,,,,,,,,,,,,,,,,,,,,,,,,,,,,,,,,,,,,,,,,,,,,,,,,,,,,,,,,,,,,,,,,,,,,,,,,,,,,,,,,,,,,,,,,,,
1997.03.4759,i1997034759,aa_3686,Apis Bull: three-quarter view of left side,image,image/jpeg,Image;StillImage,https://iiif.perseus.tufts.edu/iiif/3/1997.03.4759/full/max/0/default.jpg,"https://iiif.perseus.tufts.edu/iiif/3/1997.03.4759/full/^800,/0/default.jpg","https://iiif.perseus.tufts.edu/iiif/3/1997.03.4759/full/^450,/0/default.jpg","Photograph by Maria Daniels, courtesy of the Museum of Fine Arts, Boston",Apis Bull: three-quarter view of left side,aa_3686,https://iiif.perseus.tufts.edu/iiif/3/1997.03.4759,,,,,,,,,,,,,,,,,,,,,,,,,,,,,,,,,,,,,,,,,,,,,,,,,,,,,,,,,,,,,,,,,,,,,,,,,,,,,,,,,,,,,,,,,,,,,,,,,,
1997.03.4760,i1997034760,aa_3686,Apis Bull: left profile,image,image/jpeg,Image;StillImage,https://iiif.perseus.tufts.edu/iiif/3/1997.03.4760/full/max/0/default.jpg,"https://iiif.perseus.tufts.edu/iiif/3/1997.03.4760/full/^800,/0/default.jpg","https://iiif.perseus.tufts.edu/iiif/3/1997.03.4760/full/^450,/0/default.jpg","Photograph by Maria Daniels, courtesy of the Museum of Fine Arts, Boston",Apis Bull: left profile,aa_3686,https://iiif.perseus.tufts.edu/iiif/3/1997.03.4760,,,,,,,,,,,,,,,,,,,,,,,,,,,,,,,,,,,,,,,,,,,,,,,,,,,,,,,,,,,,,,,,,,,,,,,,,,,,,,,,,,,,,,,,,,,,,,,,,,
1997.03.4761,i1997034761,aa_3686,Apis Bull: three-quarter view of left side from back,image,image/jpeg,Image;StillImage,https://iiif.perseus.tufts.edu/iiif/3/1997.03.4761/full/max/0/default.jpg,"https://iiif.perseus.tufts.edu/iiif/3/1997.03.4761/full/^800,/0/default.jpg","https://iiif.perseus.tufts.edu/iiif/3/1997.03.4761/full/^450,/0/default.jpg","Photograph by Maria Daniels, courtesy of the Museum of Fine Arts, Boston",Apis Bull: three-quarter view of left side from back,aa_3686,https://iiif.perseus.tufts.edu/iiif/3/1997.03.4761,,,,,,,,,,,,,,,,,,,,,,,,,,,,,,,,,,,,,,,,,,,,,,,,,,,,,,,,,,,,,,,,,,,,,,,,,,,,,,,,,,,,,,,,,,,,,,,,,,
1997.03.4762,i1997034762,aa_3686,Apis Bull: left side from back,image,image/jpeg,Image;StillImage,https://iiif.perseus.tufts.edu/iiif/3/1997.03.4762/full/max/0/default.jpg,"https://iiif.perseus.tufts.edu/iiif/3/1997.03.4762/full/^800,/0/default.jpg","https://iiif.perseus.tufts.edu/iiif/3/1997.03.4762/full/^450,/0/default.jpg","Photograph by Maria Daniels, courtesy of the Museum of Fine Arts, Boston",Apis Bull: left side from back,aa_3686,https://iiif.perseus.tufts.edu/iiif/3/1997.03.4762,,,,,,,,,,,,,,,,,,,,,,,,,,,,,,,,,,,,,,,,,,,,,,,,,,,,,,,,,,,,,,,,,,,,,,,,,,,,,,,,,,,,,,,,,,,,,,,,,,
1997.03.4763,i1997034763,aa_3686,Apis Bull: view facing rear,image,image/jpeg,Image;StillImage,https://iiif.perseus.tufts.edu/iiif/3/1997.03.4763/full/max/0/default.jpg,"https://iiif.perseus.tufts.edu/iiif/3/1997.03.4763/full/^800,/0/default.jpg","https://iiif.perseus.tufts.edu/iiif/3/1997.03.4763/full/^450,/0/default.jpg","Photograph by Maria Daniels, courtesy of the Museum of Fine Arts, Boston",Apis Bull: view facing rear,aa_3686,https://iiif.perseus.tufts.edu/iiif/3/1997.03.4763,,,,,,,,,,,,,,,,,,,,,,,,,,,,,,,,,,,,,,,,,,,,,,,,,,,,,,,,,,,,,,,,,,,,,,,,,,,,,,,,,,,,,,,,,,,,,,,,,,
1997.03.4764,i1997034764,aa_3686,Apis Bull: right side from back,image,image/jpeg,Image;StillImage,https://iiif.perseus.tufts.edu/iiif/3/1997.03.4764/full/max/0/default.jpg,"https://iiif.perseus.tufts.edu/iiif/3/1997.03.4764/full/^800,/0/default.jpg","https://iiif.perseus.tufts.edu/iiif/3/1997.03.4764/full/^450,/0/default.jpg","Photograph by Maria Daniels, courtesy of the Museum of Fine Arts, Boston",Apis Bull: right side from back,aa_3686,https://iiif.perseus.tufts.edu/iiif/3/1997.03.4764,,,,,,,,,,,,,,,,,,,,,,,,,,,,,,,,,,,,,,,,,,,,,,,,,,,,,,,,,,,,,,,,,,,,,,,,,,,,,,,,,,,,,,,,,,,,,,,,,,
1997.03.4765,i1997034765,aa_3686,Apis Bull: three-quarter view of right side from back,image,image/jpeg,Image;StillImage,https://iiif.perseus.tufts.edu/iiif/3/1997.03.4765/full/max/0/default.jpg,"https://iiif.perseus.tufts.edu/iiif/3/1997.03.4765/full/^800,/0/default.jpg","https://iiif.perseus.tufts.edu/iiif/3/1997.03.4765/full/^450,/0/default.jpg","Photograph by Maria Daniels, courtesy of the Museum of Fine Arts, Boston",Apis Bull: three-quarter view of right side from back,aa_3686,https://iiif.perseus.tufts.edu/iiif/3/1997.03.4765,,,,,,,,,,,,,,,,,,,,,,,,,,,,,,,,,,,,,,,,,,,,,,,,,,,,,,,,,,,,,,,,,,,,,,,,,,,,,,,,,,,,,,,,,,,,,,,,,,
1997.03.4766,i1997034766,aa_3686,"Apis Bull, detail of head and forelegs: view from right",image,image/jpeg,Image;StillImage,https://iiif.perseus.tufts.edu/iiif/3/1997.03.4766/full/max/0/default.jpg,"https://iiif.perseus.tufts.edu/iiif/3/1997.03.4766/full/^800,/0/default.jpg","https://iiif.perseus.tufts.edu/iiif/3/1997.03.4766/full/^450,/0/default.jpg","Photograph by Maria Daniels, courtesy of the Museum of Fine Arts, Boston","Apis Bull, detail of head and forelegs: view from right",aa_3686,https://iiif.perseus.tufts.edu/iiif/3/1997.03.4766,,,,,,,,,,,,,,,,,,,,,,,,,,,,,,,,,,,,,,,,,,,,,,,,,,,,,,,,,,,,,,,,,,,,,,,,,,,,,,,,,,,,,,,,,,,,,,,,,,
1997.03.4767,i1997034767,aa_3686,"Apis Bull, detail of head and forelegs: view from left",image,image/jpeg,Image;StillImage,https://iiif.perseus.tufts.edu/iiif/3/1997.03.4767/full/max/0/default.jpg,"https://iiif.perseus.tufts.edu/iiif/3/1997.03.4767/full/^800,/0/default.jpg","https://iiif.perseus.tufts.edu/iiif/3/1997.03.4767/full/^450,/0/default.jpg","Photograph by Maria Daniels, courtesy of the Museum of Fine Arts, Boston","Apis Bull, detail of head and forelegs: view from left",aa_3686,https://iiif.perseus.tufts.edu/iiif/3/1997.03.4767,,,,,,,,,,,,,,,,,,,,,,,,,,,,,,,,,,,,,,,,,,,,,,,,,,,,,,,,,,,,,,,,,,,,,,,,,,,,,,,,,,,,,,,,,,,,,,,,,,
1997.03.4768,i1997034768,aa_3686,Apis Bull: view from below,image,image/jpeg,Image;StillImage,https://iiif.perseus.tufts.edu/iiif/3/1997.03.4768/full/max/0/default.jpg,"https://iiif.perseus.tufts.edu/iiif/3/1997.03.4768/full/^800,/0/default.jpg","https://iiif.perseus.tufts.edu/iiif/3/1997.03.4768/full/^450,/0/default.jpg","Photograph by Maria Daniels, courtesy of the Museum of Fine Arts, Boston",Apis Bull: view from below,aa_3686,https://iiif.perseus.tufts.edu/iiif/3/1997.03.4768,,,,,,,,,,,,,,,,,,,,,,,,,,,,,,,,,,,,,,,,,,,,,,,,,,,,,,,,,,,,,,,,,,,,,,,,,,,,,,,,,,,,,,,,,,,,,,,,,,
1997.03.4769,i1997034769,aa_3686,Apis Bull: view from above,image,image/jpeg,Image;StillImage,https://iiif.perseus.tufts.edu/iiif/3/1997.03.4769/full/max/0/default.jpg,"https://iiif.perseus.tufts.edu/iiif/3/1997.03.4769/full/^800,/0/default.jpg","https://iiif.perseus.tufts.edu/iiif/3/1997.03.4769/full/^450,/0/default.jpg","Photograph by Maria Daniels, courtesy of the Museum of Fine Arts, Boston",Apis Bull: view from above,aa_3686,https://iiif.perseus.tufts.edu/iiif/3/1997.03.4769,,,,,,,,,,,,,,,,,,,,,,,,,,,,,,,,,,,,,,,,,,,,,,,,,,,,,,,,,,,,,,,,,,,,,,,,,,,,,,,,,,,,,,,,,,,,,,,,,,
aa_3879,aa_3879,,Amphiaraion,compound_object,compound_object,record,https://iiif.perseus.tufts.edu/iiif/3/1987.08.3121/full/max/0/default.jpg,"https://iiif.perseus.tufts.edu/iiif/3/1987.08.3121/full/^800,/0/default.jpg","https://iiif.perseus.tufts.edu/iiif/3/1987.08.3121/full/^450,/0/default.jpg",,,,,,,,,,,,,,,,,,,,,,,,,,,,,"<P>The cult of Amphiaraos (a mythical Argive hero and seer) was established in the 5th century B.C. and its popularity continued to grow through the Classical and Roman periods. The sanctuary was well known for the divinations of its oracle, the interpretation of dreams and a place where pilgrims were healed. The festival of Amphiaraos was celebrated every 4 years and was especially popular in the Roman period.</P><P>Although control of the territory of Oropos was constantly contested between Athens and Boeotia, the sanctuary seems to have remained inviolated until it was finally abandoned in the 4th century A.D.</P>",,,,,,,Donald R. Keller,,,"<P>Excavations: 1884-1929, Phintikles, Leonardos and W. Drpfeld.</P>",,,,,,,,"1987.08.3121,1987.09.2125,1987.09.2126,1990.30.0005,1990.33.1077","1987.08.3121,1987.09.2125,1987.09.2126,1990.30.0005,1990.33.1077",,,,,,,Perseus,,,Amphiaraion,,,,,,"<P><bibl>V. Petrakos, ""Epigrafai Oropou,"" AAA 1 (1968)69-73</bibl>;Excavations began 1884 with S. Phintikles, B. Leonardos and W. Drpfeld, reports include: <bibl>Prakt (1884) 88ff; (1886) 51ff; (1887) 59ff; (1890) 31ff; (1904) 27f; (1906) 83ff; (1907) 119ff; (1913) 113ff; (1916) 65ff; (1927) 27ff; (1928) 41ff; (1929) 57ff. ArchEph (1922) 101ff; (1923) 36ff</bibl>. Papadimitriou's cleaning on site: <bibl>Ergon (1957) 105f; (1958) 181f; (1960) 220f</bibl>; <bibl>V. Petrakos, O Oropos kai to [...]",,,,,,<P>Classical</P><P>Hellenistic</P><P>Roman</P>,1.0,"<P>The sanctuary is located beside a ravine in wooded hills ca. 3 km N of the fortified harbor town of Oropos (an important link in Athens' grain and cattle supply route from Eretria on the opposite side of the Euripos channel). On the N side of the ravine are the temple, altar, sacred spring, stoa, theater and other structures associated with the cult and healing. S of the ravine were accommodations for the priests and attendants, pilgrims, and patients. There was also a klepsydra or water clock on the S side of the ravine.</P>",,,,,,Attica,,,,,,,,,,,,Sanctuary,"<P><bibl>Rossiter 1977, 210</bibl>; <bibl>PECS, 656</bibl>; <bibl>Leekley and Noyes 1976, 2</bibl></P>",,,,,Sanctuary of Amphiaraos and a healing center.,,,Site,,,
1987.08.3121,i1987083121,aa_3879,"Retaining wall S of theater and N of stoa, Amphiaraion, Retaining Wall",image,image/jpeg,Image;StillImage,https://iiif.perseus.tufts.edu/iiif/3/1987.08.3121/full/max/0/default.jpg,"https://iiif.perseus.tufts.edu/iiif/3/1987.08.3121/full/^800,/0/default.jpg","https://iiif.perseus.tufts.edu/iiif/3/1987.08.3121/full/^450,/0/default.jpg",Photograph courtesy of Thomas Martin and Ivy S. Sun,"Retaining wall S of theater and N of stoa, Amphiaraion, Retaining Wall",aa_3879,https://iiif.perseus.tufts.edu/iiif/3/1987.08.3121,,,,,,,,,,,,,,,,,,,,,,,,,,,,,,,,,,,,,,,,,,,,,,,,,,,,,,,,,,,,,,,,,,,,,,,,,,,,,,,,,,,,,,,,,,,,,,,,,,
1987.09.2125,i1987092125,aa_3879,"View from SW, Amphiaraion",image,image/jpeg,Image;StillImage,https://iiif.perseus.tufts.edu/iiif/3/1987.09.2125/full/max/0/default.jpg,"https://iiif.perseus.tufts.edu/iiif/3/1987.09.2125/full/^800,/0/default.jpg","https://iiif.perseus.tufts.edu/iiif/3/1987.09.2125/full/^450,/0/default.jpg","Photograph courtesy of the Department of Archaeology, Boston University, Saul S. Weinberg Collection","View from SW, Amphiaraion",aa_3879,https://iiif.perseus.tufts.edu/iiif/3/1987.09.2125,,,,,,,,,,,,,,,,,,,,,,,,,,,,,,,,,,,,,,,,,,,,,,,,,,,,,,,,,,,,,,,,,,,,,,,,,,,,,,,,,,,,,,,,,,,,,,,,,,
1987.09.2126,i1987092126,aa_3879,"Overall view of sanctuary from SW, Amphiaraion",image,image/jpeg,Image;StillImage,https://iiif.perseus.tufts.edu/iiif/3/1987.09.2126/full/max/0/default.jpg,"https://iiif.perseus.tufts.edu/iiif/3/1987.09.2126/full/^800,/0/default.jpg","https://iiif.perseus.tufts.edu/iiif/3/1987.09.2126/full/^450,/0/default.jpg","Photograph courtesy of the Department of Archaeology, Boston University, Saul S. Weinberg Collection","Overall view of sanctuary from SW, Amphiaraion",aa_3879,https://iiif.perseus.tufts.edu/iiif/3/1987.09.2126,,,,,,,,,,,,,,,,,,,,,,,,,,,,,,,,,,,,,,,,,,,,,,,,,,,,,,,,,,,,,,,,,,,,,,,,,,,,,,,,,,,,,,,,,,,,,,,,,,
1990.30.0005,i1990300005,aa_3879,"Aerial view of sanctuary, Amphiaraion",image,image/jpeg,Image;StillImage,https://iiif.perseus.tufts.edu/iiif/3/1990.30.0005/full/max/0/default.jpg,"https://iiif.perseus.tufts.edu/iiif/3/1990.30.0005/full/^800,/0/default.jpg","https://iiif.perseus.tufts.edu/iiif/3/1990.30.0005/full/^450,/0/default.jpg","Photograph by Raymond V. Schoder, S.J., courtesy of Bolchazy-Carducci Publishers","Aerial view of sanctuary, Amphiaraion",aa_3879,https://iiif.perseus.tufts.edu/iiif/3/1990.30.0005,,,,,,,,,,,,,,,,,,,,,,,,,,,,,,,,,,,,,,,,,,,,,,,,,,,,,,,,,,,,,,,,,,,,,,,,,,,,,,,,,,,,,,,,,,,,,,,,,,
aa_3882,aa_3882,,Argive Heraion,compound_object,compound_object,record,https://iiif.perseus.tufts.edu/iiif/3/1987.08.0434/full/max/0/default.jpg,"https://iiif.perseus.tufts.edu/iiif/3/1987.08.0434/full/^800,/0/default.jpg","https://iiif.perseus.tufts.edu/iiif/3/1987.08.0434/full/^450,/0/default.jpg",,,,,,,,,,,,,,,,,,,,,,,,,,,,,"<P>Although tradition states that Agamemnon was elected at the Heraion to lead the Trojan expedition, the earliest finds at the cult area date to the Geometric period. The sanctuary grew and expended during the Archaic and Classical period and most of the remains (with the exception of the Roman baths and palaestra) date to the 7th through 5th centuries B.C. The sanctuary continued in importance through the Roman period.</P>",,,,,,,Donald R. Keller,,,"<P>Discovered 1831 by T. Gordon. Minor excavations: Gordon (1836), Rangab and Bursian (1854), Schliemann (1874), Stamatakis (1878) and Caskey and Amandry 1949. Major excavations: American School of Classical Studies; C. Waldstein 1892-1895, C. Blegen 1925-1928.</P>",,,,,,,,"1987.08.0434,1987.08.0436,1987.08.0501,1990.20.0192,1990.20.0193,1990.20.0194,1990.20.0195,1990.20.0196,1990.20.0197,1990.20.0198,1990.20.0199,1990.20.0200,1990.20.0201,1990.20.0202,1990.20.0203,1990.20.0204,1990.20.0205,1990.20.0206,1990.20.0207,1990.20.0208,1990.20.0209,1990.20.0210,1990.20.0211,1990.20.0212,1990.20.0213,1990.20.0214,1990.20.0215,1990.20.0216,1990.20.0217,1990.20.0218,1990.20.0219,1990.20.0220,1990.20.0221,1990.20.0222,1990.20.0223,1990.20.0224,1990.20.0225,1990.20.0226,1990.20.0227,1990.20.0228,1990.20.0229,1990.20.0230,1990.20.0231,1990.20.0232,1990.20.0233,1990.20.0234,1990.20.0235,1990.20.0236,1990.20.0237,1990.20.0238,1990.20.0239,1990.20.0240,1990.20.0241,1990.20.0242,1990.20.0243,1990.20.0244,1990.20.0245,1990.20.0246,1990.20.0247,1990.20.0248,1990.20.0249,1990.20.0250,1990.20.0251,1990.20.0252,1990.20.0253,1990.20.0254,1990.20.0255,1990.20.0256,1990.20.0257,1990.20.0258,1990.20.0259,1990.20.0260,1990.20.0261,1990.20.0262,1990.20.0263,1990.30.0046,1990.30.0047","1987.08.0434,1987.08.0436,1987.08.0501,1990.20.0192,1990.20.0193,1990.20.0194,1990.20.0195,1990.20.0196,1990.20.0197,1990.20.0198,1990.20.0199,1990.20.0200,1990.20.0201,1990.20.0202,1990.20.0203,1990.20.0204,1990.20.0205,1990.20.0206,1990.20.0207,1990.20.0208,1990.20.0209,1990.20.0210,1990.20.0211,1990.20.0212,1990.20.0213,1990.20.0214,1990.20.0215,1990.20.0216,1990.20.0217,1990.20.0218,1990.20.0219,1990.20.0220,1990.20.0221,1990.20.0222,1990.20.0223,1990.20.0224,1990.20.0225,1990.20.0226,1990.20.0227,1990.20.0228,1990.20.0229,1990.20.0230,1990.20.0231,1990.20.0232,1990.20.0233,1990.20.0234,1990.20.0235,1990.20.0236,1990.20.0237,1990.20.0238,1990.20.0239,1990.20.0240,1990.20.0241,1990.20.0242,1990.20.0243,1990.20.0244,1990.20.0245,1990.20.0246,1990.20.0247,1990.20.0248,1990.20.0249,1990.20.0250,1990.20.0251,1990.20.0252,1990.20.0253,1990.20.0254,1990.20.0255,1990.20.0256,1990.20.0257,1990.20.0258,1990.20.0259,1990.20.0260,1990.20.0261,1990.20.0262,1990.20.0263,1990.30.0046,1990.30.0047",,,,,,,Perseus,,,Argive Heraion,,,,,,"<P><bibl>C. Waldstein et al., The Argive Heraion. 2 vols. (1902 &1905 Boston & New York)</bibl>; <bibl>C. W. Blegen, Prosymna: The Helladic Settlement Preceding the Argive Heraion. 2 vols. (1937 Cambridge)</bibl>; <bibl>J. L. Caskey and P. Amandry , ""Investigations at the Heraion of Argos, 1949,"" Hesperia 21 (1952) 165-221</bibl>; <bibl>P. Stamatakis, ""Peri tou para to Iraion katharisthentos tafou"" AM 3 (1879) 271-286</bibl>; <bibl>A. Frickenhaus, ""Griechische Banketthuser"" JdI 32 (1917) [...]",,,,,,<P>Geometric</P><P>Archaic</P><P>Classical</P><P>Hellenistic</P><P>Roman</P>,1.0,"<P>The Heraion is located approximately equidistant from Argos and Mycenae, in an area referred to by Pausanias as Prosymna. The sanctuary occupies 3 artificial terraces below Mt. Euboea and has a commanding view of the Argive plain. The upper terrace, supported by a retaining wall of possible late Geometric date, is a level paved area occupied by the Old Temple and an altar. The later, middle terrace supports the New Temple, where a chryselephantine statue of Hera by Polykleitos was housed. Other structures located on this terrace included one of the earliest examples of a building with a peristyle court, which may have served as a banquet hall. On the lowest terrace is a stoa and an Archaic step-like retaining wall. To the W are Roman baths and palaestra.</P>",,,,,,Argolid,,,,,,,,,,,,Sanctuary,"<P><bibl>Leekley and Noyes 1976, 62-63</bibl>; <bibl>PECS, 90</bibl>; <bibl>Rossiter 1977, 278-279</bibl></P>",,,,,The main sanctuary to Hera in the Argive territory.,,,Site,,,
1987.08.0434,i1987080434,aa_3882,"From lower terrace W to Argive Plain, Argive Heraion",image,image/jpeg,Image;StillImage,https://iiif.perseus.tufts.edu/iiif/3/1987.08.0434/full/max/0/default.jpg,"https://iiif.perseus.tufts.edu/iiif/3/1987.08.0434/full/^800,/0/default.jpg","https://iiif.perseus.tufts.edu/iiif/3/1987.08.0434/full/^450,/0/default.jpg",Photograph courtesy of Thomas Martin and Ivy S. Sun,"From lower terrace W to Argive Plain, Argive Heraion",aa_3882,https://iiif.perseus.tufts.edu/iiif/3/1987.08.0434,,,,,,,,,,,,,,,,,,,,,,,,,,,,,,,,,,,,,,,,,,,,,,,,,,,,,,,,,,,,,,,,,,,,,,,,,,,,,,,,,,,,,,,,,,,,,,,,,,
1987.08.0436,i1987080436,aa_3882,"Interior of Stoa, from E, Argive Heraion",image,image/jpeg,Image;StillImage,https://iiif.perseus.tufts.edu/iiif/3/1987.08.0436/full/max/0/default.jpg,"https://iiif.perseus.tufts.edu/iiif/3/1987.08.0436/full/^800,/0/default.jpg","https://iiif.perseus.tufts.edu/iiif/3/1987.08.0436/full/^450,/0/default.jpg",Photograph courtesy of Thomas Martin and Ivy S. Sun,"Interior of Stoa, from E, Argive Heraion",aa_3882,https://iiif.perseus.tufts.edu/iiif/3/1987.08.0436,,,,,,,,,,,,,,,,,,,,,,,,,,,,,,,,,,,,,,,,,,,,,,,,,,,,,,,,,,,,,,,,,,,,,,,,,,,,,,,,,,,,,,,,,,,,,,,,,,
1987.08.0501,i1987080501,aa_3882,"Peristyle court building, Argive Heraion",image,image/jpeg,Image;StillImage,https://iiif.perseus.tufts.edu/iiif/3/1987.08.0501/full/max/0/default.jpg,"https://iiif.perseus.tufts.edu/iiif/3/1987.08.0501/full/^800,/0/default.jpg","https://iiif.perseus.tufts.edu/iiif/3/1987.08.0501/full/^450,/0/default.jpg",Photograph courtesy of Thomas Martin and Ivy S. Sun,"Peristyle court building, Argive Heraion",aa_3882,https://iiif.perseus.tufts.edu/iiif/3/1987.08.0501,,,,,,,,,,,,,,,,,,,,,,,,,,,,,,,,,,,,,,,,,,,,,,,,,,,,,,,,,,,,,,,,,,,,,,,,,,,,,,,,,,,,,,,,,,,,,,,,,,
1990.20.0192,i1990200192,aa_3882,"Modern road leading to the Heraion (visible in middle distance), from S, Argive Heraion",image,image/jpeg,Image;StillImage,https://iiif.perseus.tufts.edu/iiif/3/1990.20.0192/full/max/0/default.jpg,"https://iiif.perseus.tufts.edu/iiif/3/1990.20.0192/full/^800,/0/default.jpg","https://iiif.perseus.tufts.edu/iiif/3/1990.20.0192/full/^450,/0/default.jpg",Photograph by Gregory Crane,"Modern road leading to the Heraion (visible in middle distance), from S, Argive Heraion",aa_3882,https://iiif.perseus.tufts.edu/iiif/3/1990.20.0192,,,,,,,,,,,,,,,,,,,,,,,,,,,,,,,,,,,,,,,,,,,,,,,,,,,,,,,,,,,,,,,,,,,,,,,,,,,,,,,,,,,,,,,,,,,,,,,,,,
1990.20.0193,i1990200193,aa_3882,"Rubble mound E of South Stoa and below middle terrace, from S, Argive Heraion",image,image/jpeg,Image;StillImage,https://iiif.perseus.tufts.edu/iiif/3/1990.20.0193/full/max/0/default.jpg,"https://iiif.perseus.tufts.edu/iiif/3/1990.20.0193/full/^800,/0/default.jpg","https://iiif.perseus.tufts.edu/iiif/3/1990.20.0193/full/^450,/0/default.jpg",Photograph by Gregory Crane,"Rubble mound E of South Stoa and below middle terrace, from S, Argive Heraion",aa_3882,https://iiif.perseus.tufts.edu/iiif/3/1990.20.0193,,,,,,,,,,,,,,,,,,,,,,,,,,,,,,,,,,,,,,,,,,,,,,,,,,,,,,,,,,,,,,,,,,,,,,,,,,,,,,,,,,,,,,,,,,,,,,,,,,
1990.20.0194,i1990200194,aa_3882,"West end of South Stoa and the SE wall of the peristyle court building, from SE, Argive Heraion",image,image/jpeg,Image;StillImage,https://iiif.perseus.tufts.edu/iiif/3/1990.20.0194/full/max/0/default.jpg,"https://iiif.perseus.tufts.edu/iiif/3/1990.20.0194/full/^800,/0/default.jpg","https://iiif.perseus.tufts.edu/iiif/3/1990.20.0194/full/^450,/0/default.jpg",Photograph by Gregory Crane,"West end of South Stoa and the SE wall of the peristyle court building, from SE, Argive Heraion",aa_3882,https://iiif.perseus.tufts.edu/iiif/3/1990.20.0194,,,,,,,,,,,,,,,,,,,,,,,,,,,,,,,,,,,,,,,,,,,,,,,,,,,,,,,,,,,,,,,,,,,,,,,,,,,,,,,,,,,,,,,,,,,,,,,,,,
1990.20.0195,i1990200195,aa_3882,"South Stoa, from S, Argive Heraion",image,image/jpeg,Image;StillImage,https://iiif.perseus.tufts.edu/iiif/3/1990.20.0195/full/max/0/default.jpg,"https://iiif.perseus.tufts.edu/iiif/3/1990.20.0195/full/^800,/0/default.jpg","https://iiif.perseus.tufts.edu/iiif/3/1990.20.0195/full/^450,/0/default.jpg",Photograph by Gregory Crane,"South Stoa, from S, Argive Heraion",aa_3882,https://iiif.perseus.tufts.edu/iiif/3/1990.20.0195,,,,,,,,,,,,,,,,,,,,,,,,,,,,,,,,,,,,,,,,,,,,,,,,,,,,,,,,,,,,,,,,,,,,,,,,,,,,,,,,,,,,,,,,,,,,,,,,,,
1990.20.0196,i1990200196,aa_3882,"South Stoa and remains of stepped wall to right, from SW, Argive Heraion",image,image/jpeg,Image;StillImage,https://iiif.perseus.tufts.edu/iiif/3/1990.20.0196/full/max/0/default.jpg,"https://iiif.perseus.tufts.edu/iiif/3/1990.20.0196/full/^800,/0/default.jpg","https://iiif.perseus.tufts.edu/iiif/3/1990.20.0196/full/^450,/0/default.jpg",Photograph by Gregory Crane,"South Stoa and remains of stepped wall to right, from SW, Argive Heraion",aa_3882,https://iiif.perseus.tufts.edu/iiif/3/1990.20.0196,,,,,,,,,,,,,,,,,,,,,,,,,,,,,,,,,,,,,,,,,,,,,,,,,,,,,,,,,,,,,,,,,,,,,,,,,,,,,,,,,,,,,,,,,,,,,,,,,,
1990.20.0197,i1990200197,aa_3882,"South Stoa, from E, Argive Heraion",image,image/jpeg,Image;StillImage,https://iiif.perseus.tufts.edu/iiif/3/1990.20.0197/full/max/0/default.jpg,"https://iiif.perseus.tufts.edu/iiif/3/1990.20.0197/full/^800,/0/default.jpg","https://iiif.perseus.tufts.edu/iiif/3/1990.20.0197/full/^450,/0/default.jpg",Photograph by Gregory Crane,"South Stoa, from E, Argive Heraion",aa_3882,https://iiif.perseus.tufts.edu/iiif/3/1990.20.0197,,,,,,,,,,,,,,,,,,,,,,,,,,,,,,,,,,,,,,,,,,,,,,,,,,,,,,,,,,,,,,,,,,,,,,,,,,,,,,,,,,,,,,,,,,,,,,,,,,
1990.20.0198,i1990200198,aa_3882,"Remains of steps E of South Stoa, from N and above, Argive Heraion",image,image/jpeg,Image;StillImage,https://iiif.perseus.tufts.edu/iiif/3/1990.20.0198/full/max/0/default.jpg,"https://iiif.perseus.tufts.edu/iiif/3/1990.20.0198/full/^800,/0/default.jpg","https://iiif.perseus.tufts.edu/iiif/3/1990.20.0198/full/^450,/0/default.jpg",Photograph by Gregory Crane,"Remains of steps E of South Stoa, from N and above, Argive Heraion",aa_3882,https://iiif.perseus.tufts.edu/iiif/3/1990.20.0198,,,,,,,,,,,,,,,,,,,,,,,,,,,,,,,,,,,,,,,,,,,,,,,,,,,,,,,,,,,,,,,,,,,,,,,,,,,,,,,,,,,,,,,,,,,,,,,,,,
1990.20.0199,i1990200199,aa_3882,"Remains of steps E of South Stoa, from NW and above, Argive Heraion",image,image/jpeg,Image;StillImage,https://iiif.perseus.tufts.edu/iiif/3/1990.20.0199/full/max/0/default.jpg,"https://iiif.perseus.tufts.edu/iiif/3/1990.20.0199/full/^800,/0/default.jpg","https://iiif.perseus.tufts.edu/iiif/3/1990.20.0199/full/^450,/0/default.jpg",Photograph by Gregory Crane,"Remains of steps E of South Stoa, from NW and above, Argive Heraion",aa_3882,https://iiif.perseus.tufts.edu/iiif/3/1990.20.0199,,,,,,,,,,,,,,,,,,,,,,,,,,,,,,,,,,,,,,,,,,,,,,,,,,,,,,,,,,,,,,,,,,,,,,,,,,,,,,,,,,,,,,,,,,,,,,,,,,
1990.20.0200,i1990200200,aa_3882,"Southwest corner of the New Temple on the middle terrace, from SE, Argive Heraion",image,image/jpeg,Image;StillImage,https://iiif.perseus.tufts.edu/iiif/3/1990.20.0200/full/max/0/default.jpg,"https://iiif.perseus.tufts.edu/iiif/3/1990.20.0200/full/^800,/0/default.jpg","https://iiif.perseus.tufts.edu/iiif/3/1990.20.0200/full/^450,/0/default.jpg",Photograph by Gregory Crane,"Southwest corner of the New Temple on the middle terrace, from SE, Argive Heraion",aa_3882,https://iiif.perseus.tufts.edu/iiif/3/1990.20.0200,,,,,,,,,,,,,,,,,,,,,,,,,,,,,,,,,,,,,,,,,,,,,,,,,,,,,,,,,,,,,,,,,,,,,,,,,,,,,,,,,,,,,,,,,,,,,,,,,,
1990.20.0201,i1990200201,aa_3882,"South corner of the New Temple on the middle terrace, from SE, Argive Heraion",image,image/jpeg,Image;StillImage,https://iiif.perseus.tufts.edu/iiif/3/1990.20.0201/full/max/0/default.jpg,"https://iiif.perseus.tufts.edu/iiif/3/1990.20.0201/full/^800,/0/default.jpg","https://iiif.perseus.tufts.edu/iiif/3/1990.20.0201/full/^450,/0/default.jpg",Photograph by Gregory Crane,"South corner of the New Temple on the middle terrace, from SE, Argive Heraion",aa_3882,https://iiif.perseus.tufts.edu/iiif/3/1990.20.0201,,,,,,,,,,,,,,,,,,,,,,,,,,,,,,,,,,,,,,,,,,,,,,,,,,,,,,,,,,,,,,,,,,,,,,,,,,,,,,,,,,,,,,,,,,,,,,,,,,
1990.20.0202,i1990200202,aa_3882,"Northeast corner of the New Temple on the middle terrace (North Stoa and Old Temple in background), from S, Argive Heraion",image,image/jpeg,Image;StillImage,https://iiif.perseus.tufts.edu/iiif/3/1990.20.0202/full/max/0/default.jpg,"https://iiif.perseus.tufts.edu/iiif/3/1990.20.0202/full/^800,/0/default.jpg","https://iiif.perseus.tufts.edu/iiif/3/1990.20.0202/full/^450,/0/default.jpg",Photograph by Gregory Crane,"Northeast corner of the New Temple on the middle terrace (North Stoa and Old Temple in background), from S, Argive Heraion",aa_3882,https://iiif.perseus.tufts.edu/iiif/3/1990.20.0202,,,,,,,,,,,,,,,,,,,,,,,,,,,,,,,,,,,,,,,,,,,,,,,,,,,,,,,,,,,,,,,,,,,,,,,,,,,,,,,,,,,,,,,,,,,,,,,,,,
1990.20.0203,i1990200203,aa_3882,"East end of middle terrace (Northeast Stoa at right), from S, Argive Heraion",image,image/jpeg,Image;StillImage,https://iiif.perseus.tufts.edu/iiif/3/1990.20.0203/full/max/0/default.jpg,"https://iiif.perseus.tufts.edu/iiif/3/1990.20.0203/full/^800,/0/default.jpg","https://iiif.perseus.tufts.edu/iiif/3/1990.20.0203/full/^450,/0/default.jpg",Photograph by Gregory Crane,"East end of middle terrace (Northeast Stoa at right), from S, Argive Heraion",aa_3882,https://iiif.perseus.tufts.edu/iiif/3/1990.20.0203,,,,,,,,,,,,,,,,,,,,,,,,,,,,,,,,,,,,,,,,,,,,,,,,,,,,,,,,,,,,,,,,,,,,,,,,,,,,,,,,,,,,,,,,,,,,,,,,,,
1990.20.0204,i1990200204,aa_3882,"Northeast Stoa, from SW, Argive Heraion",image,image/jpeg,Image;StillImage,https://iiif.perseus.tufts.edu/iiif/3/1990.20.0204/full/max/0/default.jpg,"https://iiif.perseus.tufts.edu/iiif/3/1990.20.0204/full/^800,/0/default.jpg","https://iiif.perseus.tufts.edu/iiif/3/1990.20.0204/full/^450,/0/default.jpg",Photograph by Gregory Crane,"Northeast Stoa, from SW, Argive Heraion",aa_3882,https://iiif.perseus.tufts.edu/iiif/3/1990.20.0204,,,,,,,,,,,,,,,,,,,,,,,,,,,,,,,,,,,,,,,,,,,,,,,,,,,,,,,,,,,,,,,,,,,,,,,,,,,,,,,,,,,,,,,,,,,,,,,,,,
1990.20.0205,i1990200205,aa_3882,"Northeast Stoa (remains of the East Building just visible to right), from SW, Argive Heraion",image,image/jpeg,Image;StillImage,https://iiif.perseus.tufts.edu/iiif/3/1990.20.0205/full/max/0/default.jpg,"https://iiif.perseus.tufts.edu/iiif/3/1990.20.0205/full/^800,/0/default.jpg","https://iiif.perseus.tufts.edu/iiif/3/1990.20.0205/full/^450,/0/default.jpg",Photograph by Gregory Crane,"Northeast Stoa (remains of the East Building just visible to right), from SW, Argive Heraion",aa_3882,https://iiif.perseus.tufts.edu/iiif/3/1990.20.0205,,,,,,,,,,,,,,,,,,,,,,,,,,,,,,,,,,,,,,,,,,,,,,,,,,,,,,,,,,,,,,,,,,,,,,,,,,,,,,,,,,,,,,,,,,,,,,,,,,
1990.20.0206,i1990200206,aa_3882,"North and Northeast Stoas, from SE, Argive Heraion",image,image/jpeg,Image;StillImage,https://iiif.perseus.tufts.edu/iiif/3/1990.20.0206/full/max/0/default.jpg,"https://iiif.perseus.tufts.edu/iiif/3/1990.20.0206/full/^800,/0/default.jpg","https://iiif.perseus.tufts.edu/iiif/3/1990.20.0206/full/^450,/0/default.jpg",Photograph by Gregory Crane,"North and Northeast Stoas, from SE, Argive Heraion",aa_3882,https://iiif.perseus.tufts.edu/iiif/3/1990.20.0206,,,,,,,,,,,,,,,,,,,,,,,,,,,,,,,,,,,,,,,,,,,,,,,,,,,,,,,,,,,,,,,,,,,,,,,,,,,,,,,,,,,,,,,,,,,,,,,,,,
1990.20.0207,i1990200207,aa_3882,"Northeast Stoa, from S, Argive Heraion",image,image/jpeg,Image;StillImage,https://iiif.perseus.tufts.edu/iiif/3/1990.20.0207/full/max/0/default.jpg,"https://iiif.perseus.tufts.edu/iiif/3/1990.20.0207/full/^800,/0/default.jpg","https://iiif.perseus.tufts.edu/iiif/3/1990.20.0207/full/^450,/0/default.jpg",Photograph by Gregory Crane,"Northeast Stoa, from S, Argive Heraion",aa_3882,https://iiif.perseus.tufts.edu/iiif/3/1990.20.0207,,,,,,,,,,,,,,,,,,,,,,,,,,,,,,,,,,,,,,,,,,,,,,,,,,,,,,,,,,,,,,,,,,,,,,,,,,,,,,,,,,,,,,,,,,,,,,,,,,
1990.20.0208,i1990200208,aa_3882,"Retaining wall E of Northeast Stoa, from SW, Argive Heraion",image,image/jpeg,Image;StillImage,https://iiif.perseus.tufts.edu/iiif/3/1990.20.0208/full/max/0/default.jpg,"https://iiif.perseus.tufts.edu/iiif/3/1990.20.0208/full/^800,/0/default.jpg","https://iiif.perseus.tufts.edu/iiif/3/1990.20.0208/full/^450,/0/default.jpg",Photograph by Gregory Crane,"Retaining wall E of Northeast Stoa, from SW, Argive Heraion",aa_3882,https://iiif.perseus.tufts.edu/iiif/3/1990.20.0208,,,,,,,,,,,,,,,,,,,,,,,,,,,,,,,,,,,,,,,,,,,,,,,,,,,,,,,,,,,,,,,,,,,,,,,,,,,,,,,,,,,,,,,,,,,,,,,,,,
1990.20.0209,i1990200209,aa_3882,"East end of upper terrace and ramp leading to Old Temple, from S, Argive Heraion",image,image/jpeg,Image;StillImage,https://iiif.perseus.tufts.edu/iiif/3/1990.20.0209/full/max/0/default.jpg,"https://iiif.perseus.tufts.edu/iiif/3/1990.20.0209/full/^800,/0/default.jpg","https://iiif.perseus.tufts.edu/iiif/3/1990.20.0209/full/^450,/0/default.jpg",Photograph by Gregory Crane,"East end of upper terrace and ramp leading to Old Temple, from S, Argive Heraion",aa_3882,https://iiif.perseus.tufts.edu/iiif/3/1990.20.0209,,,,,,,,,,,,,,,,,,,,,,,,,,,,,,,,,,,,,,,,,,,,,,,,,,,,,,,,,,,,,,,,,,,,,,,,,,,,,,,,,,,,,,,,,,,,,,,,,,
1990.20.0210,i1990200210,aa_3882,"So-called ""Telesterion"" or East Building, from NW and above, Argive Heraion",image,image/jpeg,Image;StillImage,https://iiif.perseus.tufts.edu/iiif/3/1990.20.0210/full/max/0/default.jpg,"https://iiif.perseus.tufts.edu/iiif/3/1990.20.0210/full/^800,/0/default.jpg","https://iiif.perseus.tufts.edu/iiif/3/1990.20.0210/full/^450,/0/default.jpg",Photograph by Gregory Crane,"So-called ""Telesterion"" or East Building, from NW and above, Argive Heraion",aa_3882,https://iiif.perseus.tufts.edu/iiif/3/1990.20.0210,,,,,,,,,,,,,,,,,,,,,,,,,,,,,,,,,,,,,,,,,,,,,,,,,,,,,,,,,,,,,,,,,,,,,,,,,,,,,,,,,,,,,,,,,,,,,,,,,,
1990.20.0211,i1990200211,aa_3882,"Area E of New Temple on middle terrace, from NE, Argive Heraion",image,image/jpeg,Image;StillImage,https://iiif.perseus.tufts.edu/iiif/3/1990.20.0211/full/max/0/default.jpg,"https://iiif.perseus.tufts.edu/iiif/3/1990.20.0211/full/^800,/0/default.jpg","https://iiif.perseus.tufts.edu/iiif/3/1990.20.0211/full/^450,/0/default.jpg",Photograph by Gregory Crane,"Area E of New Temple on middle terrace, from NE, Argive Heraion",aa_3882,https://iiif.perseus.tufts.edu/iiif/3/1990.20.0211,,,,,,,,,,,,,,,,,,,,,,,,,,,,,,,,,,,,,,,,,,,,,,,,,,,,,,,,,,,,,,,,,,,,,,,,,,,,,,,,,,,,,,,,,,,,,,,,,,
1990.20.0212,i1990200212,aa_3882,"Overall view of New Temple, from NE, Argive Heraion",image,image/jpeg,Image;StillImage,https://iiif.perseus.tufts.edu/iiif/3/1990.20.0212/full/max/0/default.jpg,"https://iiif.perseus.tufts.edu/iiif/3/1990.20.0212/full/^800,/0/default.jpg","https://iiif.perseus.tufts.edu/iiif/3/1990.20.0212/full/^450,/0/default.jpg",Photograph by Gregory Crane,"Overall view of New Temple, from NE, Argive Heraion",aa_3882,https://iiif.perseus.tufts.edu/iiif/3/1990.20.0212,,,,,,,,,,,,,,,,,,,,,,,,,,,,,,,,,,,,,,,,,,,,,,,,,,,,,,,,,,,,,,,,,,,,,,,,,,,,,,,,,,,,,,,,,,,,,,,,,,
1990.20.0213,i1990200213,aa_3882,"View of landscape E of the Heraion, Argive Heraion",image,image/jpeg,Image;StillImage,https://iiif.perseus.tufts.edu/iiif/3/1990.20.0213/full/max/0/default.jpg,"https://iiif.perseus.tufts.edu/iiif/3/1990.20.0213/full/^800,/0/default.jpg","https://iiif.perseus.tufts.edu/iiif/3/1990.20.0213/full/^450,/0/default.jpg",Photograph by Gregory Crane,"View of landscape E of the Heraion, Argive Heraion",aa_3882,https://iiif.perseus.tufts.edu/iiif/3/1990.20.0213,,,,,,,,,,,,,,,,,,,,,,,,,,,,,,,,,,,,,,,,,,,,,,,,,,,,,,,,,,,,,,,,,,,,,,,,,,,,,,,,,,,,,,,,,,,,,,,,,,
1990.20.0214,i1990200214,aa_3882,"East part of upper terrace (Penninsula of Nauplion on the left horizon), from N, Argive Heraion",image,image/jpeg,Image;StillImage,https://iiif.perseus.tufts.edu/iiif/3/1990.20.0214/full/max/0/default.jpg,"https://iiif.perseus.tufts.edu/iiif/3/1990.20.0214/full/^800,/0/default.jpg","https://iiif.perseus.tufts.edu/iiif/3/1990.20.0214/full/^450,/0/default.jpg",Photograph by Gregory Crane,"East part of upper terrace (Penninsula of Nauplion on the left horizon), from N, Argive Heraion",aa_3882,https://iiif.perseus.tufts.edu/iiif/3/1990.20.0214,,,,,,,,,,,,,,,,,,,,,,,,,,,,,,,,,,,,,,,,,,,,,,,,,,,,,,,,,,,,,,,,,,,,,,,,,,,,,,,,,,,,,,,,,,,,,,,,,,
1990.20.0215,i1990200215,aa_3882,"East area of upper terrace (Argive plain and Mt. Larisa in distance), from N, Argive Heraion",image,image/jpeg,Image;StillImage,https://iiif.perseus.tufts.edu/iiif/3/1990.20.0215/full/max/0/default.jpg,"https://iiif.perseus.tufts.edu/iiif/3/1990.20.0215/full/^800,/0/default.jpg","https://iiif.perseus.tufts.edu/iiif/3/1990.20.0215/full/^450,/0/default.jpg",Photograph by Gregory Crane,"East area of upper terrace (Argive plain and Mt. Larisa in distance), from N, Argive Heraion",aa_3882,https://iiif.perseus.tufts.edu/iiif/3/1990.20.0215,,,,,,,,,,,,,,,,,,,,,,,,,,,,,,,,,,,,,,,,,,,,,,,,,,,,,,,,,,,,,,,,,,,,,,,,,,,,,,,,,,,,,,,,,,,,,,,,,,
1990.20.0216,i1990200216,aa_3882,"West area of upper terrace (Argive plain and Mt. Larisa in distance), from NE, Argive Heraion",image,image/jpeg,Image;StillImage,https://iiif.perseus.tufts.edu/iiif/3/1990.20.0216/full/max/0/default.jpg,"https://iiif.perseus.tufts.edu/iiif/3/1990.20.0216/full/^800,/0/default.jpg","https://iiif.perseus.tufts.edu/iiif/3/1990.20.0216/full/^450,/0/default.jpg",Photograph by Gregory Crane,"West area of upper terrace (Argive plain and Mt. Larisa in distance), from NE, Argive Heraion",aa_3882,https://iiif.perseus.tufts.edu/iiif/3/1990.20.0216,,,,,,,,,,,,,,,,,,,,,,,,,,,,,,,,,,,,,,,,,,,,,,,,,,,,,,,,,,,,,,,,,,,,,,,,,,,,,,,,,,,,,,,,,,,,,,,,,,
1990.20.0217,i1990200217,aa_3882,"West edge of upper terrace pavement, from SW, Argive Heraion",image,image/jpeg,Image;StillImage,https://iiif.perseus.tufts.edu/iiif/3/1990.20.0217/full/max/0/default.jpg,"https://iiif.perseus.tufts.edu/iiif/3/1990.20.0217/full/^800,/0/default.jpg","https://iiif.perseus.tufts.edu/iiif/3/1990.20.0217/full/^450,/0/default.jpg",Photograph by Gregory Crane,"West edge of upper terrace pavement, from SW, Argive Heraion",aa_3882,https://iiif.perseus.tufts.edu/iiif/3/1990.20.0217,,,,,,,,,,,,,,,,,,,,,,,,,,,,,,,,,,,,,,,,,,,,,,,,,,,,,,,,,,,,,,,,,,,,,,,,,,,,,,,,,,,,,,,,,,,,,,,,,,
1990.20.0218,i1990200218,aa_3882,"Remaining section of S stylobate of Old Temple and surrounding paving stones, from W, Argive Heraion",image,image/jpeg,Image;StillImage,https://iiif.perseus.tufts.edu/iiif/3/1990.20.0218/full/max/0/default.jpg,"https://iiif.perseus.tufts.edu/iiif/3/1990.20.0218/full/^800,/0/default.jpg","https://iiif.perseus.tufts.edu/iiif/3/1990.20.0218/full/^450,/0/default.jpg",Photograph by Gregory Crane,"Remaining section of S stylobate of Old Temple and surrounding paving stones, from W, Argive Heraion",aa_3882,https://iiif.perseus.tufts.edu/iiif/3/1990.20.0218,,,,,,,,,,,,,,,,,,,,,,,,,,,,,,,,,,,,,,,,,,,,,,,,,,,,,,,,,,,,,,,,,,,,,,,,,,,,,,,,,,,,,,,,,,,,,,,,,,
1990.20.0219,i1990200219,aa_3882,"Southwest section of the paved upper terrace, from NW, Argive Heraion",image,image/jpeg,Image;StillImage,https://iiif.perseus.tufts.edu/iiif/3/1990.20.0219/full/max/0/default.jpg,"https://iiif.perseus.tufts.edu/iiif/3/1990.20.0219/full/^800,/0/default.jpg","https://iiif.perseus.tufts.edu/iiif/3/1990.20.0219/full/^450,/0/default.jpg",Photograph by Gregory Crane,"Southwest section of the paved upper terrace, from NW, Argive Heraion",aa_3882,https://iiif.perseus.tufts.edu/iiif/3/1990.20.0219,,,,,,,,,,,,,,,,,,,,,,,,,,,,,,,,,,,,,,,,,,,,,,,,,,,,,,,,,,,,,,,,,,,,,,,,,,,,,,,,,,,,,,,,,,,,,,,,,,
1990.20.0220,i1990200220,aa_3882,"Southwest section of remaining stylobate of Old Temple, from NW, Argive Heraion",image,image/jpeg,Image;StillImage,https://iiif.perseus.tufts.edu/iiif/3/1990.20.0220/full/max/0/default.jpg,"https://iiif.perseus.tufts.edu/iiif/3/1990.20.0220/full/^800,/0/default.jpg","https://iiif.perseus.tufts.edu/iiif/3/1990.20.0220/full/^450,/0/default.jpg",Photograph by Gregory Crane,"Southwest section of remaining stylobate of Old Temple, from NW, Argive Heraion",aa_3882,https://iiif.perseus.tufts.edu/iiif/3/1990.20.0220,,,,,,,,,,,,,,,,,,,,,,,,,,,,,,,,,,,,,,,,,,,,,,,,,,,,,,,,,,,,,,,,,,,,,,,,,,,,,,,,,,,,,,,,,,,,,,,,,,
1990.20.0221,i1990200221,aa_3882,"Southwest section of the upper terrace (Penninsula of Nauplion in distance), from N, Argive Heraion",image,image/jpeg,Image;StillImage,https://iiif.perseus.tufts.edu/iiif/3/1990.20.0221/full/max/0/default.jpg,"https://iiif.perseus.tufts.edu/iiif/3/1990.20.0221/full/^800,/0/default.jpg","https://iiif.perseus.tufts.edu/iiif/3/1990.20.0221/full/^450,/0/default.jpg",Photograph by Gregory Crane,"Southwest section of the upper terrace (Penninsula of Nauplion in distance), from N, Argive Heraion",aa_3882,https://iiif.perseus.tufts.edu/iiif/3/1990.20.0221,,,,,,,,,,,,,,,,,,,,,,,,,,,,,,,,,,,,,,,,,,,,,,,,,,,,,,,,,,,,,,,,,,,,,,,,,,,,,,,,,,,,,,,,,,,,,,,,,,
1990.20.0222,i1990200222,aa_3882,"East section of New Temple, from NW, Argive Heraion",image,image/jpeg,Image;StillImage,https://iiif.perseus.tufts.edu/iiif/3/1990.20.0222/full/max/0/default.jpg,"https://iiif.perseus.tufts.edu/iiif/3/1990.20.0222/full/^800,/0/default.jpg","https://iiif.perseus.tufts.edu/iiif/3/1990.20.0222/full/^450,/0/default.jpg",Photograph by Gregory Crane,"East section of New Temple, from NW, Argive Heraion",aa_3882,https://iiif.perseus.tufts.edu/iiif/3/1990.20.0222,,,,,,,,,,,,,,,,,,,,,,,,,,,,,,,,,,,,,,,,,,,,,,,,,,,,,,,,,,,,,,,,,,,,,,,,,,,,,,,,,,,,,,,,,,,,,,,,,,
1990.20.0223,i1990200223,aa_3882,"Central section of New Temple, from N, Argive Heraion",image,image/jpeg,Image;StillImage,https://iiif.perseus.tufts.edu/iiif/3/1990.20.0223/full/max/0/default.jpg,"https://iiif.perseus.tufts.edu/iiif/3/1990.20.0223/full/^800,/0/default.jpg","https://iiif.perseus.tufts.edu/iiif/3/1990.20.0223/full/^450,/0/default.jpg",Photograph by Gregory Crane,"Central section of New Temple, from N, Argive Heraion",aa_3882,https://iiif.perseus.tufts.edu/iiif/3/1990.20.0223,,,,,,,,,,,,,,,,,,,,,,,,,,,,,,,,,,,,,,,,,,,,,,,,,,,,,,,,,,,,,,,,,,,,,,,,,,,,,,,,,,,,,,,,,,,,,,,,,,
1990.20.0224,i1990200224,aa_3882,"West end of New Temple and part of North Stoa in foreground, from NE, Argive Heraion",image,image/jpeg,Image;StillImage,https://iiif.perseus.tufts.edu/iiif/3/1990.20.0224/full/max/0/default.jpg,"https://iiif.perseus.tufts.edu/iiif/3/1990.20.0224/full/^800,/0/default.jpg","https://iiif.perseus.tufts.edu/iiif/3/1990.20.0224/full/^450,/0/default.jpg",Photograph by Gregory Crane,"West end of New Temple and part of North Stoa in foreground, from NE, Argive Heraion",aa_3882,https://iiif.perseus.tufts.edu/iiif/3/1990.20.0224,,,,,,,,,,,,,,,,,,,,,,,,,,,,,,,,,,,,,,,,,,,,,,,,,,,,,,,,,,,,,,,,,,,,,,,,,,,,,,,,,,,,,,,,,,,,,,,,,,
1990.20.0225,i1990200225,aa_3882,"West end of New Temple at left; W Peristyle Building in center; North Stoa at right, from NE, Argive Heraion",image,image/jpeg,Image;StillImage,https://iiif.perseus.tufts.edu/iiif/3/1990.20.0225/full/max/0/default.jpg,"https://iiif.perseus.tufts.edu/iiif/3/1990.20.0225/full/^800,/0/default.jpg","https://iiif.perseus.tufts.edu/iiif/3/1990.20.0225/full/^450,/0/default.jpg",Photograph by Gregory Crane,"West end of New Temple at left; W Peristyle Building in center; North Stoa at right, from NE, Argive Heraion",aa_3882,https://iiif.perseus.tufts.edu/iiif/3/1990.20.0225,,,,,,,,,,,,,,,,,,,,,,,,,,,,,,,,,,,,,,,,,,,,,,,,,,,,,,,,,,,,,,,,,,,,,,,,,,,,,,,,,,,,,,,,,,,,,,,,,,
1990.20.0226,i1990200226,aa_3882,"North Stoa at left; Northwest Building at right, from E, Argive Heraion",image,image/jpeg,Image;StillImage,https://iiif.perseus.tufts.edu/iiif/3/1990.20.0226/full/max/0/default.jpg,"https://iiif.perseus.tufts.edu/iiif/3/1990.20.0226/full/^800,/0/default.jpg","https://iiif.perseus.tufts.edu/iiif/3/1990.20.0226/full/^450,/0/default.jpg",Photograph by Gregory Crane,"North Stoa at left; Northwest Building at right, from E, Argive Heraion",aa_3882,https://iiif.perseus.tufts.edu/iiif/3/1990.20.0226,,,,,,,,,,,,,,,,,,,,,,,,,,,,,,,,,,,,,,,,,,,,,,,,,,,,,,,,,,,,,,,,,,,,,,,,,,,,,,,,,,,,,,,,,,,,,,,,,,
1990.20.0227,i1990200227,aa_3882,"East end of North Stoa, from NW and above, Argive Heraion",image,image/jpeg,Image;StillImage,https://iiif.perseus.tufts.edu/iiif/3/1990.20.0227/full/max/0/default.jpg,"https://iiif.perseus.tufts.edu/iiif/3/1990.20.0227/full/^800,/0/default.jpg","https://iiif.perseus.tufts.edu/iiif/3/1990.20.0227/full/^450,/0/default.jpg",Photograph by Gregory Crane,"East end of North Stoa, from NW and above, Argive Heraion",aa_3882,https://iiif.perseus.tufts.edu/iiif/3/1990.20.0227,,,,,,,,,,,,,,,,,,,,,,,,,,,,,,,,,,,,,,,,,,,,,,,,,,,,,,,,,,,,,,,,,,,,,,,,,,,,,,,,,,,,,,,,,,,,,,,,,,
1990.20.0228,i1990200228,aa_3882,"East wall of North Stoa, from NW and above, Argive Heraion",image,image/jpeg,Image;StillImage,https://iiif.perseus.tufts.edu/iiif/3/1990.20.0228/full/max/0/default.jpg,"https://iiif.perseus.tufts.edu/iiif/3/1990.20.0228/full/^800,/0/default.jpg","https://iiif.perseus.tufts.edu/iiif/3/1990.20.0228/full/^450,/0/default.jpg",Photograph by Gregory Crane,"East wall of North Stoa, from NW and above, Argive Heraion",aa_3882,https://iiif.perseus.tufts.edu/iiif/3/1990.20.0228,,,,,,,,,,,,,,,,,,,,,,,,,,,,,,,,,,,,,,,,,,,,,,,,,,,,,,,,,,,,,,,,,,,,,,,,,,,,,,,,,,,,,,,,,,,,,,,,,,
1990.20.0229,i1990200229,aa_3882,"East wall of North Stoa and Northeast Stoa beyond, from NW, Argive Heraion",image,image/jpeg,Image;StillImage,https://iiif.perseus.tufts.edu/iiif/3/1990.20.0229/full/max/0/default.jpg,"https://iiif.perseus.tufts.edu/iiif/3/1990.20.0229/full/^800,/0/default.jpg","https://iiif.perseus.tufts.edu/iiif/3/1990.20.0229/full/^450,/0/default.jpg",Photograph by Gregory Crane,"East wall of North Stoa and Northeast Stoa beyond, from NW, Argive Heraion",aa_3882,https://iiif.perseus.tufts.edu/iiif/3/1990.20.0229,,,,,,,,,,,,,,,,,,,,,,,,,,,,,,,,,,,,,,,,,,,,,,,,,,,,,,,,,,,,,,,,,,,,,,,,,,,,,,,,,,,,,,,,,,,,,,,,,,
1990.20.0230,i1990200230,aa_3882,"Overall view of North Stoa (Northeast Stoa beyond it's E wall), from W, Argive Heraion",image,image/jpeg,Image;StillImage,https://iiif.perseus.tufts.edu/iiif/3/1990.20.0230/full/max/0/default.jpg,"https://iiif.perseus.tufts.edu/iiif/3/1990.20.0230/full/^800,/0/default.jpg","https://iiif.perseus.tufts.edu/iiif/3/1990.20.0230/full/^450,/0/default.jpg",Photograph by Gregory Crane,"Overall view of North Stoa (Northeast Stoa beyond it's E wall), from W, Argive Heraion",aa_3882,https://iiif.perseus.tufts.edu/iiif/3/1990.20.0230,,,,,,,,,,,,,,,,,,,,,,,,,,,,,,,,,,,,,,,,,,,,,,,,,,,,,,,,,,,,,,,,,,,,,,,,,,,,,,,,,,,,,,,,,,,,,,,,,,
1990.20.0231,i1990200231,aa_3882,"Arched doorway leading to room in back of North Stoa, from S, Argive Heraion",image,image/jpeg,Image;StillImage,https://iiif.perseus.tufts.edu/iiif/3/1990.20.0231/full/max/0/default.jpg,"https://iiif.perseus.tufts.edu/iiif/3/1990.20.0231/full/^800,/0/default.jpg","https://iiif.perseus.tufts.edu/iiif/3/1990.20.0231/full/^450,/0/default.jpg",Photograph by Gregory Crane,"Arched doorway leading to room in back of North Stoa, from S, Argive Heraion",aa_3882,https://iiif.perseus.tufts.edu/iiif/3/1990.20.0231,,,,,,,,,,,,,,,,,,,,,,,,,,,,,,,,,,,,,,,,,,,,,,,,,,,,,,,,,,,,,,,,,,,,,,,,,,,,,,,,,,,,,,,,,,,,,,,,,,
1990.20.0232,i1990200232,aa_3882,"North Stoa and hillside behind, from W, Argive Heraion",image,image/jpeg,Image;StillImage,https://iiif.perseus.tufts.edu/iiif/3/1990.20.0232/full/max/0/default.jpg,"https://iiif.perseus.tufts.edu/iiif/3/1990.20.0232/full/^800,/0/default.jpg","https://iiif.perseus.tufts.edu/iiif/3/1990.20.0232/full/^450,/0/default.jpg",Photograph by Gregory Crane,"North Stoa and hillside behind, from W, Argive Heraion",aa_3882,https://iiif.perseus.tufts.edu/iiif/3/1990.20.0232,,,,,,,,,,,,,,,,,,,,,,,,,,,,,,,,,,,,,,,,,,,,,,,,,,,,,,,,,,,,,,,,,,,,,,,,,,,,,,,,,,,,,,,,,,,,,,,,,,
1990.20.0233,i1990200233,aa_3882,"North Stoa with New Temple at right, from W, Argive Heraion",image,image/jpeg,Image;StillImage,https://iiif.perseus.tufts.edu/iiif/3/1990.20.0233/full/max/0/default.jpg,"https://iiif.perseus.tufts.edu/iiif/3/1990.20.0233/full/^800,/0/default.jpg","https://iiif.perseus.tufts.edu/iiif/3/1990.20.0233/full/^450,/0/default.jpg",Photograph by Gregory Crane,"North Stoa with New Temple at right, from W, Argive Heraion",aa_3882,https://iiif.perseus.tufts.edu/iiif/3/1990.20.0233,,,,,,,,,,,,,,,,,,,,,,,,,,,,,,,,,,,,,,,,,,,,,,,,,,,,,,,,,,,,,,,,,,,,,,,,,,,,,,,,,,,,,,,,,,,,,,,,,,
1990.20.0234,i1990200234,aa_3882,"Overall view of New Temple, from NW, Argive Heraion",image,image/jpeg,Image;StillImage,https://iiif.perseus.tufts.edu/iiif/3/1990.20.0234/full/max/0/default.jpg,"https://iiif.perseus.tufts.edu/iiif/3/1990.20.0234/full/^800,/0/default.jpg","https://iiif.perseus.tufts.edu/iiif/3/1990.20.0234/full/^450,/0/default.jpg",Photograph by Gregory Crane,"Overall view of New Temple, from NW, Argive Heraion",aa_3882,https://iiif.perseus.tufts.edu/iiif/3/1990.20.0234,,,,,,,,,,,,,,,,,,,,,,,,,,,,,,,,,,,,,,,,,,,,,,,,,,,,,,,,,,,,,,,,,,,,,,,,,,,,,,,,,,,,,,,,,,,,,,,,,,
1990.20.0235,i1990200235,aa_3882,"Northwest corner of middle terrace and New Temple, from NW, Argive Heraion",image,image/jpeg,Image;StillImage,https://iiif.perseus.tufts.edu/iiif/3/1990.20.0235/full/max/0/default.jpg,"https://iiif.perseus.tufts.edu/iiif/3/1990.20.0235/full/^800,/0/default.jpg","https://iiif.perseus.tufts.edu/iiif/3/1990.20.0235/full/^450,/0/default.jpg",Photograph by Gregory Crane,"Northwest corner of middle terrace and New Temple, from NW, Argive Heraion",aa_3882,https://iiif.perseus.tufts.edu/iiif/3/1990.20.0235,,,,,,,,,,,,,,,,,,,,,,,,,,,,,,,,,,,,,,,,,,,,,,,,,,,,,,,,,,,,,,,,,,,,,,,,,,,,,,,,,,,,,,,,,,,,,,,,,,
1990.20.0236,i1990200236,aa_3882,"West Peristyle Building, from N and above, Argive Heraion",image,image/jpeg,Image;StillImage,https://iiif.perseus.tufts.edu/iiif/3/1990.20.0236/full/max/0/default.jpg,"https://iiif.perseus.tufts.edu/iiif/3/1990.20.0236/full/^800,/0/default.jpg","https://iiif.perseus.tufts.edu/iiif/3/1990.20.0236/full/^450,/0/default.jpg",Photograph by Gregory Crane,"West Peristyle Building, from N and above, Argive Heraion",aa_3882,https://iiif.perseus.tufts.edu/iiif/3/1990.20.0236,,,,,,,,,,,,,,,,,,,,,,,,,,,,,,,,,,,,,,,,,,,,,,,,,,,,,,,,,,,,,,,,,,,,,,,,,,,,,,,,,,,,,,,,,,,,,,,,,,
1990.20.0237,i1990200237,aa_3882,"West Peristyle Building and Northwest Building (Stoa), from NE, Argive Heraion",image,image/jpeg,Image;StillImage,https://iiif.perseus.tufts.edu/iiif/3/1990.20.0237/full/max/0/default.jpg,"https://iiif.perseus.tufts.edu/iiif/3/1990.20.0237/full/^800,/0/default.jpg","https://iiif.perseus.tufts.edu/iiif/3/1990.20.0237/full/^450,/0/default.jpg",Photograph by Gregory Crane,"West Peristyle Building and Northwest Building (Stoa), from NE, Argive Heraion",aa_3882,https://iiif.perseus.tufts.edu/iiif/3/1990.20.0237,,,,,,,,,,,,,,,,,,,,,,,,,,,,,,,,,,,,,,,,,,,,,,,,,,,,,,,,,,,,,,,,,,,,,,,,,,,,,,,,,,,,,,,,,,,,,,,,,,
1990.20.0238,i1990200238,aa_3882,"Northwest Building (Stoa), from E, Argive Heraion",image,image/jpeg,Image;StillImage,https://iiif.perseus.tufts.edu/iiif/3/1990.20.0238/full/max/0/default.jpg,"https://iiif.perseus.tufts.edu/iiif/3/1990.20.0238/full/^800,/0/default.jpg","https://iiif.perseus.tufts.edu/iiif/3/1990.20.0238/full/^450,/0/default.jpg",Photograph by Gregory Crane,"Northwest Building (Stoa), from E, Argive Heraion",aa_3882,https://iiif.perseus.tufts.edu/iiif/3/1990.20.0238,,,,,,,,,,,,,,,,,,,,,,,,,,,,,,,,,,,,,,,,,,,,,,,,,,,,,,,,,,,,,,,,,,,,,,,,,,,,,,,,,,,,,,,,,,,,,,,,,,
1990.20.0239,i1990200239,aa_3882,"East colonnade of West Peristyle Building, from N, Argive Heraion",image,image/jpeg,Image;StillImage,https://iiif.perseus.tufts.edu/iiif/3/1990.20.0239/full/max/0/default.jpg,"https://iiif.perseus.tufts.edu/iiif/3/1990.20.0239/full/^800,/0/default.jpg","https://iiif.perseus.tufts.edu/iiif/3/1990.20.0239/full/^450,/0/default.jpg",Photograph by Gregory Crane,"East colonnade of West Peristyle Building, from N, Argive Heraion",aa_3882,https://iiif.perseus.tufts.edu/iiif/3/1990.20.0239,,,,,,,,,,,,,,,,,,,,,,,,,,,,,,,,,,,,,,,,,,,,,,,,,,,,,,,,,,,,,,,,,,,,,,,,,,,,,,,,,,,,,,,,,,,,,,,,,,
1990.20.0240,i1990200240,aa_3882,"North Stoa and upper terrace above, from SW, Argive Heraion",image,image/jpeg,Image;StillImage,https://iiif.perseus.tufts.edu/iiif/3/1990.20.0240/full/max/0/default.jpg,"https://iiif.perseus.tufts.edu/iiif/3/1990.20.0240/full/^800,/0/default.jpg","https://iiif.perseus.tufts.edu/iiif/3/1990.20.0240/full/^450,/0/default.jpg",Photograph by Gregory Crane,"North Stoa and upper terrace above, from SW, Argive Heraion",aa_3882,https://iiif.perseus.tufts.edu/iiif/3/1990.20.0240,,,,,,,,,,,,,,,,,,,,,,,,,,,,,,,,,,,,,,,,,,,,,,,,,,,,,,,,,,,,,,,,,,,,,,,,,,,,,,,,,,,,,,,,,,,,,,,,,,
1990.20.0241,i1990200241,aa_3882,"East section of New Temple foundations, from NW and inside, Argive Heraion",image,image/jpeg,Image;StillImage,https://iiif.perseus.tufts.edu/iiif/3/1990.20.0241/full/max/0/default.jpg,"https://iiif.perseus.tufts.edu/iiif/3/1990.20.0241/full/^800,/0/default.jpg","https://iiif.perseus.tufts.edu/iiif/3/1990.20.0241/full/^450,/0/default.jpg",Photograph by Gregory Crane,"East section of New Temple foundations, from NW and inside, Argive Heraion",aa_3882,https://iiif.perseus.tufts.edu/iiif/3/1990.20.0241,,,,,,,,,,,,,,,,,,,,,,,,,,,,,,,,,,,,,,,,,,,,,,,,,,,,,,,,,,,,,,,,,,,,,,,,,,,,,,,,,,,,,,,,,,,,,,,,,,
1990.20.0242,i1990200242,aa_3882,"Detail of blocks in NW corner of New Temple, from S, Argive Heraion",image,image/jpeg,Image;StillImage,https://iiif.perseus.tufts.edu/iiif/3/1990.20.0242/full/max/0/default.jpg,"https://iiif.perseus.tufts.edu/iiif/3/1990.20.0242/full/^800,/0/default.jpg","https://iiif.perseus.tufts.edu/iiif/3/1990.20.0242/full/^450,/0/default.jpg",Photograph by Gregory Crane,"Detail of blocks in NW corner of New Temple, from S, Argive Heraion",aa_3882,https://iiif.perseus.tufts.edu/iiif/3/1990.20.0242,,,,,,,,,,,,,,,,,,,,,,,,,,,,,,,,,,,,,,,,,,,,,,,,,,,,,,,,,,,,,,,,,,,,,,,,,,,,,,,,,,,,,,,,,,,,,,,,,,
1990.20.0243,i1990200243,aa_3882,"Central section of New Temple foundations, from SW, Argive Heraion",image,image/jpeg,Image;StillImage,https://iiif.perseus.tufts.edu/iiif/3/1990.20.0243/full/max/0/default.jpg,"https://iiif.perseus.tufts.edu/iiif/3/1990.20.0243/full/^800,/0/default.jpg","https://iiif.perseus.tufts.edu/iiif/3/1990.20.0243/full/^450,/0/default.jpg",Photograph by Gregory Crane,"Central section of New Temple foundations, from SW, Argive Heraion",aa_3882,https://iiif.perseus.tufts.edu/iiif/3/1990.20.0243,,,,,,,,,,,,,,,,,,,,,,,,,,,,,,,,,,,,,,,,,,,,,,,,,,,,,,,,,,,,,,,,,,,,,,,,,,,,,,,,,,,,,,,,,,,,,,,,,,
1990.20.0244,i1990200244,aa_3882,"East side of West Peristyle Building, from N and above, Argive Heraion",image,image/jpeg,Image;StillImage,https://iiif.perseus.tufts.edu/iiif/3/1990.20.0244/full/max/0/default.jpg,"https://iiif.perseus.tufts.edu/iiif/3/1990.20.0244/full/^800,/0/default.jpg","https://iiif.perseus.tufts.edu/iiif/3/1990.20.0244/full/^450,/0/default.jpg",Photograph by Gregory Crane,"East side of West Peristyle Building, from N and above, Argive Heraion",aa_3882,https://iiif.perseus.tufts.edu/iiif/3/1990.20.0244,,,,,,,,,,,,,,,,,,,,,,,,,,,,,,,,,,,,,,,,,,,,,,,,,,,,,,,,,,,,,,,,,,,,,,,,,,,,,,,,,,,,,,,,,,,,,,,,,,
1990.20.0245,i1990200245,aa_3882,"West side of West Peristyle Building, from NE and above, Argive Heraion",image,image/jpeg,Image;StillImage,https://iiif.perseus.tufts.edu/iiif/3/1990.20.0245/full/max/0/default.jpg,"https://iiif.perseus.tufts.edu/iiif/3/1990.20.0245/full/^800,/0/default.jpg","https://iiif.perseus.tufts.edu/iiif/3/1990.20.0245/full/^450,/0/default.jpg",Photograph by Gregory Crane,"West side of West Peristyle Building, from NE and above, Argive Heraion",aa_3882,https://iiif.perseus.tufts.edu/iiif/3/1990.20.0245,,,,,,,,,,,,,,,,,,,,,,,,,,,,,,,,,,,,,,,,,,,,,,,,,,,,,,,,,,,,,,,,,,,,,,,,,,,,,,,,,,,,,,,,,,,,,,,,,,
1990.20.0246,i1990200246,aa_3882,"Central section of interior of New Temple, from SE, Argive Heraion",image,image/jpeg,Image;StillImage,https://iiif.perseus.tufts.edu/iiif/3/1990.20.0246/full/max/0/default.jpg,"https://iiif.perseus.tufts.edu/iiif/3/1990.20.0246/full/^800,/0/default.jpg","https://iiif.perseus.tufts.edu/iiif/3/1990.20.0246/full/^450,/0/default.jpg",Photograph by Gregory Crane,"Central section of interior of New Temple, from SE, Argive Heraion",aa_3882,https://iiif.perseus.tufts.edu/iiif/3/1990.20.0246,,,,,,,,,,,,,,,,,,,,,,,,,,,,,,,,,,,,,,,,,,,,,,,,,,,,,,,,,,,,,,,,,,,,,,,,,,,,,,,,,,,,,,,,,,,,,,,,,,
1990.20.0247,i1990200247,aa_3882,"Entrance to New Temple, from SW, Argive Heraion",image,image/jpeg,Image;StillImage,https://iiif.perseus.tufts.edu/iiif/3/1990.20.0247/full/max/0/default.jpg,"https://iiif.perseus.tufts.edu/iiif/3/1990.20.0247/full/^800,/0/default.jpg","https://iiif.perseus.tufts.edu/iiif/3/1990.20.0247/full/^450,/0/default.jpg",Photograph by Gregory Crane,"Entrance to New Temple, from SW, Argive Heraion",aa_3882,https://iiif.perseus.tufts.edu/iiif/3/1990.20.0247,,,,,,,,,,,,,,,,,,,,,,,,,,,,,,,,,,,,,,,,,,,,,,,,,,,,,,,,,,,,,,,,,,,,,,,,,,,,,,,,,,,,,,,,,,,,,,,,,,
1990.20.0248,i1990200248,aa_3882,"Central interior section of New Temple, from NE, Argive Heraion",image,image/jpeg,Image;StillImage,https://iiif.perseus.tufts.edu/iiif/3/1990.20.0248/full/max/0/default.jpg,"https://iiif.perseus.tufts.edu/iiif/3/1990.20.0248/full/^800,/0/default.jpg","https://iiif.perseus.tufts.edu/iiif/3/1990.20.0248/full/^450,/0/default.jpg",Photograph by Gregory Crane,"Central interior section of New Temple, from NE, Argive Heraion",aa_3882,https://iiif.perseus.tufts.edu/iiif/3/1990.20.0248,,,,,,,,,,,,,,,,,,,,,,,,,,,,,,,,,,,,,,,,,,,,,,,,,,,,,,,,,,,,,,,,,,,,,,,,,,,,,,,,,,,,,,,,,,,,,,,,,,
1990.20.0249,i1990200249,aa_3882,"Entrance to the New Temple, from N, Argive Heraion",image,image/jpeg,Image;StillImage,https://iiif.perseus.tufts.edu/iiif/3/1990.20.0249/full/max/0/default.jpg,"https://iiif.perseus.tufts.edu/iiif/3/1990.20.0249/full/^800,/0/default.jpg","https://iiif.perseus.tufts.edu/iiif/3/1990.20.0249/full/^450,/0/default.jpg",Photograph by Gregory Crane,"Entrance to the New Temple, from N, Argive Heraion",aa_3882,https://iiif.perseus.tufts.edu/iiif/3/1990.20.0249,,,,,,,,,,,,,,,,,,,,,,,,,,,,,,,,,,,,,,,,,,,,,,,,,,,,,,,,,,,,,,,,,,,,,,,,,,,,,,,,,,,,,,,,,,,,,,,,,,
1990.20.0250,i1990200250,aa_3882,"North section and E wall of West Peristyle Building, from W, Argive Heraion",image,image/jpeg,Image;StillImage,https://iiif.perseus.tufts.edu/iiif/3/1990.20.0250/full/max/0/default.jpg,"https://iiif.perseus.tufts.edu/iiif/3/1990.20.0250/full/^800,/0/default.jpg","https://iiif.perseus.tufts.edu/iiif/3/1990.20.0250/full/^450,/0/default.jpg",Photograph by Gregory Crane,"North section and E wall of West Peristyle Building, from W, Argive Heraion",aa_3882,https://iiif.perseus.tufts.edu/iiif/3/1990.20.0250,,,,,,,,,,,,,,,,,,,,,,,,,,,,,,,,,,,,,,,,,,,,,,,,,,,,,,,,,,,,,,,,,,,,,,,,,,,,,,,,,,,,,,,,,,,,,,,,,,
1990.20.0251,i1990200251,aa_3882,"Northeast section of West Peristyle Building (Nauplion in distance), from NW, Argive Heraion",image,image/jpeg,Image;StillImage,https://iiif.perseus.tufts.edu/iiif/3/1990.20.0251/full/max/0/default.jpg,"https://iiif.perseus.tufts.edu/iiif/3/1990.20.0251/full/^800,/0/default.jpg","https://iiif.perseus.tufts.edu/iiif/3/1990.20.0251/full/^450,/0/default.jpg",Photograph by Gregory Crane,"Northeast section of West Peristyle Building (Nauplion in distance), from NW, Argive Heraion",aa_3882,https://iiif.perseus.tufts.edu/iiif/3/1990.20.0251,,,,,,,,,,,,,,,,,,,,,,,,,,,,,,,,,,,,,,,,,,,,,,,,,,,,,,,,,,,,,,,,,,,,,,,,,,,,,,,,,,,,,,,,,,,,,,,,,,
1990.20.0252,i1990200252,aa_3882,"West section of West Peristyle Building, from N, Argive Heraion",image,image/jpeg,Image;StillImage,https://iiif.perseus.tufts.edu/iiif/3/1990.20.0252/full/max/0/default.jpg,"https://iiif.perseus.tufts.edu/iiif/3/1990.20.0252/full/^800,/0/default.jpg","https://iiif.perseus.tufts.edu/iiif/3/1990.20.0252/full/^450,/0/default.jpg",Photograph by Gregory Crane,"West section of West Peristyle Building, from N, Argive Heraion",aa_3882,https://iiif.perseus.tufts.edu/iiif/3/1990.20.0252,,,,,,,,,,,,,,,,,,,,,,,,,,,,,,,,,,,,,,,,,,,,,,,,,,,,,,,,,,,,,,,,,,,,,,,,,,,,,,,,,,,,,,,,,,,,,,,,,,
1990.20.0253,i1990200253,aa_3882,"East section of West Peristyle Building, from SW, Argive Heraion",image,image/jpeg,Image;StillImage,https://iiif.perseus.tufts.edu/iiif/3/1990.20.0253/full/max/0/default.jpg,"https://iiif.perseus.tufts.edu/iiif/3/1990.20.0253/full/^800,/0/default.jpg","https://iiif.perseus.tufts.edu/iiif/3/1990.20.0253/full/^450,/0/default.jpg",Photograph by Gregory Crane,"East section of West Peristyle Building, from SW, Argive Heraion",aa_3882,https://iiif.perseus.tufts.edu/iiif/3/1990.20.0253,,,,,,,,,,,,,,,,,,,,,,,,,,,,,,,,,,,,,,,,,,,,,,,,,,,,,,,,,,,,,,,,,,,,,,,,,,,,,,,,,,,,,,,,,,,,,,,,,,
1990.20.0254,i1990200254,aa_3882,"South section of West Peristyle Building, from W, Argive Heraion",image,image/jpeg,Image;StillImage,https://iiif.perseus.tufts.edu/iiif/3/1990.20.0254/full/max/0/default.jpg,"https://iiif.perseus.tufts.edu/iiif/3/1990.20.0254/full/^800,/0/default.jpg","https://iiif.perseus.tufts.edu/iiif/3/1990.20.0254/full/^450,/0/default.jpg",Photograph by Gregory Crane,"South section of West Peristyle Building, from W, Argive Heraion",aa_3882,https://iiif.perseus.tufts.edu/iiif/3/1990.20.0254,,,,,,,,,,,,,,,,,,,,,,,,,,,,,,,,,,,,,,,,,,,,,,,,,,,,,,,,,,,,,,,,,,,,,,,,,,,,,,,,,,,,,,,,,,,,,,,,,,
1990.20.0255,i1990200255,aa_3882,"Northwest corner of South Stoa, from NW, Argive Heraion",image,image/jpeg,Image;StillImage,https://iiif.perseus.tufts.edu/iiif/3/1990.20.0255/full/max/0/default.jpg,"https://iiif.perseus.tufts.edu/iiif/3/1990.20.0255/full/^800,/0/default.jpg","https://iiif.perseus.tufts.edu/iiif/3/1990.20.0255/full/^450,/0/default.jpg",Photograph by Gregory Crane,"Northwest corner of South Stoa, from NW, Argive Heraion",aa_3882,https://iiif.perseus.tufts.edu/iiif/3/1990.20.0255,,,,,,,,,,,,,,,,,,,,,,,,,,,,,,,,,,,,,,,,,,,,,,,,,,,,,,,,,,,,,,,,,,,,,,,,,,,,,,,,,,,,,,,,,,,,,,,,,,
1990.20.0256,i1990200256,aa_3882,"Column base on W side of West Peristyle Building, from SW, Argive Heraion",image,image/jpeg,Image;StillImage,https://iiif.perseus.tufts.edu/iiif/3/1990.20.0256/full/max/0/default.jpg,"https://iiif.perseus.tufts.edu/iiif/3/1990.20.0256/full/^800,/0/default.jpg","https://iiif.perseus.tufts.edu/iiif/3/1990.20.0256/full/^450,/0/default.jpg",Photograph by Gregory Crane,"Column base on W side of West Peristyle Building, from SW, Argive Heraion",aa_3882,https://iiif.perseus.tufts.edu/iiif/3/1990.20.0256,,,,,,,,,,,,,,,,,,,,,,,,,,,,,,,,,,,,,,,,,,,,,,,,,,,,,,,,,,,,,,,,,,,,,,,,,,,,,,,,,,,,,,,,,,,,,,,,,,
1990.20.0257,i1990200257,aa_3882,"Northwest corner of central room of West Peristyle Building, from SW, Argive Heraion",image,image/jpeg,Image;StillImage,https://iiif.perseus.tufts.edu/iiif/3/1990.20.0257/full/max/0/default.jpg,"https://iiif.perseus.tufts.edu/iiif/3/1990.20.0257/full/^800,/0/default.jpg","https://iiif.perseus.tufts.edu/iiif/3/1990.20.0257/full/^450,/0/default.jpg",Photograph by Gregory Crane,"Northwest corner of central room of West Peristyle Building, from SW, Argive Heraion",aa_3882,https://iiif.perseus.tufts.edu/iiif/3/1990.20.0257,,,,,,,,,,,,,,,,,,,,,,,,,,,,,,,,,,,,,,,,,,,,,,,,,,,,,,,,,,,,,,,,,,,,,,,,,,,,,,,,,,,,,,,,,,,,,,,,,,
1990.20.0258,i1990200258,aa_3882,"Northwest corner of central room and E-W wall of West Peristyle Building, from SW, Argive Heraion",image,image/jpeg,Image;StillImage,https://iiif.perseus.tufts.edu/iiif/3/1990.20.0258/full/max/0/default.jpg,"https://iiif.perseus.tufts.edu/iiif/3/1990.20.0258/full/^800,/0/default.jpg","https://iiif.perseus.tufts.edu/iiif/3/1990.20.0258/full/^450,/0/default.jpg",Photograph by Gregory Crane,"Northwest corner of central room and E-W wall of West Peristyle Building, from SW, Argive Heraion",aa_3882,https://iiif.perseus.tufts.edu/iiif/3/1990.20.0258,,,,,,,,,,,,,,,,,,,,,,,,,,,,,,,,,,,,,,,,,,,,,,,,,,,,,,,,,,,,,,,,,,,,,,,,,,,,,,,,,,,,,,,,,,,,,,,,,,
1990.20.0259,i1990200259,aa_3882,"West section of South Stoa, from S, Argive Heraion",image,image/jpeg,Image;StillImage,https://iiif.perseus.tufts.edu/iiif/3/1990.20.0259/full/max/0/default.jpg,"https://iiif.perseus.tufts.edu/iiif/3/1990.20.0259/full/^800,/0/default.jpg","https://iiif.perseus.tufts.edu/iiif/3/1990.20.0259/full/^450,/0/default.jpg",Photograph by Gregory Crane,"West section of South Stoa, from S, Argive Heraion",aa_3882,https://iiif.perseus.tufts.edu/iiif/3/1990.20.0259,,,,,,,,,,,,,,,,,,,,,,,,,,,,,,,,,,,,,,,,,,,,,,,,,,,,,,,,,,,,,,,,,,,,,,,,,,,,,,,,,,,,,,,,,,,,,,,,,,
1990.20.0260,i1990200260,aa_3882,"East section of South Stoa, from SW, Argive Heraion",image,image/jpeg,Image;StillImage,https://iiif.perseus.tufts.edu/iiif/3/1990.20.0260/full/max/0/default.jpg,"https://iiif.perseus.tufts.edu/iiif/3/1990.20.0260/full/^800,/0/default.jpg","https://iiif.perseus.tufts.edu/iiif/3/1990.20.0260/full/^450,/0/default.jpg",Photograph by Gregory Crane,"East section of South Stoa, from SW, Argive Heraion",aa_3882,https://iiif.perseus.tufts.edu/iiif/3/1990.20.0260,,,,,,,,,,,,,,,,,,,,,,,,,,,,,,,,,,,,,,,,,,,,,,,,,,,,,,,,,,,,,,,,,,,,,,,,,,,,,,,,,,,,,,,,,,,,,,,,,,
1990.20.0261,i1990200261,aa_3882,"Stepped terrace wall below middle terrace and the E section of the South Stoa, from SW, Argive Heraion",image,image/jpeg,Image;StillImage,https://iiif.perseus.tufts.edu/iiif/3/1990.20.0261/full/max/0/default.jpg,"https://iiif.perseus.tufts.edu/iiif/3/1990.20.0261/full/^800,/0/default.jpg","https://iiif.perseus.tufts.edu/iiif/3/1990.20.0261/full/^450,/0/default.jpg",Photograph by Gregory Crane,"Stepped terrace wall below middle terrace and the E section of the South Stoa, from SW, Argive Heraion",aa_3882,https://iiif.perseus.tufts.edu/iiif/3/1990.20.0261,,,,,,,,,,,,,,,,,,,,,,,,,,,,,,,,,,,,,,,,,,,,,,,,,,,,,,,,,,,,,,,,,,,,,,,,,,,,,,,,,,,,,,,,,,,,,,,,,,
1990.20.0262,i1990200262,aa_3882,"Central section of South Stoa and stepped terrace wall, from SW, Argive Heraion",image,image/jpeg,Image;StillImage,https://iiif.perseus.tufts.edu/iiif/3/1990.20.0262/full/max/0/default.jpg,"https://iiif.perseus.tufts.edu/iiif/3/1990.20.0262/full/^800,/0/default.jpg","https://iiif.perseus.tufts.edu/iiif/3/1990.20.0262/full/^450,/0/default.jpg",Photograph by Gregory Crane,"Central section of South Stoa and stepped terrace wall, from SW, Argive Heraion",aa_3882,https://iiif.perseus.tufts.edu/iiif/3/1990.20.0262,,,,,,,,,,,,,,,,,,,,,,,,,,,,,,,,,,,,,,,,,,,,,,,,,,,,,,,,,,,,,,,,,,,,,,,,,,,,,,,,,,,,,,,,,,,,,,,,,,
1990.20.0263,i1990200263,aa_3882,"West section of South Stoa (SW corner of New Temple 2 in background), from S, Argive Heraion",image,image/jpeg,Image;StillImage,https://iiif.perseus.tufts.edu/iiif/3/1990.20.0263/full/max/0/default.jpg,"https://iiif.perseus.tufts.edu/iiif/3/1990.20.0263/full/^800,/0/default.jpg","https://iiif.perseus.tufts.edu/iiif/3/1990.20.0263/full/^450,/0/default.jpg",Photograph by Gregory Crane,"West section of South Stoa (SW corner of New Temple 2 in background), from S, Argive Heraion",aa_3882,https://iiif.perseus.tufts.edu/iiif/3/1990.20.0263,,,,,,,,,,,,,,,,,,,,,,,,,,,,,,,,,,,,,,,,,,,,,,,,,,,,,,,,,,,,,,,,,,,,,,,,,,,,,,,,,,,,,,,,,,,,,,,,,,
1990.30.0046,i1990300046,aa_3882,"Aerial view of temples, detail, from NE, Argive Heraion",image,image/jpeg,Image;StillImage,https://iiif.perseus.tufts.edu/iiif/3/1990.30.0046/full/max/0/default.jpg,"https://iiif.perseus.tufts.edu/iiif/3/1990.30.0046/full/^800,/0/default.jpg","https://iiif.perseus.tufts.edu/iiif/3/1990.30.0046/full/^450,/0/default.jpg","Photograph by Raymond V. Schoder, S.J., courtesy of Bolchazy-Carducci Publishers","Aerial view of temples, detail, from NE, Argive Heraion",aa_3882,https://iiif.perseus.tufts.edu/iiif/3/1990.30.0046,,,,,,,,,,,,,,,,,,,,,,,,,,,,,,,,,,,,,,,,,,,,,,,,,,,,,,,,,,,,,,,,,,,,,,,,,,,,,,,,,,,,,,,,,,,,,,,,,,
1990.30.0047,i1990300047,aa_3882,"Aerial view of temples, detail, from SW, Argive Heraion",image,image/jpeg,Image;StillImage,https://iiif.perseus.tufts.edu/iiif/3/1990.30.0047/full/max/0/default.jpg,"https://iiif.perseus.tufts.edu/iiif/3/1990.30.0047/full/^800,/0/default.jpg","https://iiif.perseus.tufts.edu/iiif/3/1990.30.0047/full/^450,/0/default.jpg","Photograph by Raymond V. Schoder, S.J., courtesy of Bolchazy-Carducci Publishers","Aerial view of temples, detail, from SW, Argive Heraion",aa_3882,https://iiif.perseus.tufts.edu/iiif/3/1990.30.0047,,,,,,,,,,,,,,,,,,,,,,,,,,,,,,,,,,,,,,,,,,,,,,,,,,,,,,,,,,,,,,,,,,,,,,,,,,,,,,,,,,,,,,,,,,,,,,,,,,
aa_3911,aa_3911,,Prinias,compound_object,compound_object,record,https://iiif.perseus.tufts.edu/iiif/3/1987.09.2306/full/max/0/default.jpg,"https://iiif.perseus.tufts.edu/iiif/3/1987.09.2306/full/^800,/0/default.jpg","https://iiif.perseus.tufts.edu/iiif/3/1987.09.2306/full/^450,/0/default.jpg",,,,,,,,,,,,,,,,,,,,,,,,,,,,,"<P>The settlement is one of several Dark Age Cretan refuge sites established at natural strong holds in the mountains. Its importance is attested to by the Archaic temples and their sculptures, early inscriptions and other finds. Religious activity at the site may have outlasted actual settlement which had ceased by the 2nd century B.C. at the latest.</P>",,,,,,,Donald R. Keller,,,"<P>Halbherr and J. Alden explored the site in 1894. Excavations, 1907-1908, and since 1969 by the Italian School.</P>",,,,,,,,1987.09.2306,1987.09.2306,,,,,,,Perseus,,,Prinias,,,,,,"<P><bibl>F. Halbherr, AJA 11 (1st series, 1896) 530-31; AJA 5 (1901) 399ff. L. Pernier, ""Templi arcaici sulla patla di Prinis,"" ASAtene 1 (1914) 18-111 (map & plans: final report). L. Pernier, ""New elements for the study of the Archaic Temple of Prinias,"" AJA 38 (1934) 171-77. E. Kirsten, ""Rhizenia,"" RE Suppl. 7 (1940) 1138-53. G. Rizza, ""Nuove ricerche sulla Patela e nel territorio di Prinias,"" Chronache di Arch. e di Storia dell'Arte 8 (1969) 7-32. reports in BCH 84 (1960) 840; 94 (1970) [...]",,,,,,<P>Late Bronze Age</P><P>Dark Age</P><P>Geometric</P><P>Archaic</P><P>Classical</P><P>Hellenistic</P>,1.0,"<P>Near the modern village of Prinias in central Crete is a site possibly to be identified with ancient Rhyzenia. The small, unwalled settlement was established on the plateau (called Petela) of a steep and almost inaccessible mountain. In addition to Archaic house remains, 2 small temples of the 7th to 6th century B.C. are located near the center of the plateau. There is also evidence for a later cult to Athena at the E end of the plateau and on the W end are the walls of a small Hellenistic fortress with corner towers.</P>",,,,,,Crete,,,,,,,,,,,,Settlement,"<P><bibl>PECS, 739-740</bibl>; <bibl>Leekley and Noyes 1975, 94</bibl>; <bibl>Cameron 1988, 137-138</bibl></P>",,,,,Early Iron Age Cretan refuge settlement in mountains.,,,Site,,,
1987.09.2306,i1987092306,aa_3911,"Site of ancient acropolis from W, Prinias",image,image/jpeg,Image;StillImage,https://iiif.perseus.tufts.edu/iiif/3/1987.09.2306/full/max/0/default.jpg,"https://iiif.perseus.tufts.edu/iiif/3/1987.09.2306/full/^800,/0/default.jpg","https://iiif.perseus.tufts.edu/iiif/3/1987.09.2306/full/^450,/0/default.jpg","Photograph courtesy of the Department of Archaeology, Boston University, Saul S. Weinberg Collection","Site of ancient acropolis from W, Prinias",aa_3911,https://iiif.perseus.tufts.edu/iiif/3/1987.09.2306,,,,,,,,,,,,,,,,,,,,,,,,,,,,,,,,,,,,,,,,,,,,,,,,,,,,,,,,,,,,,,,,,,,,,,,,,,,,,,,,,,,,,,,,,,,,,,,,,,
aa_3944,aa_3944,,Syracuse,compound_object,compound_object,record,https://iiif.perseus.tufts.edu/iiif/3/1999.04.0378/full/max/0/default.jpg,"https://iiif.perseus.tufts.edu/iiif/3/1999.04.0378/full/^800,/0/default.jpg","https://iiif.perseus.tufts.edu/iiif/3/1999.04.0378/full/^450,/0/default.jpg",,,,,,,,,,,,,,,,,,,,,,,,,,,,,"<P>In 734 B.C. Corinthians, led by Archias, overcame a local Sicel settlement on the island of Ortygia and established the colony of Syracuse. The island, forming the N side of the Great Harbor and with its own source of fresh water, the spring of Arethusa, remained the citadel of Syracuse. The city, however, soon extended to the mainland, and in the mid 6th century B.C., Ortygia was connected to the mainland by a causeway.</P><P>In the course of the 5th century B.C. the wealth, cultural development, and political power of Syracuse rivalled Athens itself. In 485 B.C., Gelon, the tyrant of Gela, who had gained control over most of Sicily, seized Syracuse and made it his capital. In 480 B.C. Gelon led the Greeks in a victory over the Carthaginians at Himera. Gelon's brother, who succeeded him, defeated the Etruscians in a naval battle in 474 B.C. and ensured the dominance of Syracuse over the entire southwestern Mediterranian basin.</P><P>In 415-413 B.C. Syracuse was victorious in a war with Athens. Between 410 and 397 B.C. Syracuse was again victorious over the Carthaginians and renewed its claim to supremacy in the western Mediterranian.</P><P>In the middle of the 4th century B.C., however, Carthage again invaded Sicily and threatened Syracuse. In 344 B.C., the Corinthian Timoleon was sent to Sicily at the request of the Greek cities there in order to repel the Carthaginians. Timoleon took possession of Syracuse and led the Sicilian Greeks to victory in 339 B.C. Timoleon rebuilt the Greek cities and established democratic governments in each. Syracuse continued to better the Carthaginians in battle and in the 3rd century B.C. became allied with Rome. Later the city attempted to reject the alliance and at ca. 212 B.C., after a two year siege, the Romans conquered Syracuse. The Roman plunder and looting of art from Syracuse is said to have created the first appreciation of Classical Greek art in Rome. Syracuse declined under Roman rule and was finally destroyed by the Saracens in A.D. 878.</P>",,,,,,,Donald R. Keller,,,<P></P>,,,,,,,,"1999.04.0378,1999.04.0379,1999.04.0380,1999.04.0381,1999.04.0382,1999.04.0383,1999.04.0384,1999.04.0385,1999.04.0386,1999.04.0387,1999.04.0388,1999.04.0389,1999.04.0390,1999.04.0392,1999.04.0393","1999.04.0378,1999.04.0379,1999.04.0380,1999.04.0381,1999.04.0382,1999.04.0383,1999.04.0384,1999.04.0385,1999.04.0386,1999.04.0387,1999.04.0388,1999.04.0389,1999.04.0390,1999.04.0392,1999.04.0393",,,,,,,Perseus,,,Syracuse,,,,,,"<P><bibl>F.S. Cavallari et al., Topografia Archeologica di Siracusa (1883); Appendice alla topografia di Siracusa (1891)</bibl>; <bibl>Syracuse, the fairest Greek city: ancient art from the Museo archeologico regionale 'Paolo Orsi' (Bonna Wescoat, ed.; Rome, 1989)</bibl>; <bibl>E.A. Freeman, The History of Sicily I-IV (1891-1894)</bibl>; <bibl>R. Koldewey and O. Puchstein, Die Griechischen Tempel in Unteritalien und Sicilien (1899)</bibl>; <bibl>G.E. Rizzo, Il teatro greco di Siracusa [...]",,,,,,<P>Archaic</P><P>Classical</P><P>Hellenistic</P><P>Roman</P>,1.0,"<P>The city of Syracuse is located at the SE corner of Sicily and included the offshore island of Ortygia. Ortygia, which forms the N arm of the natural harbor at Syracuse, was a naturally defensible site with a source of fresh water. It was the position first occupied by the Greek colonists who fortified it, laid out a linear grid pattern of streets, and constructed their earliest sanctuaries, including temples of Athena and Apollo. The narrow island remained a citadel of the city even after it was joined to the mainland at ca. 550 B.C.</P><P>In addition to the large deep harbor (Great Harbor) S of the island, the construction of moles formed a small second harbor N of the island. These facilities made Syracuse one of the principal ports of the western Mediterranian. On the mainland W of Ortygia, and extending to the N, was the commercial and administrative center of Syracuse, the district of Achradina. The agora, shops, and public buildings were in this area adjoining the quays and dry docks of the harbors.</P><P>West of Achradina was the district of Neapolis, where the theater, ampitheater, and many of the major monuments were located. Northwest of Achradina and Neapolis was the residential district of Tyche. The slopping terrain of the Tyche district reached up to the plateau of Epipolae, which was a largely undeveloped area of the city. This high ground was, for stratigic reasons, included within the city's defensive walls which extended far to the W, to the fortress of Euryalos. The well-designed fortress was constructed as an independent strong point at the northwestern extreme of the city's defenses where the only level approach to the Epipolae plateau is located. The latest city walls of Syracuse extended for ca. 31 km and were built by Dionysios at the beginning of the 4th century B.C. A major sanctuary of Olympian Zeus is also located at Syracuse, ca. 3 km S of the city, on the banks of the Cyane river.</P>",,,,,,Sicily,,,,,,,,,,,,Fortified city and port,"<P><bibl>PECS, 871-874</bibl>; <bibl>Macadam 1981, 203-220</bibl></P>",,,,,The richest Greek city of Sicily and a western rival of Athens.,,,Site,,,
1999.04.0378,i1999040378,aa_3944,Altar of Hieron at Syracuse: oblique view from short end,image,image/jpeg,Image;StillImage,https://iiif.perseus.tufts.edu/iiif/3/1999.04.0378/full/max/0/default.jpg,"https://iiif.perseus.tufts.edu/iiif/3/1999.04.0378/full/^800,/0/default.jpg","https://iiif.perseus.tufts.edu/iiif/3/1999.04.0378/full/^450,/0/default.jpg",Photograph by Jodi Magness,Altar of Hieron at Syracuse: oblique view from short end,aa_3944,https://iiif.perseus.tufts.edu/iiif/3/1999.04.0378,,,,,,,,,,,,,,,,,,,,,,,,,,,,,,,,,,,,,,,,,,,,,,,,,,,,,,,,,,,,,,,,,,,,,,,,,,,,,,,,,,,,,,,,,,,,,,,,,,
1999.04.0379,i1999040379,aa_3944,Altar of Hieron at Syracuse: view from short end,image,image/jpeg,Image;StillImage,https://iiif.perseus.tufts.edu/iiif/3/1999.04.0379/full/max/0/default.jpg,"https://iiif.perseus.tufts.edu/iiif/3/1999.04.0379/full/^800,/0/default.jpg","https://iiif.perseus.tufts.edu/iiif/3/1999.04.0379/full/^450,/0/default.jpg",Photograph by Jodi Magness,Altar of Hieron at Syracuse: view from short end,aa_3944,https://iiif.perseus.tufts.edu/iiif/3/1999.04.0379,,,,,,,,,,,,,,,,,,,,,,,,,,,,,,,,,,,,,,,,,,,,,,,,,,,,,,,,,,,,,,,,,,,,,,,,,,,,,,,,,,,,,,,,,,,,,,,,,,
1999.04.0380,i1999040380,aa_3944,Altar of Hieron at Syracuse: steps rising from the short end,image,image/jpeg,Image;StillImage,https://iiif.perseus.tufts.edu/iiif/3/1999.04.0380/full/max/0/default.jpg,"https://iiif.perseus.tufts.edu/iiif/3/1999.04.0380/full/^800,/0/default.jpg","https://iiif.perseus.tufts.edu/iiif/3/1999.04.0380/full/^450,/0/default.jpg",Photograph by Jodi Magness,Altar of Hieron at Syracuse: steps rising from the short end,aa_3944,https://iiif.perseus.tufts.edu/iiif/3/1999.04.0380,,,,,,,,,,,,,,,,,,,,,,,,,,,,,,,,,,,,,,,,,,,,,,,,,,,,,,,,,,,,,,,,,,,,,,,,,,,,,,,,,,,,,,,,,,,,,,,,,,
1999.04.0381,i1999040381,aa_3944,Greek theater at Syracuse: oblique view of the cavea,image,image/jpeg,Image;StillImage,https://iiif.perseus.tufts.edu/iiif/3/1999.04.0381/full/max/0/default.jpg,"https://iiif.perseus.tufts.edu/iiif/3/1999.04.0381/full/^800,/0/default.jpg","https://iiif.perseus.tufts.edu/iiif/3/1999.04.0381/full/^450,/0/default.jpg",Photograph by Jodi Magness,Greek theater at Syracuse: oblique view of the cavea,aa_3944,https://iiif.perseus.tufts.edu/iiif/3/1999.04.0381,,,,,,,,,,,,,,,,,,,,,,,,,,,,,,,,,,,,,,,,,,,,,,,,,,,,,,,,,,,,,,,,,,,,,,,,,,,,,,,,,,,,,,,,,,,,,,,,,,
1999.04.0382,i1999040382,aa_3944,Greek theater at Syracuse: view from the cavea to the scaenae frons (stage building),image,image/jpeg,Image;StillImage,https://iiif.perseus.tufts.edu/iiif/3/1999.04.0382/full/max/0/default.jpg,"https://iiif.perseus.tufts.edu/iiif/3/1999.04.0382/full/^800,/0/default.jpg","https://iiif.perseus.tufts.edu/iiif/3/1999.04.0382/full/^450,/0/default.jpg",Photograph by Jodi Magness,Greek theater at Syracuse: view from the cavea to the scaenae frons (stage building),aa_3944,https://iiif.perseus.tufts.edu/iiif/3/1999.04.0382,,,,,,,,,,,,,,,,,,,,,,,,,,,,,,,,,,,,,,,,,,,,,,,,,,,,,,,,,,,,,,,,,,,,,,,,,,,,,,,,,,,,,,,,,,,,,,,,,,
1999.04.0383,i1999040383,aa_3944,Spring in a cave above the cavea of the theater at Syracuse,image,image/jpeg,Image;StillImage,https://iiif.perseus.tufts.edu/iiif/3/1999.04.0383/full/max/0/default.jpg,"https://iiif.perseus.tufts.edu/iiif/3/1999.04.0383/full/^800,/0/default.jpg","https://iiif.perseus.tufts.edu/iiif/3/1999.04.0383/full/^450,/0/default.jpg",Photograph by Jodi Magness,Spring in a cave above the cavea of the theater at Syracuse,aa_3944,https://iiif.perseus.tufts.edu/iiif/3/1999.04.0383,,,,,,,,,,,,,,,,,,,,,,,,,,,,,,,,,,,,,,,,,,,,,,,,,,,,,,,,,,,,,,,,,,,,,,,,,,,,,,,,,,,,,,,,,,,,,,,,,,
1999.04.0384,i1999040384,aa_3944,Greek theater at Syracuse: view of the cavea,image,image/jpeg,Image;StillImage,https://iiif.perseus.tufts.edu/iiif/3/1999.04.0384/full/max/0/default.jpg,"https://iiif.perseus.tufts.edu/iiif/3/1999.04.0384/full/^800,/0/default.jpg","https://iiif.perseus.tufts.edu/iiif/3/1999.04.0384/full/^450,/0/default.jpg",Photograph by Jodi Magness,Greek theater at Syracuse: view of the cavea,aa_3944,https://iiif.perseus.tufts.edu/iiif/3/1999.04.0384,,,,,,,,,,,,,,,,,,,,,,,,,,,,,,,,,,,,,,,,,,,,,,,,,,,,,,,,,,,,,,,,,,,,,,,,,,,,,,,,,,,,,,,,,,,,,,,,,,
1999.04.0385,i1999040385,aa_3944,Overview of amphitheater at Syracuse,image,image/jpeg,Image;StillImage,https://iiif.perseus.tufts.edu/iiif/3/1999.04.0385/full/max/0/default.jpg,"https://iiif.perseus.tufts.edu/iiif/3/1999.04.0385/full/^800,/0/default.jpg","https://iiif.perseus.tufts.edu/iiif/3/1999.04.0385/full/^450,/0/default.jpg",Photograph by Jodi Magness,Overview of amphitheater at Syracuse,aa_3944,https://iiif.perseus.tufts.edu/iiif/3/1999.04.0385,,,,,,,,,,,,,,,,,,,,,,,,,,,,,,,,,,,,,,,,,,,,,,,,,,,,,,,,,,,,,,,,,,,,,,,,,,,,,,,,,,,,,,,,,,,,,,,,,,
1999.04.0386,i1999040386,aa_3944,Overview of amphitheater at Syracuse,image,image/jpeg,Image;StillImage,https://iiif.perseus.tufts.edu/iiif/3/1999.04.0386/full/max/0/default.jpg,"https://iiif.perseus.tufts.edu/iiif/3/1999.04.0386/full/^800,/0/default.jpg","https://iiif.perseus.tufts.edu/iiif/3/1999.04.0386/full/^450,/0/default.jpg",Photograph by Jodi Magness,Overview of amphitheater at Syracuse,aa_3944,https://iiif.perseus.tufts.edu/iiif/3/1999.04.0386,,,,,,,,,,,,,,,,,,,,,,,,,,,,,,,,,,,,,,,,,,,,,,,,,,,,,,,,,,,,,,,,,,,,,,,,,,,,,,,,,,,,,,,,,,,,,,,,,,
1999.04.0387,i1999040387,aa_3944,Amphitheater at Syracuse with the entrance in the foreground,image,image/jpeg,Image;StillImage,https://iiif.perseus.tufts.edu/iiif/3/1999.04.0387/full/max/0/default.jpg,"https://iiif.perseus.tufts.edu/iiif/3/1999.04.0387/full/^800,/0/default.jpg","https://iiif.perseus.tufts.edu/iiif/3/1999.04.0387/full/^450,/0/default.jpg",Photograph by Jodi Magness,Amphitheater at Syracuse with the entrance in the foreground,aa_3944,https://iiif.perseus.tufts.edu/iiif/3/1999.04.0387,,,,,,,,,,,,,,,,,,,,,,,,,,,,,,,,,,,,,,,,,,,,,,,,,,,,,,,,,,,,,,,,,,,,,,,,,,,,,,,,,,,,,,,,,,,,,,,,,,
1999.04.0388,i1999040388,aa_3944,"Remains of the Temple of Apollo at Ortygia (Syracuse), 6th c. B.C.",image,image/jpeg,Image;StillImage,https://iiif.perseus.tufts.edu/iiif/3/1999.04.0388/full/max/0/default.jpg,"https://iiif.perseus.tufts.edu/iiif/3/1999.04.0388/full/^800,/0/default.jpg","https://iiif.perseus.tufts.edu/iiif/3/1999.04.0388/full/^450,/0/default.jpg",Photograph by Jodi Magness,"Remains of the Temple of Apollo at Ortygia (Syracuse), 6th c. B.C.",aa_3944,https://iiif.perseus.tufts.edu/iiif/3/1999.04.0388,,,,,,,,,,,,,,,,,,,,,,,,,,,,,,,,,,,,,,,,,,,,,,,,,,,,,,,,,,,,,,,,,,,,,,,,,,,,,,,,,,,,,,,,,,,,,,,,,,
1999.04.0389,i1999040389,aa_3944,"Remains of the Temple of Athena at Ortygia (Syracuse), 5th c. B.C., built into the Duomo (Cathedral)",image,image/jpeg,Image;StillImage,https://iiif.perseus.tufts.edu/iiif/3/1999.04.0389/full/max/0/default.jpg,"https://iiif.perseus.tufts.edu/iiif/3/1999.04.0389/full/^800,/0/default.jpg","https://iiif.perseus.tufts.edu/iiif/3/1999.04.0389/full/^450,/0/default.jpg",Photograph by Jodi Magness,"Remains of the Temple of Athena at Ortygia (Syracuse), 5th c. B.C., built into the Duomo (Cathedral)",aa_3944,https://iiif.perseus.tufts.edu/iiif/3/1999.04.0389,,,,,,,,,,,,,,,,,,,,,,,,,,,,,,,,,,,,,,,,,,,,,,,,,,,,,,,,,,,,,,,,,,,,,,,,,,,,,,,,,,,,,,,,,,,,,,,,,,
1999.04.0390,i1999040390,aa_3944,"Side wall of the Duomo (Cathedral) at Ortygia (Syracuse), showing columns from the Temple of Athena",image,image/jpeg,Image;StillImage,https://iiif.perseus.tufts.edu/iiif/3/1999.04.0390/full/max/0/default.jpg,"https://iiif.perseus.tufts.edu/iiif/3/1999.04.0390/full/^800,/0/default.jpg","https://iiif.perseus.tufts.edu/iiif/3/1999.04.0390/full/^450,/0/default.jpg",Photograph by Jodi Magness,"Side wall of the Duomo (Cathedral) at Ortygia (Syracuse), showing columns from the Temple of Athena",aa_3944,https://iiif.perseus.tufts.edu/iiif/3/1999.04.0390,,,,,,,,,,,,,,,,,,,,,,,,,,,,,,,,,,,,,,,,,,,,,,,,,,,,,,,,,,,,,,,,,,,,,,,,,,,,,,,,,,,,,,,,,,,,,,,,,,
1999.04.0392,i1999040392,aa_3944,"Side wall of the Duomo (Cathedral) at Ortygia (Syracuse), showing columns from the Temple of Athena",image,image/jpeg,Image;StillImage,https://iiif.perseus.tufts.edu/iiif/3/1999.04.0392/full/max/0/default.jpg,"https://iiif.perseus.tufts.edu/iiif/3/1999.04.0392/full/^800,/0/default.jpg","https://iiif.perseus.tufts.edu/iiif/3/1999.04.0392/full/^450,/0/default.jpg",Photograph by Jodi Magness,"Side wall of the Duomo (Cathedral) at Ortygia (Syracuse), showing columns from the Temple of Athena",aa_3944,https://iiif.perseus.tufts.edu/iiif/3/1999.04.0392,,,,,,,,,,,,,,,,,,,,,,,,,,,,,,,,,,,,,,,,,,,,,,,,,,,,,,,,,,,,,,,,,,,,,,,,,,,,,,,,,,,,,,,,,,,,,,,,,,
1999.04.0393,i1999040393,aa_3944,"Side wall of the Duomo (Cathedral) at Ortygia (Syracuse), showing columns from the Temple of Athena",image,image/jpeg,Image;StillImage,https://iiif.perseus.tufts.edu/iiif/3/1999.04.0393/full/max/0/default.jpg,"https://iiif.perseus.tufts.edu/iiif/3/1999.04.0393/full/^800,/0/default.jpg","https://iiif.perseus.tufts.edu/iiif/3/1999.04.0393/full/^450,/0/default.jpg",Photograph by Jodi Magness,"Side wall of the Duomo (Cathedral) at Ortygia (Syracuse), showing columns from the Temple of Athena",aa_3944,https://iiif.perseus.tufts.edu/iiif/3/1999.04.0393,,,,,,,,,,,,,,,,,,,,,,,,,,,,,,,,,,,,,,,,,,,,,,,,,,,,,,,,,,,,,,,,,,,,,,,,,,,,,,,,,,,,,,,,,,,,,,,,,,
aa_3950,aa_3950,,Selinus,compound_object,compound_object,record,https://iiif.perseus.tufts.edu/iiif/3/1990.23.0308/full/max/0/default.jpg,"https://iiif.perseus.tufts.edu/iiif/3/1990.23.0308/full/^800,/0/default.jpg","https://iiif.perseus.tufts.edu/iiif/3/1990.23.0308/full/^450,/0/default.jpg",,,,,,,,,,,,,,,,,,,,,,,,,,,,,"<P>Thucydides asserts that Selinus was founded in 628/7 BC, one hundred years after the foundation of her metropolis, Megara Hyblaea in western Sicily (<bibl n=""Thuc. 6.4.2"">Thuc. 6.4.2</bibl>). Pammilos of Megara (Nisaia) in Central Greece led the expedition as oikist (founder), for the Hyblaeans had requested an oikist be sent from their own metropolis. They were following a customary ritual which underlined the continuity of the colony with the original community, even at one remove (cf. the case of Epidamnos, <bibl n=""Thuc. 1.24.2"">Thuc. 1.24.2</bibl>). Against Thucydides' conveniently round figure of 100 years after the foundation of Megara Hyblaea, the later authors Diodorus and Eusebius give a discordant foundation date of 651/0 BC (<bibl n=""Diod. Sic. 13.59.4"">Diod. Sic. 13.59.4</bibl>). Their date may be borne out by archaeological finds, but here one is always in danger of relying upon circular evidence.</P><P>As a rule, a defensible island, promontory or escarpment was the most common site for a new colony, but Selinus had only a fairly low fortified hill (although in antiquity the acropolis was probably more like a peninsula since the harbors on either side extended much further inland than they do today). Pammilos could have chosen a more defensible site with better harbors and with equally fertile land to the east, so it is a puzzle why this site was chosen Similar questions are asked of the site of Himera on the north coast of Sicily, which was founded three years after Selinus according to Diodorus (<bibl n=""Diod. Sic. 13.62.56"">Diod. Sic. 13.62.56</bibl>; cf. <bibl n=""Diod. Sic. 13.54.1"">Diod. Sic. 13.54.1</bibl>). Both western Sicilian cities may have been convenient stops on the coasting route to and from Spain and north Africa, and Himera to Etruria as well. Both could have been settled to facilitate trade with Phoenician colonies (Selinus with Motya, Himera with Panormus [modern Palermo] and Soloeis), or to block eastward Punic expansion. In any case Greek colonial expedition were unwelcome further west. The Phoenicians and the native Elymi of northeast Sicily repulsed Dorian colonists from Lilybaion, a peninsula overlooking Motya (ca. 570 BC), and from Mt. Eryx, betwen Motya and Panormus (ca. 510 BC). The former had some bearing on Selinus, for the would-be colonists briefly joined the Elymi of Segesta against her (<bibl n=""Diod. Sic. 5.9"">Diod. Sic. 5.9</bibl>) and the latter had some bearing on Minoa, a Selinuntine colony at the mouth of the Halycus River (modern Platani), for the survivors of the attempted colony of Herakleia at Mt. Eryx captured and refounded it as Herakleia Minoa (<bibl n=""Hdt. 5.43-46"">Hdt. 5.43-46</bibl>).</P><P>However, there is evidence of mostly amicable relations between the colonists of Himera and Selinus and the Punic colonists to their west. A metrical epitaph for a fallen Greek (Selinuntine?) dated to the first half of the fifth century has been unearthed in Motya, which had a sizable Greek element (<bibl n=""Diod. Sic. 46.53.2"">Diod. Sic. 46.53.2</bibl>). Further, Hamilcar of Carthage, called in by the tyrants of Himera and Rhegion, counted upon the aid of Selinus against Theron of Akragas and Gelon of Syracuse in the Battle of Himera (480 BC).</P><P>Selinus could also have been founded to open commercial contacts with the native Elymi in the northeast corner of the island (at sites such as Segesta). In support of this, Early Corinthian pottery has been found at the Elymian town of Segesta and at a Selinuntine sanctuary to Herakles up the Hypsas river near Poggioreale (close to Elymian Entella), and the pottery can be dated as early as any found at Himera or Selinus. Fostering good relations with the neighboring peoples, Sicans, Elymi, and Phoenicians, would have allowed the Selinuntines to become prosperous through agriculture and commerce while occupying a not particularly strong site, similar to the position of their metropolis (Megara and Hyblon, <bibl n=""Hdt. 6.4.1"">Hdt. 6.4.1</bibl>).</P><P>Pammilos as oikist would have overseen the division of the land into kleroi (allotments) of relatively equal size or value for each colonist. He would also have set aside land for the gods in sacred precincts, where monumental stone temples would later be built. Cult practice in these precincts probably reflects the continuity of institutions from the original mother city to later colonies. Demeter and her daughter Persephone (possibly worshipped in Selinus as Pasikrateia, ""all-powerful"", <bibl>Meiggs & Lewis, no. 38</bibl>) held particular prominence in agriculturally rich Sicily, the site of Persephone's abduction. Demeter's cult title of Malophoros is attested only here and at Megara (Nisaia) (<bibl n=""Paus. 1.44.3"">Paus. 1.44.3</bibl>), and is confirmed by inscriptions and several thousand terracotta statuettes of the goddess carrying a pomegranate. Hers was one of the first sanctuaries established (quadrangular, 50 x 60 m.) and here some of the earliest finds of pottery at Selinus have been unearthed. The main structure within the precinct is her megaron with an altar in front.</P><P>Also within the precinct wall was a shrine to her consort, Zeus Meilichios, whom farmers would invoke with chthonic Demeter at the time of sowing. Subterranean Zeus was dreadful and beneficent he offered purification after blood-feud and ensured the growth fo crops. His epithet (""Gentle One"") may be a euphemism in the way that the treacherous Black Sea was called the Euxine (""Kind to Travelers""), or it may indicate his role in appeasing the dead. Inscribed stelai, sometimes with two heads sculpted at the top, were dedicated to Meilichios perhaps remnants of primal aniconic stone-worship (cf. <bibl>Jeffery 1990, 255, 270-1, 277:31-2</bibl>), or perhaps the result of Punic influence. His cult seems to have been under the care of an aristocratic Selinuntine genos, the kleulidai, in the same way that in Megara his cult was under the care of an (unrelated) genos. There was also a temple of Hekate (cf. <bibl>Jeffery 1990, 271, 277.41</bibl>) and an elaborate propylon to the whole complex. The precinct seems to have served both Greeks (from the mainland as well as colonists) and natives. The propylon was partially remodelled during the Punic/Hellenistic period, and the megaron of Demeter was modified in the Byzantine period.</P><P>The colossal Temple X, on the acropolis south of Temple C, and the smaller Temple Y (from which some decoration survives metopes and cornice decoration) were leveled to their foundations by the sixth century, when Selinus undertook an impressive series of temple-building projects, the first of which was Temple C (mid-sixth century; see <rs type=""building"">Selinus,Temple C</rs>). It was built upon the highest point of the acropolis, and now lies in ruins. This is one of the earliest examples of Archaic temple building in the Doric style: hexastyle (six columns on the fronts), constructed on a notably elongated plan, with a narrow cella and with large, tapered columns (some monolithic, some drums). Carved metopes from the Doric frieze survive, as well as two painted terracotta gorgoneia from each pediment (a Western Greek phenomenon, with other examples found at Syracuse, Gela and one in stone at Corcyra). The limestone of the friezes and columns was covered with plaster and painted as well. The first altar of the temple lies to the southeast and the later altar is to the east.</P><P>Not much later are Temple D on the acropolis and Temple F (S) on the eastern plateau (both second half of the 6th century BC). Both are about the same width as temple C; both are hexastyle, and both have narrow cellas, but they are not as elongated as Temple C. The sculptured metopes of Temple F have survived. This temple also has enigmatic intercolumnar screen walls.</P><P>The massive Temple G (T), dedicated to Apollo, was begun not much later on the eastern plateau, the first colossal temple in the West to vie with the great Ionic temples of Asia Minor. It measures some 50.1 x 110.36 m. Like the Ionic temples, it is octastyle (8 columns on the fronts). The work was begun on the east side in the late 6th century, and moved slowly west, until finally the west side was nearing completion in the fifth century BC; different parts of the temple thus show markedly different styles. The interior was so vast that it was probably never intended to be roofed. The ambitious project was abandoned some time before (or because of) the Carthaginian attack of 409 BC, and column drums of matching proportions have been left half-carved in the quarries 9 km to the northwest at Cusa/Campobello.</P><P>While work on Temple G was in progress, the Selinuntines began Temples A and O on the acropolis and Temple E (R) on the eastern plateau (ca. 480 BC, after the defeat of Hamilcar at Himera). The temples exhibit a more developed Doric style, with the spacing between columns contracting as they reached the corners. The sculptured metopes of Temple E were made of limestone covered with plaster, but with marble inserts for heads, hands and feet of female figures (""acrolithic"" sculpture). The ruins of Temple F have been restored, while Temples A and O were joined together in the medieval period and rebuilt as a fortified tower.</P><P>Pammilos would have erected at least a wooden palisade on the acropolis, and this was replaced by stone fortifications, much of which survives. Most of the remains of the extensive circuit wall can be dated to the late 6th/early 5th c. BC, with evidence of repairs made by Hermocrates ca. 408 BC. The fortifications and gate complex at the northern end of the acropolis, leading out to the Manuzza hill and residential quarter, are particularly impressive.</P>",,,,,,,,,,,,,,,,,,"1990.23.0308,1990.23.0310,1990.23.0312,1990.23.0314,1992.02.0728,1992.02.0729,1992.02.0744,1992.02.0746,1992.02.0747,1992.02.0797,1992.02.0798,1992.02.0799,1992.02.0802,1992.02.0804,1992.02.0805,1992.02.0807,1992.02.0808,1992.02.0813,1992.02.0814,1992.02.0815,1992.02.0816,1992.02.0817,1992.02.0818,1992.02.0819,1992.02.0820,1992.02.0821,1992.02.0822,1992.02.0823,1992.02.0824,1992.02.0825,1992.02.0826,1992.02.0827,1992.02.0828,1992.02.0829,1992.02.0831,1992.02.0832,1992.02.0833,1992.02.0834,1992.02.0840,1992.02.0842,1992.02.0843,1999.04.0293,1999.04.0294,1999.04.0295,1999.04.0296,1999.04.0297,1999.04.0298,1999.04.0299,1999.04.0300,1999.04.0301,1999.04.0302,1999.04.0303,1999.04.0304,1999.04.0305,1999.04.0306,1999.04.0307,1999.04.0308,1999.04.0309,1999.04.0310","1990.23.0308,1990.23.0310,1990.23.0312,1990.23.0314,1992.02.0728,1992.02.0729,1992.02.0744,1992.02.0746,1992.02.0747,1992.02.0797,1992.02.0798,1992.02.0799,1992.02.0802,1992.02.0804,1992.02.0805,1992.02.0807,1992.02.0808,1992.02.0813,1992.02.0814,1992.02.0815,1992.02.0816,1992.02.0817,1992.02.0818,1992.02.0819,1992.02.0820,1992.02.0821,1992.02.0822,1992.02.0823,1992.02.0824,1992.02.0825,1992.02.0826,1992.02.0827,1992.02.0828,1992.02.0829,1992.02.0831,1992.02.0832,1992.02.0833,1992.02.0834,1992.02.0840,1992.02.0842,1992.02.0843,1999.04.0293,1999.04.0294,1999.04.0295,1999.04.0296,1999.04.0297,1999.04.0298,1999.04.0299,1999.04.0300,1999.04.0301,1999.04.0302,1999.04.0303,1999.04.0304,1999.04.0305,1999.04.0306,1999.04.0307,1999.04.0308,1999.04.0309,1999.04.0310",,,,,,,Perseus,,,Selinus,,,,,,,,,,,,<P>Archaic</P><P>Classical</P><P>Hellenistic</P>,1.0,"<P>The city was the westernmost colony in Sicily. The acropolis occupies a low hill along the southern coast of the island, with harbors on either side the western one formed by the mouth of the river Selinus (modern Modione) and the eastern one by the river Calici (modern Cotone). Neither river is much more than a marsh today. The city extended northwards onto the hill now known as the Manuzza, and to the east onto ridge occupied by three great Doric temples, and was surrounded by fertile agricultural land.</P><P>A native Sican settlement had occupied the site of the later Archaic cemetery to the NE, and coexisted with the Greek settlement in its early years. Corinthian pottery of the mid-seventh century as been found on the necropolis (which lay on either side of the river Selinus, extending up to 5 km. from the town) and at the sanctuaries, and there are some traces of temple building in the seventh century as well (Temples X and Y on the acropolis).</P><P>A Greek grid-planned town on the Manuzza hill to the north of the acropolis is conspicuous in aerial photographs, and has recently been partly excavated.</P><P>A major sanctuary dedicated to the Chthonic deities Demeter, Zeus and Hekate was situated on the west bank of the river Selinus (the Sanctuary of Demeter Malophoros). On the acropolis were four large Doric temples, two of the sixth century, two of the fifth, and a small shrine. None of these has been securely attributed to specific deities, but are identified by letters (Temples A, C, D, and O; Shrine B). Defensive walls girded the acropolis, most of whose standing remains can be dated to the late sixth or early fifth centuries B.C. To the north of the city lay a small Archaic temple and altar.</P><P>On the plateau to the east of the city, across the Calici river, were three more sixth-century Doric temples, Temples E, F, and G (also known as R, S and T respectively). The material remains are impressive, particularly the stone metopes and terracotta gorgoneia from Temple C (now in the Palermo Museum) and the massive, unfinished Temple G, attributed to Apollo and one of the largest Greek temples ever attempted.</P><P>The city was destroyed by Carthaginians in 409 BC (<bibl n=""Diod. Sic. 13.54-62"">Diod. Sic. 13.54-62</bibl>). Though the area of the acropolis was resettled by survivors and by the Carthaginians, Selinus never regained prominence. The city remained under Punic control until 250 B.C. when, after Carthage had again razed the city, the site was essentially deserted. The acropolis was refortified in the Byzantine period, and the sanctuary of the Chthonic divinities was also reused then.</P>",,,,,,Sicily,,,,,,,,,,,,Fortified city,<P>See especially recent articles in <bibl>ASAtene 62 (1984)</bibl>,,,,,Wealthy colony on the SW coast of Sicily,,,Site,,,
1990.23.0308,i1990230308,aa_3950,"View from the east temple group, looking S, Selinus",image,image/jpeg,Image;StillImage,https://iiif.perseus.tufts.edu/iiif/3/1990.23.0308/full/max/0/default.jpg,"https://iiif.perseus.tufts.edu/iiif/3/1990.23.0308/full/^800,/0/default.jpg","https://iiif.perseus.tufts.edu/iiif/3/1990.23.0308/full/^450,/0/default.jpg",Photograph by Nigel Pollard,"View from the east temple group, looking S, Selinus",aa_3950,https://iiif.perseus.tufts.edu/iiif/3/1990.23.0308,,,,,,,,,,,,,,,,,,,,,,,,,,,,,,,,,,,,,,,,,,,,,,,,,,,,,,,,,,,,,,,,,,,,,,,,,,,,,,,,,,,,,,,,,,,,,,,,,,
1990.23.0310,i1990230310,aa_3950,"View from the east temple group with Temple C in far distance at right, looking SW, Selinus",image,image/jpeg,Image;StillImage,https://iiif.perseus.tufts.edu/iiif/3/1990.23.0310/full/max/0/default.jpg,"https://iiif.perseus.tufts.edu/iiif/3/1990.23.0310/full/^800,/0/default.jpg","https://iiif.perseus.tufts.edu/iiif/3/1990.23.0310/full/^450,/0/default.jpg",Photograph by Nigel Pollard,"View from the east temple group with Temple C in far distance at right, looking SW, Selinus",aa_3950,https://iiif.perseus.tufts.edu/iiif/3/1990.23.0310,,,,,,,,,,,,,,,,,,,,,,,,,,,,,,,,,,,,,,,,,,,,,,,,,,,,,,,,,,,,,,,,,,,,,,,,,,,,,,,,,,,,,,,,,,,,,,,,,,
1990.23.0312,i1990230312,aa_3950,"View from the east temple group with Temple C in far distance at left, looking W, Selinus",image,image/jpeg,Image;StillImage,https://iiif.perseus.tufts.edu/iiif/3/1990.23.0312/full/max/0/default.jpg,"https://iiif.perseus.tufts.edu/iiif/3/1990.23.0312/full/^800,/0/default.jpg","https://iiif.perseus.tufts.edu/iiif/3/1990.23.0312/full/^450,/0/default.jpg",Photograph by Nigel Pollard,"View from the east temple group with Temple C in far distance at left, looking W, Selinus",aa_3950,https://iiif.perseus.tufts.edu/iiif/3/1990.23.0312,,,,,,,,,,,,,,,,,,,,,,,,,,,,,,,,,,,,,,,,,,,,,,,,,,,,,,,,,,,,,,,,,,,,,,,,,,,,,,,,,,,,,,,,,,,,,,,,,,
1990.23.0314,i1990230314,aa_3950,"View from the east temple group, looking NW, Selinus",image,image/jpeg,Image;StillImage,https://iiif.perseus.tufts.edu/iiif/3/1990.23.0314/full/max/0/default.jpg,"https://iiif.perseus.tufts.edu/iiif/3/1990.23.0314/full/^800,/0/default.jpg","https://iiif.perseus.tufts.edu/iiif/3/1990.23.0314/full/^450,/0/default.jpg",Photograph by Nigel Pollard,"View from the east temple group, looking NW, Selinus",aa_3950,https://iiif.perseus.tufts.edu/iiif/3/1990.23.0314,,,,,,,,,,,,,,,,,,,,,,,,,,,,,,,,,,,,,,,,,,,,,,,,,,,,,,,,,,,,,,,,,,,,,,,,,,,,,,,,,,,,,,,,,,,,,,,,,,
1992.02.0728,i1992020728,aa_3950,"Acropolis and city site from temple E, looking W, Selinus",image,image/jpeg,Image;StillImage,https://iiif.perseus.tufts.edu/iiif/3/1992.02.0728/full/max/0/default.jpg,"https://iiif.perseus.tufts.edu/iiif/3/1992.02.0728/full/^800,/0/default.jpg","https://iiif.perseus.tufts.edu/iiif/3/1992.02.0728/full/^450,/0/default.jpg",Photograph by Nick Cahill,"Acropolis and city site from temple E, looking W, Selinus",aa_3950,https://iiif.perseus.tufts.edu/iiif/3/1992.02.0728,,,,,,,,,,,,,,,,,,,,,,,,,,,,,,,,,,,,,,,,,,,,,,,,,,,,,,,,,,,,,,,,,,,,,,,,,,,,,,,,,,,,,,,,,,,,,,,,,,
1992.02.0729,i1992020729,aa_3950,"Acropolis and city site from temple E, looking W (closer), Selinus",image,image/jpeg,Image;StillImage,https://iiif.perseus.tufts.edu/iiif/3/1992.02.0729/full/max/0/default.jpg,"https://iiif.perseus.tufts.edu/iiif/3/1992.02.0729/full/^800,/0/default.jpg","https://iiif.perseus.tufts.edu/iiif/3/1992.02.0729/full/^450,/0/default.jpg",Photograph by Nick Cahill,"Acropolis and city site from temple E, looking W (closer), Selinus",aa_3950,https://iiif.perseus.tufts.edu/iiif/3/1992.02.0729,,,,,,,,,,,,,,,,,,,,,,,,,,,,,,,,,,,,,,,,,,,,,,,,,,,,,,,,,,,,,,,,,,,,,,,,,,,,,,,,,,,,,,,,,,,,,,,,,,
1992.02.0744,i1992020744,aa_3950,"Overview of temples E, F, etc. looking W, Selinus",image,image/jpeg,Image;StillImage,https://iiif.perseus.tufts.edu/iiif/3/1992.02.0744/full/max/0/default.jpg,"https://iiif.perseus.tufts.edu/iiif/3/1992.02.0744/full/^800,/0/default.jpg","https://iiif.perseus.tufts.edu/iiif/3/1992.02.0744/full/^450,/0/default.jpg",Photograph by Nick Cahill,"Overview of temples E, F, etc. looking W, Selinus",aa_3950,https://iiif.perseus.tufts.edu/iiif/3/1992.02.0744,,,,,,,,,,,,,,,,,,,,,,,,,,,,,,,,,,,,,,,,,,,,,,,,,,,,,,,,,,,,,,,,,,,,,,,,,,,,,,,,,,,,,,,,,,,,,,,,,,
1992.02.0746,i1992020746,aa_3950,"Distant view of Temples F and G, looking W, Selinus",image,image/jpeg,Image;StillImage,https://iiif.perseus.tufts.edu/iiif/3/1992.02.0746/full/max/0/default.jpg,"https://iiif.perseus.tufts.edu/iiif/3/1992.02.0746/full/^800,/0/default.jpg","https://iiif.perseus.tufts.edu/iiif/3/1992.02.0746/full/^450,/0/default.jpg",Photograph by Nick Cahill,"Distant view of Temples F and G, looking W, Selinus",aa_3950,https://iiif.perseus.tufts.edu/iiif/3/1992.02.0746,,,,,,,,,,,,,,,,,,,,,,,,,,,,,,,,,,,,,,,,,,,,,,,,,,,,,,,,,,,,,,,,,,,,,,,,,,,,,,,,,,,,,,,,,,,,,,,,,,
1992.02.0747,i1992020747,aa_3950,"Distant overview of Temples E and F, looking W, Selinus",image,image/jpeg,Image;StillImage,https://iiif.perseus.tufts.edu/iiif/3/1992.02.0747/full/max/0/default.jpg,"https://iiif.perseus.tufts.edu/iiif/3/1992.02.0747/full/^800,/0/default.jpg","https://iiif.perseus.tufts.edu/iiif/3/1992.02.0747/full/^450,/0/default.jpg",Photograph by Nick Cahill,"Distant overview of Temples E and F, looking W, Selinus",aa_3950,https://iiif.perseus.tufts.edu/iiif/3/1992.02.0747,,,,,,,,,,,,,,,,,,,,,,,,,,,,,,,,,,,,,,,,,,,,,,,,,,,,,,,,,,,,,,,,,,,,,,,,,,,,,,,,,,,,,,,,,,,,,,,,,,
1992.02.0797,i1992020797,aa_3950,"View of Belice valley (ancient Hypsas), looking SE from W side of valley, Selinus",image,image/jpeg,Image;StillImage,https://iiif.perseus.tufts.edu/iiif/3/1992.02.0797/full/max/0/default.jpg,"https://iiif.perseus.tufts.edu/iiif/3/1992.02.0797/full/^800,/0/default.jpg","https://iiif.perseus.tufts.edu/iiif/3/1992.02.0797/full/^450,/0/default.jpg",Photograph by Nick Cahill,"View of Belice valley (ancient Hypsas), looking SE from W side of valley, Selinus",aa_3950,https://iiif.perseus.tufts.edu/iiif/3/1992.02.0797,,,,,,,,,,,,,,,,,,,,,,,,,,,,,,,,,,,,,,,,,,,,,,,,,,,,,,,,,,,,,,,,,,,,,,,,,,,,,,,,,,,,,,,,,,,,,,,,,,
1992.02.0798,i1992020798,aa_3950,"View of Belice valley (ancient Hypsas), looking S from W side of valley, Selinus",image,image/jpeg,Image;StillImage,https://iiif.perseus.tufts.edu/iiif/3/1992.02.0798/full/max/0/default.jpg,"https://iiif.perseus.tufts.edu/iiif/3/1992.02.0798/full/^800,/0/default.jpg","https://iiif.perseus.tufts.edu/iiif/3/1992.02.0798/full/^450,/0/default.jpg",Photograph by Nick Cahill,"View of Belice valley (ancient Hypsas), looking S from W side of valley, Selinus",aa_3950,https://iiif.perseus.tufts.edu/iiif/3/1992.02.0798,,,,,,,,,,,,,,,,,,,,,,,,,,,,,,,,,,,,,,,,,,,,,,,,,,,,,,,,,,,,,,,,,,,,,,,,,,,,,,,,,,,,,,,,,,,,,,,,,,
1992.02.0799,i1992020799,aa_3950,"View of Belice valley (ancient Hypsas), looking SW from E side of valley, Selinus",image,image/jpeg,Image;StillImage,https://iiif.perseus.tufts.edu/iiif/3/1992.02.0799/full/max/0/default.jpg,"https://iiif.perseus.tufts.edu/iiif/3/1992.02.0799/full/^800,/0/default.jpg","https://iiif.perseus.tufts.edu/iiif/3/1992.02.0799/full/^450,/0/default.jpg",Photograph by Nick Cahill,"View of Belice valley (ancient Hypsas), looking SW from E side of valley, Selinus",aa_3950,https://iiif.perseus.tufts.edu/iiif/3/1992.02.0799,,,,,,,,,,,,,,,,,,,,,,,,,,,,,,,,,,,,,,,,,,,,,,,,,,,,,,,,,,,,,,,,,,,,,,,,,,,,,,,,,,,,,,,,,,,,,,,,,,
1992.02.0802,i1992020802,aa_3950,"Distant view of site from N, looking S (about 5 km distant),Selinus",image,image/jpeg,Image;StillImage,https://iiif.perseus.tufts.edu/iiif/3/1992.02.0802/full/max/0/default.jpg,"https://iiif.perseus.tufts.edu/iiif/3/1992.02.0802/full/^800,/0/default.jpg","https://iiif.perseus.tufts.edu/iiif/3/1992.02.0802/full/^450,/0/default.jpg",Photograph by Nick Cahill,"Distant view of site from N, looking S (about 5 km distant),Selinus",aa_3950,https://iiif.perseus.tufts.edu/iiif/3/1992.02.0802,,,,,,,,,,,,,,,,,,,,,,,,,,,,,,,,,,,,,,,,,,,,,,,,,,,,,,,,,,,,,,,,,,,,,,,,,,,,,,,,,,,,,,,,,,,,,,,,,,
1992.02.0804,i1992020804,aa_3950,"Overview of Temples E and F, looking W, Selinus",image,image/jpeg,Image;StillImage,https://iiif.perseus.tufts.edu/iiif/3/1992.02.0804/full/max/0/default.jpg,"https://iiif.perseus.tufts.edu/iiif/3/1992.02.0804/full/^800,/0/default.jpg","https://iiif.perseus.tufts.edu/iiif/3/1992.02.0804/full/^450,/0/default.jpg",Photograph by Nick Cahill,"Overview of Temples E and F, looking W, Selinus",aa_3950,https://iiif.perseus.tufts.edu/iiif/3/1992.02.0804,,,,,,,,,,,,,,,,,,,,,,,,,,,,,,,,,,,,,,,,,,,,,,,,,,,,,,,,,,,,,,,,,,,,,,,,,,,,,,,,,,,,,,,,,,,,,,,,,,
1992.02.0805,i1992020805,aa_3950,"Overview of Temples F and G, looking NW, Selinus",image,image/jpeg,Image;StillImage,https://iiif.perseus.tufts.edu/iiif/3/1992.02.0805/full/max/0/default.jpg,"https://iiif.perseus.tufts.edu/iiif/3/1992.02.0805/full/^800,/0/default.jpg","https://iiif.perseus.tufts.edu/iiif/3/1992.02.0805/full/^450,/0/default.jpg",Photograph by Nick Cahill,"Overview of Temples F and G, looking NW, Selinus",aa_3950,https://iiif.perseus.tufts.edu/iiif/3/1992.02.0805,,,,,,,,,,,,,,,,,,,,,,,,,,,,,,,,,,,,,,,,,,,,,,,,,,,,,,,,,,,,,,,,,,,,,,,,,,,,,,,,,,,,,,,,,,,,,,,,,,
1992.02.0807,i1992020807,aa_3950,"Overview of acropolis from Temple E, looking WSW, Selinus",image,image/jpeg,Image;StillImage,https://iiif.perseus.tufts.edu/iiif/3/1992.02.0807/full/max/0/default.jpg,"https://iiif.perseus.tufts.edu/iiif/3/1992.02.0807/full/^800,/0/default.jpg","https://iiif.perseus.tufts.edu/iiif/3/1992.02.0807/full/^450,/0/default.jpg",Photograph by Nick Cahill,"Overview of acropolis from Temple E, looking WSW, Selinus",aa_3950,https://iiif.perseus.tufts.edu/iiif/3/1992.02.0807,,,,,,,,,,,,,,,,,,,,,,,,,,,,,,,,,,,,,,,,,,,,,,,,,,,,,,,,,,,,,,,,,,,,,,,,,,,,,,,,,,,,,,,,,,,,,,,,,,
1992.02.0808,i1992020808,aa_3950,"Detail (telephoto) of acropolis from Temple E, Selinus",image,image/jpeg,Image;StillImage,https://iiif.perseus.tufts.edu/iiif/3/1992.02.0808/full/max/0/default.jpg,"https://iiif.perseus.tufts.edu/iiif/3/1992.02.0808/full/^800,/0/default.jpg","https://iiif.perseus.tufts.edu/iiif/3/1992.02.0808/full/^450,/0/default.jpg",Photograph by Nick Cahill,"Detail (telephoto) of acropolis from Temple E, Selinus",aa_3950,https://iiif.perseus.tufts.edu/iiif/3/1992.02.0808,,,,,,,,,,,,,,,,,,,,,,,,,,,,,,,,,,,,,,,,,,,,,,,,,,,,,,,,,,,,,,,,,,,,,,,,,,,,,,,,,,,,,,,,,,,,,,,,,,
1992.02.0813,i1992020813,aa_3950,"Overview of acropolis, fortifications, Manuzza hill, looking W from near Temple E, Selinus",image,image/jpeg,Image;StillImage,https://iiif.perseus.tufts.edu/iiif/3/1992.02.0813/full/max/0/default.jpg,"https://iiif.perseus.tufts.edu/iiif/3/1992.02.0813/full/^800,/0/default.jpg","https://iiif.perseus.tufts.edu/iiif/3/1992.02.0813/full/^450,/0/default.jpg",Photograph by Nick Cahill,"Overview of acropolis, fortifications, Manuzza hill, looking W from near Temple E, Selinus",aa_3950,https://iiif.perseus.tufts.edu/iiif/3/1992.02.0813,,,,,,,,,,,,,,,,,,,,,,,,,,,,,,,,,,,,,,,,,,,,,,,,,,,,,,,,,,,,,,,,,,,,,,,,,,,,,,,,,,,,,,,,,,,,,,,,,,
1992.02.0814,i1992020814,aa_3950,"Distant view of N end of acropolis hill, fortifications, looking W, Selinus",image,image/jpeg,Image;StillImage,https://iiif.perseus.tufts.edu/iiif/3/1992.02.0814/full/max/0/default.jpg,"https://iiif.perseus.tufts.edu/iiif/3/1992.02.0814/full/^800,/0/default.jpg","https://iiif.perseus.tufts.edu/iiif/3/1992.02.0814/full/^450,/0/default.jpg",Photograph by Nick Cahill,"Distant view of N end of acropolis hill, fortifications, looking W, Selinus",aa_3950,https://iiif.perseus.tufts.edu/iiif/3/1992.02.0814,,,,,,,,,,,,,,,,,,,,,,,,,,,,,,,,,,,,,,,,,,,,,,,,,,,,,,,,,,,,,,,,,,,,,,,,,,,,,,,,,,,,,,,,,,,,,,,,,,
1992.02.0815,i1992020815,aa_3950,"Small temple/treasury S of Temple E, Selinus",image,image/jpeg,Image;StillImage,https://iiif.perseus.tufts.edu/iiif/3/1992.02.0815/full/max/0/default.jpg,"https://iiif.perseus.tufts.edu/iiif/3/1992.02.0815/full/^800,/0/default.jpg","https://iiif.perseus.tufts.edu/iiif/3/1992.02.0815/full/^450,/0/default.jpg",Photograph by Nick Cahill,"Small temple/treasury S of Temple E, Selinus",aa_3950,https://iiif.perseus.tufts.edu/iiif/3/1992.02.0815,,,,,,,,,,,,,,,,,,,,,,,,,,,,,,,,,,,,,,,,,,,,,,,,,,,,,,,,,,,,,,,,,,,,,,,,,,,,,,,,,,,,,,,,,,,,,,,,,,
1992.02.0816,i1992020816,aa_3950,"Overview of Temples E, F, G, looking N, Selinus",image,image/jpeg,Image;StillImage,https://iiif.perseus.tufts.edu/iiif/3/1992.02.0816/full/max/0/default.jpg,"https://iiif.perseus.tufts.edu/iiif/3/1992.02.0816/full/^800,/0/default.jpg","https://iiif.perseus.tufts.edu/iiif/3/1992.02.0816/full/^450,/0/default.jpg",Photograph by Nick Cahill,"Overview of Temples E, F, G, looking N, Selinus",aa_3950,https://iiif.perseus.tufts.edu/iiif/3/1992.02.0816,,,,,,,,,,,,,,,,,,,,,,,,,,,,,,,,,,,,,,,,,,,,,,,,,,,,,,,,,,,,,,,,,,,,,,,,,,,,,,,,,,,,,,,,,,,,,,,,,,
1992.02.0817,i1992020817,aa_3950,"Overview of acropolis hill, looking W, from S of Temple E, Selinus",image,image/jpeg,Image;StillImage,https://iiif.perseus.tufts.edu/iiif/3/1992.02.0817/full/max/0/default.jpg,"https://iiif.perseus.tufts.edu/iiif/3/1992.02.0817/full/^800,/0/default.jpg","https://iiif.perseus.tufts.edu/iiif/3/1992.02.0817/full/^450,/0/default.jpg",Photograph by Nick Cahill,"Overview of acropolis hill, looking W, from S of Temple E, Selinus",aa_3950,https://iiif.perseus.tufts.edu/iiif/3/1992.02.0817,,,,,,,,,,,,,,,,,,,,,,,,,,,,,,,,,,,,,,,,,,,,,,,,,,,,,,,,,,,,,,,,,,,,,,,,,,,,,,,,,,,,,,,,,,,,,,,,,,
1992.02.0818,i1992020818,aa_3950,"Overview of acropolis and Manuzza hills, looking NW, Selinus",image,image/jpeg,Image;StillImage,https://iiif.perseus.tufts.edu/iiif/3/1992.02.0818/full/max/0/default.jpg,"https://iiif.perseus.tufts.edu/iiif/3/1992.02.0818/full/^800,/0/default.jpg","https://iiif.perseus.tufts.edu/iiif/3/1992.02.0818/full/^450,/0/default.jpg",Photograph by Nick Cahill,"Overview of acropolis and Manuzza hills, looking NW, Selinus",aa_3950,https://iiif.perseus.tufts.edu/iiif/3/1992.02.0818,,,,,,,,,,,,,,,,,,,,,,,,,,,,,,,,,,,,,,,,,,,,,,,,,,,,,,,,,,,,,,,,,,,,,,,,,,,,,,,,,,,,,,,,,,,,,,,,,,
1992.02.0819,i1992020819,aa_3950,"Fortifications on E side of acropolis, looking W, Selinus",image,image/jpeg,Image;StillImage,https://iiif.perseus.tufts.edu/iiif/3/1992.02.0819/full/max/0/default.jpg,"https://iiif.perseus.tufts.edu/iiif/3/1992.02.0819/full/^800,/0/default.jpg","https://iiif.perseus.tufts.edu/iiif/3/1992.02.0819/full/^450,/0/default.jpg",Photograph by Nick Cahill,"Fortifications on E side of acropolis, looking W, Selinus",aa_3950,https://iiif.perseus.tufts.edu/iiif/3/1992.02.0819,,,,,,,,,,,,,,,,,,,,,,,,,,,,,,,,,,,,,,,,,,,,,,,,,,,,,,,,,,,,,,,,,,,,,,,,,,,,,,,,,,,,,,,,,,,,,,,,,,
1992.02.0820,i1992020820,aa_3950,"Fortifications along E side of acropolis, looking NW, Selinus",image,image/jpeg,Image;StillImage,https://iiif.perseus.tufts.edu/iiif/3/1992.02.0820/full/max/0/default.jpg,"https://iiif.perseus.tufts.edu/iiif/3/1992.02.0820/full/^800,/0/default.jpg","https://iiif.perseus.tufts.edu/iiif/3/1992.02.0820/full/^450,/0/default.jpg",Photograph by Nick Cahill,"Fortifications along E side of acropolis, looking NW, Selinus",aa_3950,https://iiif.perseus.tufts.edu/iiif/3/1992.02.0820,,,,,,,,,,,,,,,,,,,,,,,,,,,,,,,,,,,,,,,,,,,,,,,,,,,,,,,,,,,,,,,,,,,,,,,,,,,,,,,,,,,,,,,,,,,,,,,,,,
1992.02.0821,i1992020821,aa_3950,"Fortifications along SE side of acropolis, looking NW, Selinus",image,image/jpeg,Image;StillImage,https://iiif.perseus.tufts.edu/iiif/3/1992.02.0821/full/max/0/default.jpg,"https://iiif.perseus.tufts.edu/iiif/3/1992.02.0821/full/^800,/0/default.jpg","https://iiif.perseus.tufts.edu/iiif/3/1992.02.0821/full/^450,/0/default.jpg",Photograph by Nick Cahill,"Fortifications along SE side of acropolis, looking NW, Selinus",aa_3950,https://iiif.perseus.tufts.edu/iiif/3/1992.02.0821,,,,,,,,,,,,,,,,,,,,,,,,,,,,,,,,,,,,,,,,,,,,,,,,,,,,,,,,,,,,,,,,,,,,,,,,,,,,,,,,,,,,,,,,,,,,,,,,,,
1992.02.0822,i1992020822,aa_3950,"Fortifications along E side of acropolis, looking NW, Selinus",image,image/jpeg,Image;StillImage,https://iiif.perseus.tufts.edu/iiif/3/1992.02.0822/full/max/0/default.jpg,"https://iiif.perseus.tufts.edu/iiif/3/1992.02.0822/full/^800,/0/default.jpg","https://iiif.perseus.tufts.edu/iiif/3/1992.02.0822/full/^450,/0/default.jpg",Photograph by Nick Cahill,"Fortifications along E side of acropolis, looking NW, Selinus",aa_3950,https://iiif.perseus.tufts.edu/iiif/3/1992.02.0822,,,,,,,,,,,,,,,,,,,,,,,,,,,,,,,,,,,,,,,,,,,,,,,,,,,,,,,,,,,,,,,,,,,,,,,,,,,,,,,,,,,,,,,,,,,,,,,,,,
1992.02.0823,i1992020823,aa_3950,"Fortifications along E side of acropolis, closer, looking NW, Selinus",image,image/jpeg,Image;StillImage,https://iiif.perseus.tufts.edu/iiif/3/1992.02.0823/full/max/0/default.jpg,"https://iiif.perseus.tufts.edu/iiif/3/1992.02.0823/full/^800,/0/default.jpg","https://iiif.perseus.tufts.edu/iiif/3/1992.02.0823/full/^450,/0/default.jpg",Photograph by Nick Cahill,"Fortifications along E side of acropolis, closer, looking NW, Selinus",aa_3950,https://iiif.perseus.tufts.edu/iiif/3/1992.02.0823,,,,,,,,,,,,,,,,,,,,,,,,,,,,,,,,,,,,,,,,,,,,,,,,,,,,,,,,,,,,,,,,,,,,,,,,,,,,,,,,,,,,,,,,,,,,,,,,,,
1992.02.0824,i1992020824,aa_3950,"Projecting fortifications along E side of acropolis, looking NW, Selinus",image,image/jpeg,Image;StillImage,https://iiif.perseus.tufts.edu/iiif/3/1992.02.0824/full/max/0/default.jpg,"https://iiif.perseus.tufts.edu/iiif/3/1992.02.0824/full/^800,/0/default.jpg","https://iiif.perseus.tufts.edu/iiif/3/1992.02.0824/full/^450,/0/default.jpg",Photograph by Nick Cahill,"Projecting fortifications along E side of acropolis, looking NW, Selinus",aa_3950,https://iiif.perseus.tufts.edu/iiif/3/1992.02.0824,,,,,,,,,,,,,,,,,,,,,,,,,,,,,,,,,,,,,,,,,,,,,,,,,,,,,,,,,,,,,,,,,,,,,,,,,,,,,,,,,,,,,,,,,,,,,,,,,,
1992.02.0825,i1992020825,aa_3950,"Fortifications along E side of acropolis, northern section, looking NW, Selinus",image,image/jpeg,Image;StillImage,https://iiif.perseus.tufts.edu/iiif/3/1992.02.0825/full/max/0/default.jpg,"https://iiif.perseus.tufts.edu/iiif/3/1992.02.0825/full/^800,/0/default.jpg","https://iiif.perseus.tufts.edu/iiif/3/1992.02.0825/full/^450,/0/default.jpg",Photograph by Nick Cahill,"Fortifications along E side of acropolis, northern section, looking NW, Selinus",aa_3950,https://iiif.perseus.tufts.edu/iiif/3/1992.02.0825,,,,,,,,,,,,,,,,,,,,,,,,,,,,,,,,,,,,,,,,,,,,,,,,,,,,,,,,,,,,,,,,,,,,,,,,,,,,,,,,,,,,,,,,,,,,,,,,,,
1992.02.0826,i1992020826,aa_3950,"Manuzza hill, looking N along E side of hill, Selinus",image,image/jpeg,Image;StillImage,https://iiif.perseus.tufts.edu/iiif/3/1992.02.0826/full/max/0/default.jpg,"https://iiif.perseus.tufts.edu/iiif/3/1992.02.0826/full/^800,/0/default.jpg","https://iiif.perseus.tufts.edu/iiif/3/1992.02.0826/full/^450,/0/default.jpg",Photograph by Nick Cahill,"Manuzza hill, looking N along E side of hill, Selinus",aa_3950,https://iiif.perseus.tufts.edu/iiif/3/1992.02.0826,,,,,,,,,,,,,,,,,,,,,,,,,,,,,,,,,,,,,,,,,,,,,,,,,,,,,,,,,,,,,,,,,,,,,,,,,,,,,,,,,,,,,,,,,,,,,,,,,,
1992.02.0827,i1992020827,aa_3950,"Fortification terrace wall and proteichismos along E side of acropolis, looking WNW, Selinus",image,image/jpeg,Image;StillImage,https://iiif.perseus.tufts.edu/iiif/3/1992.02.0827/full/max/0/default.jpg,"https://iiif.perseus.tufts.edu/iiif/3/1992.02.0827/full/^800,/0/default.jpg","https://iiif.perseus.tufts.edu/iiif/3/1992.02.0827/full/^450,/0/default.jpg",Photograph by Nick Cahill,"Fortification terrace wall and proteichismos along E side of acropolis, looking WNW, Selinus",aa_3950,https://iiif.perseus.tufts.edu/iiif/3/1992.02.0827,,,,,,,,,,,,,,,,,,,,,,,,,,,,,,,,,,,,,,,,,,,,,,,,,,,,,,,,,,,,,,,,,,,,,,,,,,,,,,,,,,,,,,,,,,,,,,,,,,
1992.02.0828,i1992020828,aa_3950,"Fortification terrace wall, drain along E side of acropolis, looking NW, Selinus",image,image/jpeg,Image;StillImage,https://iiif.perseus.tufts.edu/iiif/3/1992.02.0828/full/max/0/default.jpg,"https://iiif.perseus.tufts.edu/iiif/3/1992.02.0828/full/^800,/0/default.jpg","https://iiif.perseus.tufts.edu/iiif/3/1992.02.0828/full/^450,/0/default.jpg",Photograph by Nick Cahill,"Fortification terrace wall, drain along E side of acropolis, looking NW, Selinus",aa_3950,https://iiif.perseus.tufts.edu/iiif/3/1992.02.0828,,,,,,,,,,,,,,,,,,,,,,,,,,,,,,,,,,,,,,,,,,,,,,,,,,,,,,,,,,,,,,,,,,,,,,,,,,,,,,,,,,,,,,,,,,,,,,,,,,
1992.02.0829,i1992020829,aa_3950,"Blocked gate in fortification along E side of acropolis, looking NW, Selinus",image,image/jpeg,Image;StillImage,https://iiif.perseus.tufts.edu/iiif/3/1992.02.0829/full/max/0/default.jpg,"https://iiif.perseus.tufts.edu/iiif/3/1992.02.0829/full/^800,/0/default.jpg","https://iiif.perseus.tufts.edu/iiif/3/1992.02.0829/full/^450,/0/default.jpg",Photograph by Nick Cahill,"Blocked gate in fortification along E side of acropolis, looking NW, Selinus",aa_3950,https://iiif.perseus.tufts.edu/iiif/3/1992.02.0829,,,,,,,,,,,,,,,,,,,,,,,,,,,,,,,,,,,,,,,,,,,,,,,,,,,,,,,,,,,,,,,,,,,,,,,,,,,,,,,,,,,,,,,,,,,,,,,,,,
1992.02.0831,i1992020831,aa_3950,"Fortification, blocked gate, looking S, Selinus",image,image/jpeg,Image;StillImage,https://iiif.perseus.tufts.edu/iiif/3/1992.02.0831/full/max/0/default.jpg,"https://iiif.perseus.tufts.edu/iiif/3/1992.02.0831/full/^800,/0/default.jpg","https://iiif.perseus.tufts.edu/iiif/3/1992.02.0831/full/^450,/0/default.jpg",Photograph by Nick Cahill,"Fortification, blocked gate, looking S, Selinus",aa_3950,https://iiif.perseus.tufts.edu/iiif/3/1992.02.0831,,,,,,,,,,,,,,,,,,,,,,,,,,,,,,,,,,,,,,,,,,,,,,,,,,,,,,,,,,,,,,,,,,,,,,,,,,,,,,,,,,,,,,,,,,,,,,,,,,
1992.02.0832,i1992020832,aa_3950,"Proteichismos along E side of acropolis, looking E; Temple E in background, Selinus, Fortifications",image,image/jpeg,Image;StillImage,https://iiif.perseus.tufts.edu/iiif/3/1992.02.0832/full/max/0/default.jpg,"https://iiif.perseus.tufts.edu/iiif/3/1992.02.0832/full/^800,/0/default.jpg","https://iiif.perseus.tufts.edu/iiif/3/1992.02.0832/full/^450,/0/default.jpg",Photograph by Nick Cahill,"Proteichismos along E side of acropolis, looking E; Temple E in background, Selinus, Fortifications",aa_3950,https://iiif.perseus.tufts.edu/iiif/3/1992.02.0832,,,,,,,,,,,,,,,,,,,,,,,,,,,,,,,,,,,,,,,,,,,,,,,,,,,,,,,,,,,,,,,,,,,,,,,,,,,,,,,,,,,,,,,,,,,,,,,,,,
1992.02.0833,i1992020833,aa_3950,"Proteichismos and terrace fortification, looking SE from tower, Selinus",image,image/jpeg,Image;StillImage,https://iiif.perseus.tufts.edu/iiif/3/1992.02.0833/full/max/0/default.jpg,"https://iiif.perseus.tufts.edu/iiif/3/1992.02.0833/full/^800,/0/default.jpg","https://iiif.perseus.tufts.edu/iiif/3/1992.02.0833/full/^450,/0/default.jpg",Photograph by Nick Cahill,"Proteichismos and terrace fortification, looking SE from tower, Selinus",aa_3950,https://iiif.perseus.tufts.edu/iiif/3/1992.02.0833,,,,,,,,,,,,,,,,,,,,,,,,,,,,,,,,,,,,,,,,,,,,,,,,,,,,,,,,,,,,,,,,,,,,,,,,,,,,,,,,,,,,,,,,,,,,,,,,,,
1992.02.0834,i1992020834,aa_3950,"Manuzza hill, looking NNE, Selinus",image,image/jpeg,Image;StillImage,https://iiif.perseus.tufts.edu/iiif/3/1992.02.0834/full/max/0/default.jpg,"https://iiif.perseus.tufts.edu/iiif/3/1992.02.0834/full/^800,/0/default.jpg","https://iiif.perseus.tufts.edu/iiif/3/1992.02.0834/full/^450,/0/default.jpg",Photograph by Nick Cahill,"Manuzza hill, looking NNE, Selinus",aa_3950,https://iiif.perseus.tufts.edu/iiif/3/1992.02.0834,,,,,,,,,,,,,,,,,,,,,,,,,,,,,,,,,,,,,,,,,,,,,,,,,,,,,,,,,,,,,,,,,,,,,,,,,,,,,,,,,,,,,,,,,,,,,,,,,,
1992.02.0840,i1992020840,aa_3950,"Temple hill (E, F, G), beach, from acropolis, looking E, Selinus",image,image/jpeg,Image;StillImage,https://iiif.perseus.tufts.edu/iiif/3/1992.02.0840/full/max/0/default.jpg,"https://iiif.perseus.tufts.edu/iiif/3/1992.02.0840/full/^800,/0/default.jpg","https://iiif.perseus.tufts.edu/iiif/3/1992.02.0840/full/^450,/0/default.jpg",Photograph by Nick Cahill,"Temple hill (E, F, G), beach, from acropolis, looking E, Selinus",aa_3950,https://iiif.perseus.tufts.edu/iiif/3/1992.02.0840,,,,,,,,,,,,,,,,,,,,,,,,,,,,,,,,,,,,,,,,,,,,,,,,,,,,,,,,,,,,,,,,,,,,,,,,,,,,,,,,,,,,,,,,,,,,,,,,,,
1992.02.0842,i1992020842,aa_3950,"""Punic Sacred Area"", at S end of acropolis, looking NW, Selinus",image,image/jpeg,Image;StillImage,https://iiif.perseus.tufts.edu/iiif/3/1992.02.0842/full/max/0/default.jpg,"https://iiif.perseus.tufts.edu/iiif/3/1992.02.0842/full/^800,/0/default.jpg","https://iiif.perseus.tufts.edu/iiif/3/1992.02.0842/full/^450,/0/default.jpg",Photograph by Nick Cahill,"""Punic Sacred Area"", at S end of acropolis, looking NW, Selinus",aa_3950,https://iiif.perseus.tufts.edu/iiif/3/1992.02.0842,,,,,,,,,,,,,,,,,,,,,,,,,,,,,,,,,,,,,,,,,,,,,,,,,,,,,,,,,,,,,,,,,,,,,,,,,,,,,,,,,,,,,,,,,,,,,,,,,,
1992.02.0843,i1992020843,aa_3950,"Distant view of Temples E, F, G from acropolis, looking E, Selinus",image,image/jpeg,Image;StillImage,https://iiif.perseus.tufts.edu/iiif/3/1992.02.0843/full/max/0/default.jpg,"https://iiif.perseus.tufts.edu/iiif/3/1992.02.0843/full/^800,/0/default.jpg","https://iiif.perseus.tufts.edu/iiif/3/1992.02.0843/full/^450,/0/default.jpg",Photograph by Nick Cahill,"Distant view of Temples E, F, G from acropolis, looking E, Selinus",aa_3950,https://iiif.perseus.tufts.edu/iiif/3/1992.02.0843,,,,,,,,,,,,,,,,,,,,,,,,,,,,,,,,,,,,,,,,,,,,,,,,,,,,,,,,,,,,,,,,,,,,,,,,,,,,,,,,,,,,,,,,,,,,,,,,,,
1999.04.0293,i1999040293,aa_3950,View of the West group of Temples at Selinunte (Selinus): Temples A-D,image,image/jpeg,Image;StillImage,https://iiif.perseus.tufts.edu/iiif/3/1999.04.0293/full/max/0/default.jpg,"https://iiif.perseus.tufts.edu/iiif/3/1999.04.0293/full/^800,/0/default.jpg","https://iiif.perseus.tufts.edu/iiif/3/1999.04.0293/full/^450,/0/default.jpg",Photograph by Jodi Magness,View of the West group of Temples at Selinunte (Selinus): Temples A-D,aa_3950,https://iiif.perseus.tufts.edu/iiif/3/1999.04.0293,,,,,,,,,,,,,,,,,,,,,,,,,,,,,,,,,,,,,,,,,,,,,,,,,,,,,,,,,,,,,,,,,,,,,,,,,,,,,,,,,,,,,,,,,,,,,,,,,,
1999.04.0294,i1999040294,aa_3950,Temple C on the Acropolis at Selinunte (Selinus),image,image/jpeg,Image;StillImage,https://iiif.perseus.tufts.edu/iiif/3/1999.04.0294/full/max/0/default.jpg,"https://iiif.perseus.tufts.edu/iiif/3/1999.04.0294/full/^800,/0/default.jpg","https://iiif.perseus.tufts.edu/iiif/3/1999.04.0294/full/^450,/0/default.jpg",Photograph by Jodi Magness,Temple C on the Acropolis at Selinunte (Selinus),aa_3950,https://iiif.perseus.tufts.edu/iiif/3/1999.04.0294,,,,,,,,,,,,,,,,,,,,,,,,,,,,,,,,,,,,,,,,,,,,,,,,,,,,,,,,,,,,,,,,,,,,,,,,,,,,,,,,,,,,,,,,,,,,,,,,,,
1999.04.0295,i1999040295,aa_3950,Temple D at Selinunte (Selinus),image,image/jpeg,Image;StillImage,https://iiif.perseus.tufts.edu/iiif/3/1999.04.0295/full/max/0/default.jpg,"https://iiif.perseus.tufts.edu/iiif/3/1999.04.0295/full/^800,/0/default.jpg","https://iiif.perseus.tufts.edu/iiif/3/1999.04.0295/full/^450,/0/default.jpg",Photograph by Jodi Magness,Temple D at Selinunte (Selinus),aa_3950,https://iiif.perseus.tufts.edu/iiif/3/1999.04.0295,,,,,,,,,,,,,,,,,,,,,,,,,,,,,,,,,,,,,,,,,,,,,,,,,,,,,,,,,,,,,,,,,,,,,,,,,,,,,,,,,,,,,,,,,,,,,,,,,,
1999.04.0296,i1999040296,aa_3950,Overview of West group of Temples at Selinunte (Selinus) from the East hill (Temple E),image,image/jpeg,Image;StillImage,https://iiif.perseus.tufts.edu/iiif/3/1999.04.0296/full/max/0/default.jpg,"https://iiif.perseus.tufts.edu/iiif/3/1999.04.0296/full/^800,/0/default.jpg","https://iiif.perseus.tufts.edu/iiif/3/1999.04.0296/full/^450,/0/default.jpg",Photograph by Jodi Magness,Overview of West group of Temples at Selinunte (Selinus) from the East hill (Temple E),aa_3950,https://iiif.perseus.tufts.edu/iiif/3/1999.04.0296,,,,,,,,,,,,,,,,,,,,,,,,,,,,,,,,,,,,,,,,,,,,,,,,,,,,,,,,,,,,,,,,,,,,,,,,,,,,,,,,,,,,,,,,,,,,,,,,,,
1999.04.0297,i1999040297,aa_3950,Temple C at Selinunte (Selinus),image,image/jpeg,Image;StillImage,https://iiif.perseus.tufts.edu/iiif/3/1999.04.0297/full/max/0/default.jpg,"https://iiif.perseus.tufts.edu/iiif/3/1999.04.0297/full/^800,/0/default.jpg","https://iiif.perseus.tufts.edu/iiif/3/1999.04.0297/full/^450,/0/default.jpg",Photograph by Jodi Magness,Temple C at Selinunte (Selinus),aa_3950,https://iiif.perseus.tufts.edu/iiif/3/1999.04.0297,,,,,,,,,,,,,,,,,,,,,,,,,,,,,,,,,,,,,,,,,,,,,,,,,,,,,,,,,,,,,,,,,,,,,,,,,,,,,,,,,,,,,,,,,,,,,,,,,,
1999.04.0298,i1999040298,aa_3950,Temple C at Selinunte (Selinus),image,image/jpeg,Image;StillImage,https://iiif.perseus.tufts.edu/iiif/3/1999.04.0298/full/max/0/default.jpg,"https://iiif.perseus.tufts.edu/iiif/3/1999.04.0298/full/^800,/0/default.jpg","https://iiif.perseus.tufts.edu/iiif/3/1999.04.0298/full/^450,/0/default.jpg",Photograph by Jodi Magness,Temple C at Selinunte (Selinus),aa_3950,https://iiif.perseus.tufts.edu/iiif/3/1999.04.0298,,,,,,,,,,,,,,,,,,,,,,,,,,,,,,,,,,,,,,,,,,,,,,,,,,,,,,,,,,,,,,,,,,,,,,,,,,,,,,,,,,,,,,,,,,,,,,,,,,
1999.04.0299,i1999040299,aa_3950,Temple C at Selinunte (Selinus),image,image/jpeg,Image;StillImage,https://iiif.perseus.tufts.edu/iiif/3/1999.04.0299/full/max/0/default.jpg,"https://iiif.perseus.tufts.edu/iiif/3/1999.04.0299/full/^800,/0/default.jpg","https://iiif.perseus.tufts.edu/iiif/3/1999.04.0299/full/^450,/0/default.jpg",Photograph by Jodi Magness,Temple C at Selinunte (Selinus),aa_3950,https://iiif.perseus.tufts.edu/iiif/3/1999.04.0299,,,,,,,,,,,,,,,,,,,,,,,,,,,,,,,,,,,,,,,,,,,,,,,,,,,,,,,,,,,,,,,,,,,,,,,,,,,,,,,,,,,,,,,,,,,,,,,,,,
1999.04.0300,i1999040300,aa_3950,Temple G at Selinunte (Selinus),image,image/jpeg,Image;StillImage,https://iiif.perseus.tufts.edu/iiif/3/1999.04.0300/full/max/0/default.jpg,"https://iiif.perseus.tufts.edu/iiif/3/1999.04.0300/full/^800,/0/default.jpg","https://iiif.perseus.tufts.edu/iiif/3/1999.04.0300/full/^450,/0/default.jpg",Photograph by Jodi Magness,Temple G at Selinunte (Selinus),aa_3950,https://iiif.perseus.tufts.edu/iiif/3/1999.04.0300,,,,,,,,,,,,,,,,,,,,,,,,,,,,,,,,,,,,,,,,,,,,,,,,,,,,,,,,,,,,,,,,,,,,,,,,,,,,,,,,,,,,,,,,,,,,,,,,,,
1999.04.0301,i1999040301,aa_3950,Temple G at Selinunte (Selinus),image,image/jpeg,Image;StillImage,https://iiif.perseus.tufts.edu/iiif/3/1999.04.0301/full/max/0/default.jpg,"https://iiif.perseus.tufts.edu/iiif/3/1999.04.0301/full/^800,/0/default.jpg","https://iiif.perseus.tufts.edu/iiif/3/1999.04.0301/full/^450,/0/default.jpg",Photograph by Jodi Magness,Temple G at Selinunte (Selinus),aa_3950,https://iiif.perseus.tufts.edu/iiif/3/1999.04.0301,,,,,,,,,,,,,,,,,,,,,,,,,,,,,,,,,,,,,,,,,,,,,,,,,,,,,,,,,,,,,,,,,,,,,,,,,,,,,,,,,,,,,,,,,,,,,,,,,,
1999.04.0302,i1999040302,aa_3950,View of Temple C at Selinunte (Selinus),image,image/jpeg,Image;StillImage,https://iiif.perseus.tufts.edu/iiif/3/1999.04.0302/full/max/0/default.jpg,"https://iiif.perseus.tufts.edu/iiif/3/1999.04.0302/full/^800,/0/default.jpg","https://iiif.perseus.tufts.edu/iiif/3/1999.04.0302/full/^450,/0/default.jpg",Photograph by Jodi Magness,View of Temple C at Selinunte (Selinus),aa_3950,https://iiif.perseus.tufts.edu/iiif/3/1999.04.0302,,,,,,,,,,,,,,,,,,,,,,,,,,,,,,,,,,,,,,,,,,,,,,,,,,,,,,,,,,,,,,,,,,,,,,,,,,,,,,,,,,,,,,,,,,,,,,,,,,
1999.04.0303,i1999040303,aa_3950,Side view of Temple E at Selinunte (Selinus),image,image/jpeg,Image;StillImage,https://iiif.perseus.tufts.edu/iiif/3/1999.04.0303/full/max/0/default.jpg,"https://iiif.perseus.tufts.edu/iiif/3/1999.04.0303/full/^800,/0/default.jpg","https://iiif.perseus.tufts.edu/iiif/3/1999.04.0303/full/^450,/0/default.jpg",Photograph by Jodi Magness,Side view of Temple E at Selinunte (Selinus),aa_3950,https://iiif.perseus.tufts.edu/iiif/3/1999.04.0303,,,,,,,,,,,,,,,,,,,,,,,,,,,,,,,,,,,,,,,,,,,,,,,,,,,,,,,,,,,,,,,,,,,,,,,,,,,,,,,,,,,,,,,,,,,,,,,,,,
1999.04.0304,i1999040304,aa_3950,Facade of Temple E at Selinunte (Selinus),image,image/jpeg,Image;StillImage,https://iiif.perseus.tufts.edu/iiif/3/1999.04.0304/full/max/0/default.jpg,"https://iiif.perseus.tufts.edu/iiif/3/1999.04.0304/full/^800,/0/default.jpg","https://iiif.perseus.tufts.edu/iiif/3/1999.04.0304/full/^450,/0/default.jpg",Photograph by Jodi Magness,Facade of Temple E at Selinunte (Selinus),aa_3950,https://iiif.perseus.tufts.edu/iiif/3/1999.04.0304,,,,,,,,,,,,,,,,,,,,,,,,,,,,,,,,,,,,,,,,,,,,,,,,,,,,,,,,,,,,,,,,,,,,,,,,,,,,,,,,,,,,,,,,,,,,,,,,,,
1999.04.0305,i1999040305,aa_3950,Ruins of Temple F at Selinunte (Selinus),image,image/jpeg,Image;StillImage,https://iiif.perseus.tufts.edu/iiif/3/1999.04.0305/full/max/0/default.jpg,"https://iiif.perseus.tufts.edu/iiif/3/1999.04.0305/full/^800,/0/default.jpg","https://iiif.perseus.tufts.edu/iiif/3/1999.04.0305/full/^450,/0/default.jpg",Photograph by Jodi Magness,Ruins of Temple F at Selinunte (Selinus),aa_3950,https://iiif.perseus.tufts.edu/iiif/3/1999.04.0305,,,,,,,,,,,,,,,,,,,,,,,,,,,,,,,,,,,,,,,,,,,,,,,,,,,,,,,,,,,,,,,,,,,,,,,,,,,,,,,,,,,,,,,,,,,,,,,,,,
1999.04.0306,i1999040306,aa_3950,Interior of Temple E at Selinunte (Selinus),image,image/jpeg,Image;StillImage,https://iiif.perseus.tufts.edu/iiif/3/1999.04.0306/full/max/0/default.jpg,"https://iiif.perseus.tufts.edu/iiif/3/1999.04.0306/full/^800,/0/default.jpg","https://iiif.perseus.tufts.edu/iiif/3/1999.04.0306/full/^450,/0/default.jpg",Photograph by Jodi Magness,Interior of Temple E at Selinunte (Selinus),aa_3950,https://iiif.perseus.tufts.edu/iiif/3/1999.04.0306,,,,,,,,,,,,,,,,,,,,,,,,,,,,,,,,,,,,,,,,,,,,,,,,,,,,,,,,,,,,,,,,,,,,,,,,,,,,,,,,,,,,,,,,,,,,,,,,,,
1999.04.0307,i1999040307,aa_3950,Distant view of Temple C on the Akropolis at Selinunte (Selinus),image,image/jpeg,Image;StillImage,https://iiif.perseus.tufts.edu/iiif/3/1999.04.0307/full/max/0/default.jpg,"https://iiif.perseus.tufts.edu/iiif/3/1999.04.0307/full/^800,/0/default.jpg","https://iiif.perseus.tufts.edu/iiif/3/1999.04.0307/full/^450,/0/default.jpg",Photograph by Jodi Magness,Distant view of Temple C on the Akropolis at Selinunte (Selinus),aa_3950,https://iiif.perseus.tufts.edu/iiif/3/1999.04.0307,,,,,,,,,,,,,,,,,,,,,,,,,,,,,,,,,,,,,,,,,,,,,,,,,,,,,,,,,,,,,,,,,,,,,,,,,,,,,,,,,,,,,,,,,,,,,,,,,,
1999.04.0308,i1999040308,aa_3950,Close-up view of Temple C on the Akropolis at Selinunte (Selinus),image,image/jpeg,Image;StillImage,https://iiif.perseus.tufts.edu/iiif/3/1999.04.0308/full/max/0/default.jpg,"https://iiif.perseus.tufts.edu/iiif/3/1999.04.0308/full/^800,/0/default.jpg","https://iiif.perseus.tufts.edu/iiif/3/1999.04.0308/full/^450,/0/default.jpg",Photograph by Jodi Magness,Close-up view of Temple C on the Akropolis at Selinunte (Selinus),aa_3950,https://iiif.perseus.tufts.edu/iiif/3/1999.04.0308,,,,,,,,,,,,,,,,,,,,,,,,,,,,,,,,,,,,,,,,,,,,,,,,,,,,,,,,,,,,,,,,,,,,,,,,,,,,,,,,,,,,,,,,,,,,,,,,,,
1999.04.0309,i1999040309,aa_3950,Capital from Temple G At Selinunte (Selinus),image,image/jpeg,Image;StillImage,https://iiif.perseus.tufts.edu/iiif/3/1999.04.0309/full/max/0/default.jpg,"https://iiif.perseus.tufts.edu/iiif/3/1999.04.0309/full/^800,/0/default.jpg","https://iiif.perseus.tufts.edu/iiif/3/1999.04.0309/full/^450,/0/default.jpg",Photograph by Jodi Magness,Capital from Temple G At Selinunte (Selinus),aa_3950,https://iiif.perseus.tufts.edu/iiif/3/1999.04.0309,,,,,,,,,,,,,,,,,,,,,,,,,,,,,,,,,,,,,,,,,,,,,,,,,,,,,,,,,,,,,,,,,,,,,,,,,,,,,,,,,,,,,,,,,,,,,,,,,,
1999.04.0310,i1999040310,aa_3950,Capital from Temple G At Selinunte (Selinus),image,image/jpeg,Image;StillImage,https://iiif.perseus.tufts.edu/iiif/3/1999.04.0310/full/max/0/default.jpg,"https://iiif.perseus.tufts.edu/iiif/3/1999.04.0310/full/^800,/0/default.jpg","https://iiif.perseus.tufts.edu/iiif/3/1999.04.0310/full/^450,/0/default.jpg",Photograph by Jodi Magness,Capital from Temple G At Selinunte (Selinus),aa_3950,https://iiif.perseus.tufts.edu/iiif/3/1999.04.0310,,,,,,,,,,,,,,,,,,,,,,,,,,,,,,,,,,,,,,,,,,,,,,,,,,,,,,,,,,,,,,,,,,,,,,,,,,,,,,,,,,,,,,,,,,,,,,,,,,
aa_4347,aa_4347,,Harvard 1960.367,compound_object,compound_object,record,https://iiif.perseus.tufts.edu/iiif/3/1990.01.1800/full/max/0/default.jpg,"https://iiif.perseus.tufts.edu/iiif/3/1990.01.1800/full/^800,/0/default.jpg","https://iiif.perseus.tufts.edu/iiif/3/1990.01.1800/full/^450,/0/default.jpg",,,,,,,,,,,,,,,,"Cambridge, Harvard University Art Museums",,,"<P>For the shape, cf. <rs type=""vase"">Harvard 1977.216.2322</rs>; <bibl>Trendall 1967, 153, no. 879</bibl>; <bibl>CVA, Fogg-Gallatin, pl. 38, 7</bibl>. For both shape and style, cf. <rs type=""vase"">Louvre K 536</rs>, also by the Choephoroi Painter; <bibl>Trendall 1967, 125, no. 645</bibl>. For the artist, see <bibl>Trendall 1967, 118-26, pls. 60-62</bibl>; <bibl>A. D. Trendall, ""The Choephoroi Painter,"" in <hi rend=""ital"">Studies Presented to David M. Robinson</hi> II (St. Louis 1953) 114-26</bibl>; and <bibl>Trendall 1989, 60, figs. 89-92</bibl>.</P><P>For the scene with Phrixos sacrificing the ram before Aietes, Chalkiope, and a Colchian in oriental garb, cf. a Lucanian hydria by an artist near the Choephoroi Painter: <rs type=""vase"">Naples 2858</rs> (<bibl>Trendall 1967, 120, no. 600, pl. 60, 3</bibl>). On another nestoris, also near the Choephoroi Painter, Aietes is absent: <rs type=""vase"">Berlin F 3144</rs> (<bibl>Trendall 1967, 123, no. 625</bibl>). On the nestoris <rs type=""vase"">Naples 1988</rs> (<bibl>Trendall 1967, 123, no. 628</bibl>), Aietes is present, but not the oriental youth. See M. Schmidt in <bibl>LIMC, I, 354, Aietes 8-11</bibl>.</P><P>The scene of Orestes at Delphi, like others of its kind, is based ultimately upon the <hi rend=""ital"">Eumenides</hi> of Aeschylus (<bibl n=""Aesch. Eum."">Aesch. Eum.</bibl>). It is not surprising that the Choephoroi Painter depicted the subject, as he is named after a group of vases representing the meeting of Electra and Orestes at the tomb of Agamemnon, inspired by the <hi rend=""ital"">Choephoroi</hi>, the play preceding the <hi rend=""ital"">Eumenides</hi> in Aeschylus' Oresteian trilogy. For South Italian vase-paintings possibly inspired by the <hi rend=""ital"">Eumenides</hi>, see <bibl>Trendall & Webster 1971, 45-49</bibl>; and <bibl>A. Kossatz-Deissmann, <hi rend=""ital"">Dramen des Aischylos auf westgriechischen Vasen</hi> (Mainz 1978) 102-117, pls. 19-24</bibl>.</P><P>The death of Aktaion was the subject of another play by Aeschylus, the <hi rend=""ital"">Toxiades</hi>; see <bibl>Trendall & Webster 1971, 62</bibl>; and <bibl>Kossatz-Deissmann 1978, 142-165, pls. 27.2-32</bibl>. For representations of the death of Aktaion with the nymph Gargaphia present, cf. two Apulian versions: <rs type=""vase"">Paris, Cab. Md. 949</rs> (<bibl>Trendall & Cambitoglou 1982, 429, no. 71, pl. 158, 3-4</bibl>); and <rs type=""vase"">Gteborg RKM 13-71</rs> (<bibl>Trendall & Cambitoglou 1982, 476, 7, pl. 169, 2</bibl>). See A. Kossatz-Deissmann, in <bibl>LIMC, IV, 171</bibl>; L. Guimond, in <bibl>LIMC, I, 458</bibl>; and L. Kahil, in <bibl>LIMC, II, 732</bibl>.</P>","<P>Broken and repaired, with repainting of cracks; added color lost in many places.</P>",,,,,,-345.0,"<P><hi rend=""ital"">Side A</hi>: Orestes at Delphi. In the center, Orestes kneels on the omphalos at Delphi, the added color of which is largely worn away. Some adjacent rocks in added white indicate the terrain. Orestes wears deerskin boots with rolled down tops (<hi rend=""ital"">embades</hi>) and a chlamys with a black, dentilated border (the same border is on all the cloaks worn by males on the vase). With his left hand he holds a scabbard and with his right holds up a sword, as though protecting himself from the Fury at left. His violent movement is emphasized by the billowing of the chlamys. The Fury has short, curly hair and wears a short, dotted chiton and belt; the added white of her wings has largely worn away. She gestures toward Orestes with her left hand and with her right hand makes a gesture which, although indecipherable, seems filled with meaning. Seated next to her, at lower left, is a woman wearing shoes, chiton, himation, necklace, and bracelets. She touches her left shoulder as she looks at Orestes, whose eyes are instead riveted on the Fury. Apollo approaches from the right, his right arm raised in a benediction, his left hand, hidden by his bordered himation, clutching a laurel branch in added white. He wears a white wreath. In the field above are two white bucrania (ox skulls) with fillets trailing from the horns, identifying the setting as a place of sacrifice.</P><P><hi rend=""ital"">Side A, neck</hi>: The setting is Colchis, at the eastern end of the Black Sea. The youthful Phrixos is leading the ram with the golden fleece to be sacrificed at the altar at left. Phrixos is nude except for <hi rend=""ital"">embades</hi>, the chlamys pinned at his throat, and the petasos hanging behind his head. With his right hand he holds the horn of the ram, the animal which bore him to Colchis and from whose back his sister Helle had fallen into the sea, giving the Hellespont its name. At left stands the bearded Aietes, king of Colchis, holding his scepter in his right hand, his left hand hidden beneath his bordered himation. He turns his face in three-quarter view to look at Phrixos, who will soon marry his daughter Chalkiope, probably to be identified with the woman at right. The princess wears a belted peplos, bracelets, necklace, and a mantle over her head, which she touches with her right hand. At far right stands a youth in barbarian garb, a Colchian, holding a spear in his left hand and gesturing with his right. He wears a short, belted tunic over a second, long-sleeved tunic, the former decorated with palmettes, the latter with dots. A bordered cloak is pinned at his throat and he wears a Phrygian helmet with a spikey crest. The altar, at far left, sits on a low, two-stepped platform, on the lower step of which sits an oinochoe. The altar, which extends off-stage to the left, has a molding of dentils, and its sides are streaked with dilute glaze representing blood.</P><P><hi rend=""ital"">Side B</hi>: Two Greeks are fighting two barbarians, probably Trojans. The action is in two tiers, upper and lower, with the Greeks at left and the Trojans at right. The nude, bearded Greek at lower left charges to the right, his left leg advanced. He wears a Chalcidian helmet with a low crest and decorated bowl; his bordered chlamys billows out behind him. His shield is on his left arm, its interior fully revealed. With his right hand he thrusts at his opponent's shield with a long spear or sarissa, which has a pointed bronze butt. The beardless Trojan leans back before the assault, but with his right hand prepares to retaliate with a hatchet-like axe of a type commonly carried by Amazons. Indeed, the warrior may be an Amazon, an ally of the Trojans, although the male Colchian on the neck of side B is not dressed much differently. This Trojan wears a Phrygian helmet with a horsehair crest and spiral ornament, trousers and long-sleeved tunic decorated with zigzags, a short chiton decorated with embroidered designs, shoes, and a fancy belt. The shield on his left arm has a ""Macedonian"" star device; he clutches a pair of short throwing spears in his left hand. The second Trojan, above, is nude except for a billowing chlamys and a Phrygian helmet with spikey crest and spiral ornament. He carries a bow in his left hand (but no quiver) and a spear in his right, and like his compatriot is clean-shaven. His bearded Greek opponent is nearly identical to the first Greek, charging with the left leg advanced, the chlamys billowing behind, and he too is bearded. Unlike the other Greek, however, he wears a pilos helmet, which has fallen on the back of his head, and holds his spear with a different grip. Stylized plants grow between and behind the legs of the first Greek.</P><P><hi rend=""ital"">Side B, neck</hi>: The death of Aktaion, the hunter whom Zeus ordered Artemis to kill for attempting to woo Semele, the future mother of Dionysos (see Apollodoros, <bibl n=""Apollod. 3.4.4"">Apollod. 3.4.4</bibl>). Aktaion is in the center, attacked by four of his dogs: two at left and two at right. He is nude except for <hi rend=""ital"">embades</hi> and a bordered chlamys, draped over his left arm. He raises a sword with his right hand in a futile defense. A pair of horns sprouting from his head mark his transformation into a stag. The dog at lower left has sunk his teeth into Aktaion's right thigh, and a stream of blood, rendered with dilute glaze, is streaming down. Artemis stands quietly at left, her right leg relaxed and her right hand resting on her hip; only in later Hellenistic and Roman versions of the story is she shown surprised at her bath by Aktaion. The goddess wears <hi rend=""ital"">embades</hi>, a necklace, a short, belted chiton, and a fawn skin tinted with brown dilute glaze. Her hair is tied in a chignon and she holds a pair of spears in her left hand. Before her grows a small tree or bush, suggestive of the wooded setting. At the right, a woman is seated on a pile of stones amid stylized foliage. She is probably Gargaphia, the nymph of the spring on Mt. Kithairon, where the action occurred. She wears a chiton, a necklace with white beads, bracelets (the right one touched with added white), and a spotted hairband. Her bordered himation has fallen around her legs. She touches or plucks at her right shoulder as she watches Aktaion punished for his hubris.</P><P>Below the rim on either side: laurel wreath below a narrow band of egg-pattern. On either shoulder: band of enclosed, upright palmettes with lotus blossoms in the interstices. Bands of tongues circle the roots of the horizontal handles. The scenes on the neck are framed laterally by crude ivy vines. Circling the lower body above a zone of rays is a band consisting of groups of four maeanders to left alternating with cross-squares. On the body below the handles and framing the figure scenes are palmettes enclosed and linked by coiling tendrils, with buds, circles, and dotted and quadrated disks in the interstices. ""Macedonian"" stars on the rotelles; laurel wreaths on the sides of the handles, and black ivy vines with berries on the sides of the flanges; foot black with reserved lower base; rim reserved.</P>",,,,<P>H. 0.531 m.</P>,,,-340,ca.,Michael Padgett,,,,,,,,,,,"1990.01.1800,1990.01.1801,1990.01.1802,1990.01.1803,1990.01.1804,1990.01.1805,1990.01.1806,1990.01.1807,1990.01.1808,1990.01.1809,1990.01.1810,1990.01.1811,1990.01.1812,1990.01.1813,1990.01.1814,1990.01.1815,1990.01.1816,1990.01.1817,1990.01.1818,1990.01.1819,1990.01.1820,1990.01.1821,1990.01.1822,1990.01.1823,1990.01.1824,1990.01.1825,1990.01.1826,1990.01.1827,1990.01.1828,1990.01.1829,1990.01.1830,1990.01.1831,1990.01.1832,1990.01.1833,1990.01.1834,1990.01.1835,1990.01.1836,1990.01.1837,1990.01.1838,1990.01.1839,1990.01.1840,1990.01.1841,1990.01.1842,1990.01.1843,1990.01.1844,1990.01.1845,1990.01.1846,1990.01.1847,1990.01.1848,1990.01.1849,1990.01.1850,1990.01.1851,1990.01.1852,1990.01.1853,1990.01.1854,1990.01.1855,1990.01.1856,1990.01.1857,1990.01.1858,1990.01.1859,1990.01.1860,1990.01.1861,1990.01.1862,1990.01.1863,1990.01.1864,1990.01.1865,1990.01.1866,1990.01.1867,1990.01.1868,1990.01.1869,1990.01.1870,1990.01.1871,1990.01.1872,1990.01.1873,1990.01.1874,1990.01.1875,1990.01.1876,1990.01.1877,1990.01.1878,1990.01.1879,1990.01.1880,1990.01.1881,1990.01.1882,1990.01.1883,1990.01.1884,1990.01.1885,1990.01.1886,1990.01.1887,1990.01.1888,1990.01.1889,1990.01.1890,1990.01.1891,1990.01.1892,1990.01.1893,1990.01.1894,1990.01.1895,1990.01.1896,1990.01.1897,1990.01.1898,1990.01.1899,1990.01.1900,1990.01.1901,1990.01.1902,1990.01.1903,1990.01.1904,1990.01.1905,1990.01.1906,1990.01.1907,1990.01.1908","1990.01.1800,1990.01.1801,1990.01.1802,1990.01.1803,1990.01.1804,1990.01.1805,1990.01.1806,1990.01.1807,1990.01.1808,1990.01.1809,1990.01.1810,1990.01.1811,1990.01.1812,1990.01.1813,1990.01.1814,1990.01.1815,1990.01.1816,1990.01.1817,1990.01.1818,1990.01.1819,1990.01.1820,1990.01.1821,1990.01.1822,1990.01.1823,1990.01.1824,1990.01.1825,1990.01.1826,1990.01.1827,1990.01.1828,1990.01.1829,1990.01.1830,1990.01.1831,1990.01.1832,1990.01.1833,1990.01.1834,1990.01.1835,1990.01.1836,1990.01.1837,1990.01.1838,1990.01.1839,1990.01.1840,1990.01.1841,1990.01.1842,1990.01.1843,1990.01.1844,1990.01.1845,1990.01.1846,1990.01.1847,1990.01.1848,1990.01.1849,1990.01.1850,1990.01.1851,1990.01.1852,1990.01.1853,1990.01.1854,1990.01.1855,1990.01.1856,1990.01.1857,1990.01.1858,1990.01.1859,1990.01.1860,1990.01.1861,1990.01.1862,1990.01.1863,1990.01.1864,1990.01.1865,1990.01.1866,1990.01.1867,1990.01.1868,1990.01.1869,1990.01.1870,1990.01.1871,1990.01.1872,1990.01.1873,1990.01.1874,1990.01.1875,1990.01.1876,1990.01.1877,1990.01.1878,1990.01.1879,1990.01.1880,1990.01.1881,1990.01.1882,1990.01.1883,1990.01.1884,1990.01.1885,1990.01.1886,1990.01.1887,1990.01.1888,1990.01.1889,1990.01.1890,1990.01.1891,1990.01.1892,1990.01.1893,1990.01.1894,1990.01.1895,1990.01.1896,1990.01.1897,1990.01.1898,1990.01.1899,1990.01.1900,1990.01.1901,1990.01.1902,1990.01.1903,1990.01.1904,1990.01.1905,1990.01.1906,1990.01.1907,1990.01.1908",,,,,,,Perseus,,,Harvard 1960.367,,,,,,"<P><bibl>Robinson exhibition catalogue 1961, no. 146</bibl>; <bibl>Trendall, <hi rend=""ital"">Studies Robinson</hi>, pl. 43b</bibl>; <bibl>Trendall 1989, fig. 92</bibl>; <bibl>LIMC, I, 354, pl. 272, Aietes 8</bibl>; <bibl>LIMC, I, 458, pl. 353, Aktaion 45</bibl>; <bibl>LIMC, II, 732, Artemis 1404</bibl>; <bibl>LIMC, III, 833, Erinys 59</bibl>; <bibl>LIMC, IV, 171, Gargaphia 3</bibl>; <bibl>A. Kossatz-Deissmann, <hi rend=""ital"">Dramen des Aischylos auf westgriechischen Vasen</hi> (Mainz [...]",,Choephoroi Painter,Attributed to the,Late Classical,45. Late Classical,,1.0,,,,,,"<bibl>Trendall 1967, 125, no. 644, pl. 62, 4-6</bibl>; <bibl>Trendall 1967, Suppl. III, 73</bibl>.",,,,,,,,,,,Nestoris,"<P>Nestoris of type 2: concave neck, offset shoulder, gradually tapering lower body, tall stemmed foot, narrow torus rim, two flanged, high-swung, vertical handles with rotelles at the tops and sides, and two horizontal handles.</P><P>The nestoris, with its distinctive high-swung handles, is descended from the native Italic <hi rend=""ital"">trozzella</hi>. The shape is mostly confined to Lucania, being rare in Apulia and not found at all in Campania. This example is of the later variety (shape 2), with a well-defined shoulder and neck.</P>",,,-350,ca.,,,Side A: Orestes at Delphi; Phrixos sacrificing ram; Side B: Greeks fighting barbarians; Death of Aktaion.,,,Vase,,,Lucanian Red Figure
1990.01.1800,i1990011800,aa_4347,Side A: scene at center,image,image/jpeg,Image;StillImage,https://iiif.perseus.tufts.edu/iiif/3/1990.01.1800/full/max/0/default.jpg,"https://iiif.perseus.tufts.edu/iiif/3/1990.01.1800/full/^800,/0/default.jpg","https://iiif.perseus.tufts.edu/iiif/3/1990.01.1800/full/^450,/0/default.jpg","Photograph by Maria Daniels, courtesy of Harvard University Art Museums",Side A: scene at center,aa_4347,https://iiif.perseus.tufts.edu/iiif/3/1990.01.1800,,,,,,,,,,,,,,,,,,,,,,,,,,,,,,,,,,,,,,,,,,,,,,,,,,,,,,,,,,,,,,,,,,,,,,,,,,,,,,,,,,,,,,,,,,,,,,,,,,
1990.01.1801,i1990011801,aa_4347,Side A: oblique from right,image,image/jpeg,Image;StillImage,https://iiif.perseus.tufts.edu/iiif/3/1990.01.1801/full/max/0/default.jpg,"https://iiif.perseus.tufts.edu/iiif/3/1990.01.1801/full/^800,/0/default.jpg","https://iiif.perseus.tufts.edu/iiif/3/1990.01.1801/full/^450,/0/default.jpg","Photograph by Maria Daniels, courtesy of Harvard University Art Museums",Side A: oblique from right,aa_4347,https://iiif.perseus.tufts.edu/iiif/3/1990.01.1801,,,,,,,,,,,,,,,,,,,,,,,,,,,,,,,,,,,,,,,,,,,,,,,,,,,,,,,,,,,,,,,,,,,,,,,,,,,,,,,,,,,,,,,,,,,,,,,,,,
1990.01.1802,i1990011802,aa_4347,Handle: right of side A,image,image/jpeg,Image;StillImage,https://iiif.perseus.tufts.edu/iiif/3/1990.01.1802/full/max/0/default.jpg,"https://iiif.perseus.tufts.edu/iiif/3/1990.01.1802/full/^800,/0/default.jpg","https://iiif.perseus.tufts.edu/iiif/3/1990.01.1802/full/^450,/0/default.jpg","Photograph by Maria Daniels, courtesy of Harvard University Art Museums",Handle: right of side A,aa_4347,https://iiif.perseus.tufts.edu/iiif/3/1990.01.1802,,,,,,,,,,,,,,,,,,,,,,,,,,,,,,,,,,,,,,,,,,,,,,,,,,,,,,,,,,,,,,,,,,,,,,,,,,,,,,,,,,,,,,,,,,,,,,,,,,
1990.01.1803,i1990011803,aa_4347,Side B: oblique from left,image,image/jpeg,Image;StillImage,https://iiif.perseus.tufts.edu/iiif/3/1990.01.1803/full/max/0/default.jpg,"https://iiif.perseus.tufts.edu/iiif/3/1990.01.1803/full/^800,/0/default.jpg","https://iiif.perseus.tufts.edu/iiif/3/1990.01.1803/full/^450,/0/default.jpg","Photograph by Maria Daniels, courtesy of Harvard University Art Museums",Side B: oblique from left,aa_4347,https://iiif.perseus.tufts.edu/iiif/3/1990.01.1803,,,,,,,,,,,,,,,,,,,,,,,,,,,,,,,,,,,,,,,,,,,,,,,,,,,,,,,,,,,,,,,,,,,,,,,,,,,,,,,,,,,,,,,,,,,,,,,,,,
1990.01.1804,i1990011804,aa_4347,Side B: scene at center,image,image/jpeg,Image;StillImage,https://iiif.perseus.tufts.edu/iiif/3/1990.01.1804/full/max/0/default.jpg,"https://iiif.perseus.tufts.edu/iiif/3/1990.01.1804/full/^800,/0/default.jpg","https://iiif.perseus.tufts.edu/iiif/3/1990.01.1804/full/^450,/0/default.jpg","Photograph by Maria Daniels, courtesy of Harvard University Art Museums",Side B: scene at center,aa_4347,https://iiif.perseus.tufts.edu/iiif/3/1990.01.1804,,,,,,,,,,,,,,,,,,,,,,,,,,,,,,,,,,,,,,,,,,,,,,,,,,,,,,,,,,,,,,,,,,,,,,,,,,,,,,,,,,,,,,,,,,,,,,,,,,
1990.01.1805,i1990011805,aa_4347,Side B: oblique from right,image,image/jpeg,Image;StillImage,https://iiif.perseus.tufts.edu/iiif/3/1990.01.1805/full/max/0/default.jpg,"https://iiif.perseus.tufts.edu/iiif/3/1990.01.1805/full/^800,/0/default.jpg","https://iiif.perseus.tufts.edu/iiif/3/1990.01.1805/full/^450,/0/default.jpg","Photograph by Maria Daniels, courtesy of Harvard University Art Museums",Side B: oblique from right,aa_4347,https://iiif.perseus.tufts.edu/iiif/3/1990.01.1805,,,,,,,,,,,,,,,,,,,,,,,,,,,,,,,,,,,,,,,,,,,,,,,,,,,,,,,,,,,,,,,,,,,,,,,,,,,,,,,,,,,,,,,,,,,,,,,,,,
1990.01.1806,i1990011806,aa_4347,Handle: right of side B,image,image/jpeg,Image;StillImage,https://iiif.perseus.tufts.edu/iiif/3/1990.01.1806/full/max/0/default.jpg,"https://iiif.perseus.tufts.edu/iiif/3/1990.01.1806/full/^800,/0/default.jpg","https://iiif.perseus.tufts.edu/iiif/3/1990.01.1806/full/^450,/0/default.jpg","Photograph by Maria Daniels, courtesy of Harvard University Art Museums",Handle: right of side B,aa_4347,https://iiif.perseus.tufts.edu/iiif/3/1990.01.1806,,,,,,,,,,,,,,,,,,,,,,,,,,,,,,,,,,,,,,,,,,,,,,,,,,,,,,,,,,,,,,,,,,,,,,,,,,,,,,,,,,,,,,,,,,,,,,,,,,
1990.01.1807,i1990011807,aa_4347,Side A: oblique from left,image,image/jpeg,Image;StillImage,https://iiif.perseus.tufts.edu/iiif/3/1990.01.1807/full/max/0/default.jpg,"https://iiif.perseus.tufts.edu/iiif/3/1990.01.1807/full/^800,/0/default.jpg","https://iiif.perseus.tufts.edu/iiif/3/1990.01.1807/full/^450,/0/default.jpg","Photograph by Maria Daniels, courtesy of Harvard University Art Museums",Side A: oblique from left,aa_4347,https://iiif.perseus.tufts.edu/iiif/3/1990.01.1807,,,,,,,,,,,,,,,,,,,,,,,,,,,,,,,,,,,,,,,,,,,,,,,,,,,,,,,,,,,,,,,,,,,,,,,,,,,,,,,,,,,,,,,,,,,,,,,,,,
1990.01.1808,i1990011808,aa_4347,Side A: Orestes at Delphi,image,image/jpeg,Image;StillImage,https://iiif.perseus.tufts.edu/iiif/3/1990.01.1808/full/max/0/default.jpg,"https://iiif.perseus.tufts.edu/iiif/3/1990.01.1808/full/^800,/0/default.jpg","https://iiif.perseus.tufts.edu/iiif/3/1990.01.1808/full/^450,/0/default.jpg","Photograph by Maria Daniels, courtesy of Harvard University Art Museums",Side A: Orestes at Delphi,aa_4347,https://iiif.perseus.tufts.edu/iiif/3/1990.01.1808,,,,,,,,,,,,,,,,,,,,,,,,,,,,,,,,,,,,,,,,,,,,,,,,,,,,,,,,,,,,,,,,,,,,,,,,,,,,,,,,,,,,,,,,,,,,,,,,,,
1990.01.1809,i1990011809,aa_4347,Side A: standing Erinys,image,image/jpeg,Image;StillImage,https://iiif.perseus.tufts.edu/iiif/3/1990.01.1809/full/max/0/default.jpg,"https://iiif.perseus.tufts.edu/iiif/3/1990.01.1809/full/^800,/0/default.jpg","https://iiif.perseus.tufts.edu/iiif/3/1990.01.1809/full/^450,/0/default.jpg","Photograph by Maria Daniels, courtesy of Harvard University Art Museums",Side A: standing Erinys,aa_4347,https://iiif.perseus.tufts.edu/iiif/3/1990.01.1809,,,,,,,,,,,,,,,,,,,,,,,,,,,,,,,,,,,,,,,,,,,,,,,,,,,,,,,,,,,,,,,,,,,,,,,,,,,,,,,,,,,,,,,,,,,,,,,,,,
1990.01.1810,i1990011810,aa_4347,"Side A: standing Erinys, from the waist up",image,image/jpeg,Image;StillImage,https://iiif.perseus.tufts.edu/iiif/3/1990.01.1810/full/max/0/default.jpg,"https://iiif.perseus.tufts.edu/iiif/3/1990.01.1810/full/^800,/0/default.jpg","https://iiif.perseus.tufts.edu/iiif/3/1990.01.1810/full/^450,/0/default.jpg","Photograph by Maria Daniels, courtesy of Harvard University Art Museums","Side A: standing Erinys, from the waist up",aa_4347,https://iiif.perseus.tufts.edu/iiif/3/1990.01.1810,,,,,,,,,,,,,,,,,,,,,,,,,,,,,,,,,,,,,,,,,,,,,,,,,,,,,,,,,,,,,,,,,,,,,,,,,,,,,,,,,,,,,,,,,,,,,,,,,,
1990.01.1811,i1990011811,aa_4347,"Side A: standing Erinys, from the waist down",image,image/jpeg,Image;StillImage,https://iiif.perseus.tufts.edu/iiif/3/1990.01.1811/full/max/0/default.jpg,"https://iiif.perseus.tufts.edu/iiif/3/1990.01.1811/full/^800,/0/default.jpg","https://iiif.perseus.tufts.edu/iiif/3/1990.01.1811/full/^450,/0/default.jpg","Photograph by Maria Daniels, courtesy of Harvard University Art Museums","Side A: standing Erinys, from the waist down",aa_4347,https://iiif.perseus.tufts.edu/iiif/3/1990.01.1811,,,,,,,,,,,,,,,,,,,,,,,,,,,,,,,,,,,,,,,,,,,,,,,,,,,,,,,,,,,,,,,,,,,,,,,,,,,,,,,,,,,,,,,,,,,,,,,,,,
1990.01.1812,i1990011812,aa_4347,"Side A: standing Erinys, from the waist up",image,image/jpeg,Image;StillImage,https://iiif.perseus.tufts.edu/iiif/3/1990.01.1812/full/max/0/default.jpg,"https://iiif.perseus.tufts.edu/iiif/3/1990.01.1812/full/^800,/0/default.jpg","https://iiif.perseus.tufts.edu/iiif/3/1990.01.1812/full/^450,/0/default.jpg","Photograph by Maria Daniels, courtesy of Harvard University Art Museums","Side A: standing Erinys, from the waist up",aa_4347,https://iiif.perseus.tufts.edu/iiif/3/1990.01.1812,,,,,,,,,,,,,,,,,,,,,,,,,,,,,,,,,,,,,,,,,,,,,,,,,,,,,,,,,,,,,,,,,,,,,,,,,,,,,,,,,,,,,,,,,,,,,,,,,,
1990.01.1813,i1990011813,aa_4347,"Side A: standing Erinys, upper portion of right wing",image,image/jpeg,Image;StillImage,https://iiif.perseus.tufts.edu/iiif/3/1990.01.1813/full/max/0/default.jpg,"https://iiif.perseus.tufts.edu/iiif/3/1990.01.1813/full/^800,/0/default.jpg","https://iiif.perseus.tufts.edu/iiif/3/1990.01.1813/full/^450,/0/default.jpg","Photograph by Maria Daniels, courtesy of Harvard University Art Museums","Side A: standing Erinys, upper portion of right wing",aa_4347,https://iiif.perseus.tufts.edu/iiif/3/1990.01.1813,,,,,,,,,,,,,,,,,,,,,,,,,,,,,,,,,,,,,,,,,,,,,,,,,,,,,,,,,,,,,,,,,,,,,,,,,,,,,,,,,,,,,,,,,,,,,,,,,,
1990.01.1814,i1990011814,aa_4347,"Side A: standing Erinys, lower portion of right wing",image,image/jpeg,Image;StillImage,https://iiif.perseus.tufts.edu/iiif/3/1990.01.1814/full/max/0/default.jpg,"https://iiif.perseus.tufts.edu/iiif/3/1990.01.1814/full/^800,/0/default.jpg","https://iiif.perseus.tufts.edu/iiif/3/1990.01.1814/full/^450,/0/default.jpg","Photograph by Maria Daniels, courtesy of Harvard University Art Museums","Side A: standing Erinys, lower portion of right wing",aa_4347,https://iiif.perseus.tufts.edu/iiif/3/1990.01.1814,,,,,,,,,,,,,,,,,,,,,,,,,,,,,,,,,,,,,,,,,,,,,,,,,,,,,,,,,,,,,,,,,,,,,,,,,,,,,,,,,,,,,,,,,,,,,,,,,,
1990.01.1815,i1990011815,aa_4347,"Side A: standing Erinys, lower portion of left wing",image,image/jpeg,Image;StillImage,https://iiif.perseus.tufts.edu/iiif/3/1990.01.1815/full/max/0/default.jpg,"https://iiif.perseus.tufts.edu/iiif/3/1990.01.1815/full/^800,/0/default.jpg","https://iiif.perseus.tufts.edu/iiif/3/1990.01.1815/full/^450,/0/default.jpg","Photograph by Maria Daniels, courtesy of Harvard University Art Museums","Side A: standing Erinys, lower portion of left wing",aa_4347,https://iiif.perseus.tufts.edu/iiif/3/1990.01.1815,,,,,,,,,,,,,,,,,,,,,,,,,,,,,,,,,,,,,,,,,,,,,,,,,,,,,,,,,,,,,,,,,,,,,,,,,,,,,,,,,,,,,,,,,,,,,,,,,,
1990.01.1816,i1990011816,aa_4347,Side A: sitting Erinys,image,image/jpeg,Image;StillImage,https://iiif.perseus.tufts.edu/iiif/3/1990.01.1816/full/max/0/default.jpg,"https://iiif.perseus.tufts.edu/iiif/3/1990.01.1816/full/^800,/0/default.jpg","https://iiif.perseus.tufts.edu/iiif/3/1990.01.1816/full/^450,/0/default.jpg","Photograph by Maria Daniels, courtesy of Harvard University Art Museums",Side A: sitting Erinys,aa_4347,https://iiif.perseus.tufts.edu/iiif/3/1990.01.1816,,,,,,,,,,,,,,,,,,,,,,,,,,,,,,,,,,,,,,,,,,,,,,,,,,,,,,,,,,,,,,,,,,,,,,,,,,,,,,,,,,,,,,,,,,,,,,,,,,
1990.01.1817,i1990011817,aa_4347,"Side A: sitting Erinys, from the waist up",image,image/jpeg,Image;StillImage,https://iiif.perseus.tufts.edu/iiif/3/1990.01.1817/full/max/0/default.jpg,"https://iiif.perseus.tufts.edu/iiif/3/1990.01.1817/full/^800,/0/default.jpg","https://iiif.perseus.tufts.edu/iiif/3/1990.01.1817/full/^450,/0/default.jpg","Photograph by Maria Daniels, courtesy of Harvard University Art Museums","Side A: sitting Erinys, from the waist up",aa_4347,https://iiif.perseus.tufts.edu/iiif/3/1990.01.1817,,,,,,,,,,,,,,,,,,,,,,,,,,,,,,,,,,,,,,,,,,,,,,,,,,,,,,,,,,,,,,,,,,,,,,,,,,,,,,,,,,,,,,,,,,,,,,,,,,
1990.01.1818,i1990011818,aa_4347,"Side A: sitting Erinys, from the waist down",image,image/jpeg,Image;StillImage,https://iiif.perseus.tufts.edu/iiif/3/1990.01.1818/full/max/0/default.jpg,"https://iiif.perseus.tufts.edu/iiif/3/1990.01.1818/full/^800,/0/default.jpg","https://iiif.perseus.tufts.edu/iiif/3/1990.01.1818/full/^450,/0/default.jpg","Photograph by Maria Daniels, courtesy of Harvard University Art Museums","Side A: sitting Erinys, from the waist down",aa_4347,https://iiif.perseus.tufts.edu/iiif/3/1990.01.1818,,,,,,,,,,,,,,,,,,,,,,,,,,,,,,,,,,,,,,,,,,,,,,,,,,,,,,,,,,,,,,,,,,,,,,,,,,,,,,,,,,,,,,,,,,,,,,,,,,
1990.01.1819,i1990011819,aa_4347,"Side A: sitting Erinys, head",image,image/jpeg,Image;StillImage,https://iiif.perseus.tufts.edu/iiif/3/1990.01.1819/full/max/0/default.jpg,"https://iiif.perseus.tufts.edu/iiif/3/1990.01.1819/full/^800,/0/default.jpg","https://iiif.perseus.tufts.edu/iiif/3/1990.01.1819/full/^450,/0/default.jpg","Photograph by Maria Daniels, courtesy of Harvard University Art Museums","Side A: sitting Erinys, head",aa_4347,https://iiif.perseus.tufts.edu/iiif/3/1990.01.1819,,,,,,,,,,,,,,,,,,,,,,,,,,,,,,,,,,,,,,,,,,,,,,,,,,,,,,,,,,,,,,,,,,,,,,,,,,,,,,,,,,,,,,,,,,,,,,,,,,
1990.01.1820,i1990011820,aa_4347,Side A: Orestes with sword,image,image/jpeg,Image;StillImage,https://iiif.perseus.tufts.edu/iiif/3/1990.01.1820/full/max/0/default.jpg,"https://iiif.perseus.tufts.edu/iiif/3/1990.01.1820/full/^800,/0/default.jpg","https://iiif.perseus.tufts.edu/iiif/3/1990.01.1820/full/^450,/0/default.jpg","Photograph by Maria Daniels, courtesy of Harvard University Art Museums",Side A: Orestes with sword,aa_4347,https://iiif.perseus.tufts.edu/iiif/3/1990.01.1820,,,,,,,,,,,,,,,,,,,,,,,,,,,,,,,,,,,,,,,,,,,,,,,,,,,,,,,,,,,,,,,,,,,,,,,,,,,,,,,,,,,,,,,,,,,,,,,,,,
1990.01.1821,i1990011821,aa_4347,"Side A: Orestes, from the waist up",image,image/jpeg,Image;StillImage,https://iiif.perseus.tufts.edu/iiif/3/1990.01.1821/full/max/0/default.jpg,"https://iiif.perseus.tufts.edu/iiif/3/1990.01.1821/full/^800,/0/default.jpg","https://iiif.perseus.tufts.edu/iiif/3/1990.01.1821/full/^450,/0/default.jpg","Photograph by Maria Daniels, courtesy of Harvard University Art Museums","Side A: Orestes, from the waist up",aa_4347,https://iiif.perseus.tufts.edu/iiif/3/1990.01.1821,,,,,,,,,,,,,,,,,,,,,,,,,,,,,,,,,,,,,,,,,,,,,,,,,,,,,,,,,,,,,,,,,,,,,,,,,,,,,,,,,,,,,,,,,,,,,,,,,,
1990.01.1822,i1990011822,aa_4347,"Side A: Orestes, from the waist down",image,image/jpeg,Image;StillImage,https://iiif.perseus.tufts.edu/iiif/3/1990.01.1822/full/max/0/default.jpg,"https://iiif.perseus.tufts.edu/iiif/3/1990.01.1822/full/^800,/0/default.jpg","https://iiif.perseus.tufts.edu/iiif/3/1990.01.1822/full/^450,/0/default.jpg","Photograph by Maria Daniels, courtesy of Harvard University Art Museums","Side A: Orestes, from the waist down",aa_4347,https://iiif.perseus.tufts.edu/iiif/3/1990.01.1822,,,,,,,,,,,,,,,,,,,,,,,,,,,,,,,,,,,,,,,,,,,,,,,,,,,,,,,,,,,,,,,,,,,,,,,,,,,,,,,,,,,,,,,,,,,,,,,,,,
1990.01.1823,i1990011823,aa_4347,"Side A: Orestes, head",image,image/jpeg,Image;StillImage,https://iiif.perseus.tufts.edu/iiif/3/1990.01.1823/full/max/0/default.jpg,"https://iiif.perseus.tufts.edu/iiif/3/1990.01.1823/full/^800,/0/default.jpg","https://iiif.perseus.tufts.edu/iiif/3/1990.01.1823/full/^450,/0/default.jpg","Photograph by Maria Daniels, courtesy of Harvard University Art Museums","Side A: Orestes, head",aa_4347,https://iiif.perseus.tufts.edu/iiif/3/1990.01.1823,,,,,,,,,,,,,,,,,,,,,,,,,,,,,,,,,,,,,,,,,,,,,,,,,,,,,,,,,,,,,,,,,,,,,,,,,,,,,,,,,,,,,,,,,,,,,,,,,,
1990.01.1824,i1990011824,aa_4347,"Side A: Orestes, scabbard",image,image/jpeg,Image;StillImage,https://iiif.perseus.tufts.edu/iiif/3/1990.01.1824/full/max/0/default.jpg,"https://iiif.perseus.tufts.edu/iiif/3/1990.01.1824/full/^800,/0/default.jpg","https://iiif.perseus.tufts.edu/iiif/3/1990.01.1824/full/^450,/0/default.jpg","Photograph by Maria Daniels, courtesy of Harvard University Art Museums","Side A: Orestes, scabbard",aa_4347,https://iiif.perseus.tufts.edu/iiif/3/1990.01.1824,,,,,,,,,,,,,,,,,,,,,,,,,,,,,,,,,,,,,,,,,,,,,,,,,,,,,,,,,,,,,,,,,,,,,,,,,,,,,,,,,,,,,,,,,,,,,,,,,,
1990.01.1825,i1990011825,aa_4347,"Side A: Orestes, from the chest down",image,image/jpeg,Image;StillImage,https://iiif.perseus.tufts.edu/iiif/3/1990.01.1825/full/max/0/default.jpg,"https://iiif.perseus.tufts.edu/iiif/3/1990.01.1825/full/^800,/0/default.jpg","https://iiif.perseus.tufts.edu/iiif/3/1990.01.1825/full/^450,/0/default.jpg","Photograph by Maria Daniels, courtesy of Harvard University Art Museums","Side A: Orestes, from the chest down",aa_4347,https://iiif.perseus.tufts.edu/iiif/3/1990.01.1825,,,,,,,,,,,,,,,,,,,,,,,,,,,,,,,,,,,,,,,,,,,,,,,,,,,,,,,,,,,,,,,,,,,,,,,,,,,,,,,,,,,,,,,,,,,,,,,,,,
1990.01.1826,i1990011826,aa_4347,"Side A: Orestes, cloak",image,image/jpeg,Image;StillImage,https://iiif.perseus.tufts.edu/iiif/3/1990.01.1826/full/max/0/default.jpg,"https://iiif.perseus.tufts.edu/iiif/3/1990.01.1826/full/^800,/0/default.jpg","https://iiif.perseus.tufts.edu/iiif/3/1990.01.1826/full/^450,/0/default.jpg","Photograph by Maria Daniels, courtesy of Harvard University Art Museums","Side A: Orestes, cloak",aa_4347,https://iiif.perseus.tufts.edu/iiif/3/1990.01.1826,,,,,,,,,,,,,,,,,,,,,,,,,,,,,,,,,,,,,,,,,,,,,,,,,,,,,,,,,,,,,,,,,,,,,,,,,,,,,,,,,,,,,,,,,,,,,,,,,,
1990.01.1827,i1990011827,aa_4347,Side A: left ox skull on wall behind Orestes,image,image/jpeg,Image;StillImage,https://iiif.perseus.tufts.edu/iiif/3/1990.01.1827/full/max/0/default.jpg,"https://iiif.perseus.tufts.edu/iiif/3/1990.01.1827/full/^800,/0/default.jpg","https://iiif.perseus.tufts.edu/iiif/3/1990.01.1827/full/^450,/0/default.jpg","Photograph by Maria Daniels, courtesy of Harvard University Art Museums",Side A: left ox skull on wall behind Orestes,aa_4347,https://iiif.perseus.tufts.edu/iiif/3/1990.01.1827,,,,,,,,,,,,,,,,,,,,,,,,,,,,,,,,,,,,,,,,,,,,,,,,,,,,,,,,,,,,,,,,,,,,,,,,,,,,,,,,,,,,,,,,,,,,,,,,,,
1990.01.1828,i1990011828,aa_4347,Side A: right ox skull on wall behind Orestes,image,image/jpeg,Image;StillImage,https://iiif.perseus.tufts.edu/iiif/3/1990.01.1828/full/max/0/default.jpg,"https://iiif.perseus.tufts.edu/iiif/3/1990.01.1828/full/^800,/0/default.jpg","https://iiif.perseus.tufts.edu/iiif/3/1990.01.1828/full/^450,/0/default.jpg","Photograph by Maria Daniels, courtesy of Harvard University Art Museums",Side A: right ox skull on wall behind Orestes,aa_4347,https://iiif.perseus.tufts.edu/iiif/3/1990.01.1828,,,,,,,,,,,,,,,,,,,,,,,,,,,,,,,,,,,,,,,,,,,,,,,,,,,,,,,,,,,,,,,,,,,,,,,,,,,,,,,,,,,,,,,,,,,,,,,,,,
1990.01.1829,i1990011829,aa_4347,Side A: Apollo,image,image/jpeg,Image;StillImage,https://iiif.perseus.tufts.edu/iiif/3/1990.01.1829/full/max/0/default.jpg,"https://iiif.perseus.tufts.edu/iiif/3/1990.01.1829/full/^800,/0/default.jpg","https://iiif.perseus.tufts.edu/iiif/3/1990.01.1829/full/^450,/0/default.jpg","Photograph by Maria Daniels, courtesy of Harvard University Art Museums",Side A: Apollo,aa_4347,https://iiif.perseus.tufts.edu/iiif/3/1990.01.1829,,,,,,,,,,,,,,,,,,,,,,,,,,,,,,,,,,,,,,,,,,,,,,,,,,,,,,,,,,,,,,,,,,,,,,,,,,,,,,,,,,,,,,,,,,,,,,,,,,
1990.01.1830,i1990011830,aa_4347,"Side A: Apollo, from the waist up",image,image/jpeg,Image;StillImage,https://iiif.perseus.tufts.edu/iiif/3/1990.01.1830/full/max/0/default.jpg,"https://iiif.perseus.tufts.edu/iiif/3/1990.01.1830/full/^800,/0/default.jpg","https://iiif.perseus.tufts.edu/iiif/3/1990.01.1830/full/^450,/0/default.jpg","Photograph by Maria Daniels, courtesy of Harvard University Art Museums","Side A: Apollo, from the waist up",aa_4347,https://iiif.perseus.tufts.edu/iiif/3/1990.01.1830,,,,,,,,,,,,,,,,,,,,,,,,,,,,,,,,,,,,,,,,,,,,,,,,,,,,,,,,,,,,,,,,,,,,,,,,,,,,,,,,,,,,,,,,,,,,,,,,,,
1990.01.1831,i1990011831,aa_4347,"Side A: Apollo, from the waist down",image,image/jpeg,Image;StillImage,https://iiif.perseus.tufts.edu/iiif/3/1990.01.1831/full/max/0/default.jpg,"https://iiif.perseus.tufts.edu/iiif/3/1990.01.1831/full/^800,/0/default.jpg","https://iiif.perseus.tufts.edu/iiif/3/1990.01.1831/full/^450,/0/default.jpg","Photograph by Maria Daniels, courtesy of Harvard University Art Museums","Side A: Apollo, from the waist down",aa_4347,https://iiif.perseus.tufts.edu/iiif/3/1990.01.1831,,,,,,,,,,,,,,,,,,,,,,,,,,,,,,,,,,,,,,,,,,,,,,,,,,,,,,,,,,,,,,,,,,,,,,,,,,,,,,,,,,,,,,,,,,,,,,,,,,
1990.01.1832,i1990011832,aa_4347,"Side A: Apollo, head",image,image/jpeg,Image;StillImage,https://iiif.perseus.tufts.edu/iiif/3/1990.01.1832/full/max/0/default.jpg,"https://iiif.perseus.tufts.edu/iiif/3/1990.01.1832/full/^800,/0/default.jpg","https://iiif.perseus.tufts.edu/iiif/3/1990.01.1832/full/^450,/0/default.jpg","Photograph by Maria Daniels, courtesy of Harvard University Art Museums","Side A: Apollo, head",aa_4347,https://iiif.perseus.tufts.edu/iiif/3/1990.01.1832,,,,,,,,,,,,,,,,,,,,,,,,,,,,,,,,,,,,,,,,,,,,,,,,,,,,,,,,,,,,,,,,,,,,,,,,,,,,,,,,,,,,,,,,,,,,,,,,,,
1990.01.1833,i1990011833,aa_4347,"Side A: Apollo, branch in left arm",image,image/jpeg,Image;StillImage,https://iiif.perseus.tufts.edu/iiif/3/1990.01.1833/full/max/0/default.jpg,"https://iiif.perseus.tufts.edu/iiif/3/1990.01.1833/full/^800,/0/default.jpg","https://iiif.perseus.tufts.edu/iiif/3/1990.01.1833/full/^450,/0/default.jpg","Photograph by Maria Daniels, courtesy of Harvard University Art Museums","Side A: Apollo, branch in left arm",aa_4347,https://iiif.perseus.tufts.edu/iiif/3/1990.01.1833,,,,,,,,,,,,,,,,,,,,,,,,,,,,,,,,,,,,,,,,,,,,,,,,,,,,,,,,,,,,,,,,,,,,,,,,,,,,,,,,,,,,,,,,,,,,,,,,,,
1990.01.1834,i1990011834,aa_4347,"Side A: Apollo, cloak about Apollo's waist, detail",image,image/jpeg,Image;StillImage,https://iiif.perseus.tufts.edu/iiif/3/1990.01.1834/full/max/0/default.jpg,"https://iiif.perseus.tufts.edu/iiif/3/1990.01.1834/full/^800,/0/default.jpg","https://iiif.perseus.tufts.edu/iiif/3/1990.01.1834/full/^450,/0/default.jpg","Photograph by Maria Daniels, courtesy of Harvard University Art Museums","Side A: Apollo, cloak about Apollo's waist, detail",aa_4347,https://iiif.perseus.tufts.edu/iiif/3/1990.01.1834,,,,,,,,,,,,,,,,,,,,,,,,,,,,,,,,,,,,,,,,,,,,,,,,,,,,,,,,,,,,,,,,,,,,,,,,,,,,,,,,,,,,,,,,,,,,,,,,,,
1990.01.1835,i1990011835,aa_4347,"Side A: Apollo, cloak about Apollo's waist, feet and hem",image,image/jpeg,Image;StillImage,https://iiif.perseus.tufts.edu/iiif/3/1990.01.1835/full/max/0/default.jpg,"https://iiif.perseus.tufts.edu/iiif/3/1990.01.1835/full/^800,/0/default.jpg","https://iiif.perseus.tufts.edu/iiif/3/1990.01.1835/full/^450,/0/default.jpg","Photograph by Maria Daniels, courtesy of Harvard University Art Museums","Side A: Apollo, cloak about Apollo's waist, feet and hem",aa_4347,https://iiif.perseus.tufts.edu/iiif/3/1990.01.1835,,,,,,,,,,,,,,,,,,,,,,,,,,,,,,,,,,,,,,,,,,,,,,,,,,,,,,,,,,,,,,,,,,,,,,,,,,,,,,,,,,,,,,,,,,,,,,,,,,
1990.01.1836,i1990011836,aa_4347,"Side A, neck: sacrifice of ram",image,image/jpeg,Image;StillImage,https://iiif.perseus.tufts.edu/iiif/3/1990.01.1836/full/max/0/default.jpg,"https://iiif.perseus.tufts.edu/iiif/3/1990.01.1836/full/^800,/0/default.jpg","https://iiif.perseus.tufts.edu/iiif/3/1990.01.1836/full/^450,/0/default.jpg","Photograph by Maria Daniels, courtesy of Harvard University Art Museums","Side A, neck: sacrifice of ram",aa_4347,https://iiif.perseus.tufts.edu/iiif/3/1990.01.1836,,,,,,,,,,,,,,,,,,,,,,,,,,,,,,,,,,,,,,,,,,,,,,,,,,,,,,,,,,,,,,,,,,,,,,,,,,,,,,,,,,,,,,,,,,,,,,,,,,
1990.01.1837,i1990011837,aa_4347,"Side A, neck: blood-spattered altar with column and oinochoe",image,image/jpeg,Image;StillImage,https://iiif.perseus.tufts.edu/iiif/3/1990.01.1837/full/max/0/default.jpg,"https://iiif.perseus.tufts.edu/iiif/3/1990.01.1837/full/^800,/0/default.jpg","https://iiif.perseus.tufts.edu/iiif/3/1990.01.1837/full/^450,/0/default.jpg","Photograph by Maria Daniels, courtesy of Harvard University Art Museums","Side A, neck: blood-spattered altar with column and oinochoe",aa_4347,https://iiif.perseus.tufts.edu/iiif/3/1990.01.1837,,,,,,,,,,,,,,,,,,,,,,,,,,,,,,,,,,,,,,,,,,,,,,,,,,,,,,,,,,,,,,,,,,,,,,,,,,,,,,,,,,,,,,,,,,,,,,,,,,
1990.01.1838,i1990011838,aa_4347,"Side A, neck: blood-spattered altar with column and oinochoe, column",image,image/jpeg,Image;StillImage,https://iiif.perseus.tufts.edu/iiif/3/1990.01.1838/full/max/0/default.jpg,"https://iiif.perseus.tufts.edu/iiif/3/1990.01.1838/full/^800,/0/default.jpg","https://iiif.perseus.tufts.edu/iiif/3/1990.01.1838/full/^450,/0/default.jpg","Photograph by Maria Daniels, courtesy of Harvard University Art Museums","Side A, neck: blood-spattered altar with column and oinochoe, column",aa_4347,https://iiif.perseus.tufts.edu/iiif/3/1990.01.1838,,,,,,,,,,,,,,,,,,,,,,,,,,,,,,,,,,,,,,,,,,,,,,,,,,,,,,,,,,,,,,,,,,,,,,,,,,,,,,,,,,,,,,,,,,,,,,,,,,
1990.01.1839,i1990011839,aa_4347,"Side A, neck: blood-spattered altar with column and oinochoe, altar and oinochoe",image,image/jpeg,Image;StillImage,https://iiif.perseus.tufts.edu/iiif/3/1990.01.1839/full/max/0/default.jpg,"https://iiif.perseus.tufts.edu/iiif/3/1990.01.1839/full/^800,/0/default.jpg","https://iiif.perseus.tufts.edu/iiif/3/1990.01.1839/full/^450,/0/default.jpg","Photograph by Maria Daniels, courtesy of Harvard University Art Museums","Side A, neck: blood-spattered altar with column and oinochoe, altar and oinochoe",aa_4347,https://iiif.perseus.tufts.edu/iiif/3/1990.01.1839,,,,,,,,,,,,,,,,,,,,,,,,,,,,,,,,,,,,,,,,,,,,,,,,,,,,,,,,,,,,,,,,,,,,,,,,,,,,,,,,,,,,,,,,,,,,,,,,,,
1990.01.1840,i1990011840,aa_4347,"Side A, neck: blood-spattered altar with column and oinochoe, oinochoe",image,image/jpeg,Image;StillImage,https://iiif.perseus.tufts.edu/iiif/3/1990.01.1840/full/max/0/default.jpg,"https://iiif.perseus.tufts.edu/iiif/3/1990.01.1840/full/^800,/0/default.jpg","https://iiif.perseus.tufts.edu/iiif/3/1990.01.1840/full/^450,/0/default.jpg","Photograph by Maria Daniels, courtesy of Harvard University Art Museums","Side A, neck: blood-spattered altar with column and oinochoe, oinochoe",aa_4347,https://iiif.perseus.tufts.edu/iiif/3/1990.01.1840,,,,,,,,,,,,,,,,,,,,,,,,,,,,,,,,,,,,,,,,,,,,,,,,,,,,,,,,,,,,,,,,,,,,,,,,,,,,,,,,,,,,,,,,,,,,,,,,,,
1990.01.1841,i1990011841,aa_4347,"Side A, neck: bearded man at left",image,image/jpeg,Image;StillImage,https://iiif.perseus.tufts.edu/iiif/3/1990.01.1841/full/max/0/default.jpg,"https://iiif.perseus.tufts.edu/iiif/3/1990.01.1841/full/^800,/0/default.jpg","https://iiif.perseus.tufts.edu/iiif/3/1990.01.1841/full/^450,/0/default.jpg","Photograph by Maria Daniels, courtesy of Harvard University Art Museums","Side A, neck: bearded man at left",aa_4347,https://iiif.perseus.tufts.edu/iiif/3/1990.01.1841,,,,,,,,,,,,,,,,,,,,,,,,,,,,,,,,,,,,,,,,,,,,,,,,,,,,,,,,,,,,,,,,,,,,,,,,,,,,,,,,,,,,,,,,,,,,,,,,,,
1990.01.1842,i1990011842,aa_4347,"Side A, neck: bearded man at left, from the waist up",image,image/jpeg,Image;StillImage,https://iiif.perseus.tufts.edu/iiif/3/1990.01.1842/full/max/0/default.jpg,"https://iiif.perseus.tufts.edu/iiif/3/1990.01.1842/full/^800,/0/default.jpg","https://iiif.perseus.tufts.edu/iiif/3/1990.01.1842/full/^450,/0/default.jpg","Photograph by Maria Daniels, courtesy of Harvard University Art Museums","Side A, neck: bearded man at left, from the waist up",aa_4347,https://iiif.perseus.tufts.edu/iiif/3/1990.01.1842,,,,,,,,,,,,,,,,,,,,,,,,,,,,,,,,,,,,,,,,,,,,,,,,,,,,,,,,,,,,,,,,,,,,,,,,,,,,,,,,,,,,,,,,,,,,,,,,,,
1990.01.1843,i1990011843,aa_4347,"Side A, neck: bearded man at left, from the waist down",image,image/jpeg,Image;StillImage,https://iiif.perseus.tufts.edu/iiif/3/1990.01.1843/full/max/0/default.jpg,"https://iiif.perseus.tufts.edu/iiif/3/1990.01.1843/full/^800,/0/default.jpg","https://iiif.perseus.tufts.edu/iiif/3/1990.01.1843/full/^450,/0/default.jpg","Photograph by Maria Daniels, courtesy of Harvard University Art Museums","Side A, neck: bearded man at left, from the waist down",aa_4347,https://iiif.perseus.tufts.edu/iiif/3/1990.01.1843,,,,,,,,,,,,,,,,,,,,,,,,,,,,,,,,,,,,,,,,,,,,,,,,,,,,,,,,,,,,,,,,,,,,,,,,,,,,,,,,,,,,,,,,,,,,,,,,,,
1990.01.1844,i1990011844,aa_4347,"Side A, neck: bearded man at left, head",image,image/jpeg,Image;StillImage,https://iiif.perseus.tufts.edu/iiif/3/1990.01.1844/full/max/0/default.jpg,"https://iiif.perseus.tufts.edu/iiif/3/1990.01.1844/full/^800,/0/default.jpg","https://iiif.perseus.tufts.edu/iiif/3/1990.01.1844/full/^450,/0/default.jpg","Photograph by Maria Daniels, courtesy of Harvard University Art Museums","Side A, neck: bearded man at left, head",aa_4347,https://iiif.perseus.tufts.edu/iiif/3/1990.01.1844,,,,,,,,,,,,,,,,,,,,,,,,,,,,,,,,,,,,,,,,,,,,,,,,,,,,,,,,,,,,,,,,,,,,,,,,,,,,,,,,,,,,,,,,,,,,,,,,,,
1990.01.1845,i1990011845,aa_4347,"Side A, neck: youth at left",image,image/jpeg,Image;StillImage,https://iiif.perseus.tufts.edu/iiif/3/1990.01.1845/full/max/0/default.jpg,"https://iiif.perseus.tufts.edu/iiif/3/1990.01.1845/full/^800,/0/default.jpg","https://iiif.perseus.tufts.edu/iiif/3/1990.01.1845/full/^450,/0/default.jpg","Photograph by Maria Daniels, courtesy of Harvard University Art Museums","Side A, neck: youth at left",aa_4347,https://iiif.perseus.tufts.edu/iiif/3/1990.01.1845,,,,,,,,,,,,,,,,,,,,,,,,,,,,,,,,,,,,,,,,,,,,,,,,,,,,,,,,,,,,,,,,,,,,,,,,,,,,,,,,,,,,,,,,,,,,,,,,,,
1990.01.1846,i1990011846,aa_4347,"Side A, neck: youth at left, from the knees up",image,image/jpeg,Image;StillImage,https://iiif.perseus.tufts.edu/iiif/3/1990.01.1846/full/max/0/default.jpg,"https://iiif.perseus.tufts.edu/iiif/3/1990.01.1846/full/^800,/0/default.jpg","https://iiif.perseus.tufts.edu/iiif/3/1990.01.1846/full/^450,/0/default.jpg","Photograph by Maria Daniels, courtesy of Harvard University Art Museums","Side A, neck: youth at left, from the knees up",aa_4347,https://iiif.perseus.tufts.edu/iiif/3/1990.01.1846,,,,,,,,,,,,,,,,,,,,,,,,,,,,,,,,,,,,,,,,,,,,,,,,,,,,,,,,,,,,,,,,,,,,,,,,,,,,,,,,,,,,,,,,,,,,,,,,,,
1990.01.1847,i1990011847,aa_4347,"Side A, neck: youth at left, from the waist down",image,image/jpeg,Image;StillImage,https://iiif.perseus.tufts.edu/iiif/3/1990.01.1847/full/max/0/default.jpg,"https://iiif.perseus.tufts.edu/iiif/3/1990.01.1847/full/^800,/0/default.jpg","https://iiif.perseus.tufts.edu/iiif/3/1990.01.1847/full/^450,/0/default.jpg","Photograph by Maria Daniels, courtesy of Harvard University Art Museums","Side A, neck: youth at left, from the waist down",aa_4347,https://iiif.perseus.tufts.edu/iiif/3/1990.01.1847,,,,,,,,,,,,,,,,,,,,,,,,,,,,,,,,,,,,,,,,,,,,,,,,,,,,,,,,,,,,,,,,,,,,,,,,,,,,,,,,,,,,,,,,,,,,,,,,,,
1990.01.1848,i1990011848,aa_4347,"Side A, neck: youth at left, from the waist up",image,image/jpeg,Image;StillImage,https://iiif.perseus.tufts.edu/iiif/3/1990.01.1848/full/max/0/default.jpg,"https://iiif.perseus.tufts.edu/iiif/3/1990.01.1848/full/^800,/0/default.jpg","https://iiif.perseus.tufts.edu/iiif/3/1990.01.1848/full/^450,/0/default.jpg","Photograph by Maria Daniels, courtesy of Harvard University Art Museums","Side A, neck: youth at left, from the waist up",aa_4347,https://iiif.perseus.tufts.edu/iiif/3/1990.01.1848,,,,,,,,,,,,,,,,,,,,,,,,,,,,,,,,,,,,,,,,,,,,,,,,,,,,,,,,,,,,,,,,,,,,,,,,,,,,,,,,,,,,,,,,,,,,,,,,,,
1990.01.1849,i1990011849,aa_4347,"Side A, neck: ram, forequarters",image,image/jpeg,Image;StillImage,https://iiif.perseus.tufts.edu/iiif/3/1990.01.1849/full/max/0/default.jpg,"https://iiif.perseus.tufts.edu/iiif/3/1990.01.1849/full/^800,/0/default.jpg","https://iiif.perseus.tufts.edu/iiif/3/1990.01.1849/full/^450,/0/default.jpg","Photograph by Maria Daniels, courtesy of Harvard University Art Museums","Side A, neck: ram, forequarters",aa_4347,https://iiif.perseus.tufts.edu/iiif/3/1990.01.1849,,,,,,,,,,,,,,,,,,,,,,,,,,,,,,,,,,,,,,,,,,,,,,,,,,,,,,,,,,,,,,,,,,,,,,,,,,,,,,,,,,,,,,,,,,,,,,,,,,
1990.01.1850,i1990011850,aa_4347,"Side A, neck: ram, hindquarters",image,image/jpeg,Image;StillImage,https://iiif.perseus.tufts.edu/iiif/3/1990.01.1850/full/max/0/default.jpg,"https://iiif.perseus.tufts.edu/iiif/3/1990.01.1850/full/^800,/0/default.jpg","https://iiif.perseus.tufts.edu/iiif/3/1990.01.1850/full/^450,/0/default.jpg","Photograph by Maria Daniels, courtesy of Harvard University Art Museums","Side A, neck: ram, hindquarters",aa_4347,https://iiif.perseus.tufts.edu/iiif/3/1990.01.1850,,,,,,,,,,,,,,,,,,,,,,,,,,,,,,,,,,,,,,,,,,,,,,,,,,,,,,,,,,,,,,,,,,,,,,,,,,,,,,,,,,,,,,,,,,,,,,,,,,
1990.01.1851,i1990011851,aa_4347,"Side A, neck: youth at left, booted feet, and palmette ground line/border",image,image/jpeg,Image;StillImage,https://iiif.perseus.tufts.edu/iiif/3/1990.01.1851/full/max/0/default.jpg,"https://iiif.perseus.tufts.edu/iiif/3/1990.01.1851/full/^800,/0/default.jpg","https://iiif.perseus.tufts.edu/iiif/3/1990.01.1851/full/^450,/0/default.jpg","Photograph by Maria Daniels, courtesy of Harvard University Art Museums","Side A, neck: youth at left, booted feet, and palmette ground line/border",aa_4347,https://iiif.perseus.tufts.edu/iiif/3/1990.01.1851,,,,,,,,,,,,,,,,,,,,,,,,,,,,,,,,,,,,,,,,,,,,,,,,,,,,,,,,,,,,,,,,,,,,,,,,,,,,,,,,,,,,,,,,,,,,,,,,,,
1990.01.1852,i1990011852,aa_4347,"Side A, neck: woman at right",image,image/jpeg,Image;StillImage,https://iiif.perseus.tufts.edu/iiif/3/1990.01.1852/full/max/0/default.jpg,"https://iiif.perseus.tufts.edu/iiif/3/1990.01.1852/full/^800,/0/default.jpg","https://iiif.perseus.tufts.edu/iiif/3/1990.01.1852/full/^450,/0/default.jpg","Photograph by Maria Daniels, courtesy of Harvard University Art Museums","Side A, neck: woman at right",aa_4347,https://iiif.perseus.tufts.edu/iiif/3/1990.01.1852,,,,,,,,,,,,,,,,,,,,,,,,,,,,,,,,,,,,,,,,,,,,,,,,,,,,,,,,,,,,,,,,,,,,,,,,,,,,,,,,,,,,,,,,,,,,,,,,,,
1990.01.1853,i1990011853,aa_4347,"Side A, neck: woman at right, from the knees up",image,image/jpeg,Image;StillImage,https://iiif.perseus.tufts.edu/iiif/3/1990.01.1853/full/max/0/default.jpg,"https://iiif.perseus.tufts.edu/iiif/3/1990.01.1853/full/^800,/0/default.jpg","https://iiif.perseus.tufts.edu/iiif/3/1990.01.1853/full/^450,/0/default.jpg","Photograph by Maria Daniels, courtesy of Harvard University Art Museums","Side A, neck: woman at right, from the knees up",aa_4347,https://iiif.perseus.tufts.edu/iiif/3/1990.01.1853,,,,,,,,,,,,,,,,,,,,,,,,,,,,,,,,,,,,,,,,,,,,,,,,,,,,,,,,,,,,,,,,,,,,,,,,,,,,,,,,,,,,,,,,,,,,,,,,,,
1990.01.1854,i1990011854,aa_4347,"Side A, neck: woman at right, from the waist down",image,image/jpeg,Image;StillImage,https://iiif.perseus.tufts.edu/iiif/3/1990.01.1854/full/max/0/default.jpg,"https://iiif.perseus.tufts.edu/iiif/3/1990.01.1854/full/^800,/0/default.jpg","https://iiif.perseus.tufts.edu/iiif/3/1990.01.1854/full/^450,/0/default.jpg","Photograph by Maria Daniels, courtesy of Harvard University Art Museums","Side A, neck: woman at right, from the waist down",aa_4347,https://iiif.perseus.tufts.edu/iiif/3/1990.01.1854,,,,,,,,,,,,,,,,,,,,,,,,,,,,,,,,,,,,,,,,,,,,,,,,,,,,,,,,,,,,,,,,,,,,,,,,,,,,,,,,,,,,,,,,,,,,,,,,,,
1990.01.1855,i1990011855,aa_4347,"Side A, neck: woman at right, from the waist up",image,image/jpeg,Image;StillImage,https://iiif.perseus.tufts.edu/iiif/3/1990.01.1855/full/max/0/default.jpg,"https://iiif.perseus.tufts.edu/iiif/3/1990.01.1855/full/^800,/0/default.jpg","https://iiif.perseus.tufts.edu/iiif/3/1990.01.1855/full/^450,/0/default.jpg","Photograph by Maria Daniels, courtesy of Harvard University Art Museums","Side A, neck: woman at right, from the waist up",aa_4347,https://iiif.perseus.tufts.edu/iiif/3/1990.01.1855,,,,,,,,,,,,,,,,,,,,,,,,,,,,,,,,,,,,,,,,,,,,,,,,,,,,,,,,,,,,,,,,,,,,,,,,,,,,,,,,,,,,,,,,,,,,,,,,,,
1990.01.1856,i1990011856,aa_4347,"Side A, neck: youth in Phrygian costume at right",image,image/jpeg,Image;StillImage,https://iiif.perseus.tufts.edu/iiif/3/1990.01.1856/full/max/0/default.jpg,"https://iiif.perseus.tufts.edu/iiif/3/1990.01.1856/full/^800,/0/default.jpg","https://iiif.perseus.tufts.edu/iiif/3/1990.01.1856/full/^450,/0/default.jpg","Photograph by Maria Daniels, courtesy of Harvard University Art Museums","Side A, neck: youth in Phrygian costume at right",aa_4347,https://iiif.perseus.tufts.edu/iiif/3/1990.01.1856,,,,,,,,,,,,,,,,,,,,,,,,,,,,,,,,,,,,,,,,,,,,,,,,,,,,,,,,,,,,,,,,,,,,,,,,,,,,,,,,,,,,,,,,,,,,,,,,,,
1990.01.1857,i1990011857,aa_4347,"Side A, neck: youth in Phrygian costume at right, from the waist up",image,image/jpeg,Image;StillImage,https://iiif.perseus.tufts.edu/iiif/3/1990.01.1857/full/max/0/default.jpg,"https://iiif.perseus.tufts.edu/iiif/3/1990.01.1857/full/^800,/0/default.jpg","https://iiif.perseus.tufts.edu/iiif/3/1990.01.1857/full/^450,/0/default.jpg","Photograph by Maria Daniels, courtesy of Harvard University Art Museums","Side A, neck: youth in Phrygian costume at right, from the waist up",aa_4347,https://iiif.perseus.tufts.edu/iiif/3/1990.01.1857,,,,,,,,,,,,,,,,,,,,,,,,,,,,,,,,,,,,,,,,,,,,,,,,,,,,,,,,,,,,,,,,,,,,,,,,,,,,,,,,,,,,,,,,,,,,,,,,,,
1990.01.1858,i1990011858,aa_4347,"Side A, neck: youth in Phrygian costume at right, from the waist down",image,image/jpeg,Image;StillImage,https://iiif.perseus.tufts.edu/iiif/3/1990.01.1858/full/max/0/default.jpg,"https://iiif.perseus.tufts.edu/iiif/3/1990.01.1858/full/^800,/0/default.jpg","https://iiif.perseus.tufts.edu/iiif/3/1990.01.1858/full/^450,/0/default.jpg","Photograph by Maria Daniels, courtesy of Harvard University Art Museums","Side A, neck: youth in Phrygian costume at right, from the waist down",aa_4347,https://iiif.perseus.tufts.edu/iiif/3/1990.01.1858,,,,,,,,,,,,,,,,,,,,,,,,,,,,,,,,,,,,,,,,,,,,,,,,,,,,,,,,,,,,,,,,,,,,,,,,,,,,,,,,,,,,,,,,,,,,,,,,,,
1990.01.1859,i1990011859,aa_4347,Side B: Amazonomachy,image,image/jpeg,Image;StillImage,https://iiif.perseus.tufts.edu/iiif/3/1990.01.1859/full/max/0/default.jpg,"https://iiif.perseus.tufts.edu/iiif/3/1990.01.1859/full/^800,/0/default.jpg","https://iiif.perseus.tufts.edu/iiif/3/1990.01.1859/full/^450,/0/default.jpg","Photograph by Maria Daniels, courtesy of Harvard University Art Museums",Side B: Amazonomachy,aa_4347,https://iiif.perseus.tufts.edu/iiif/3/1990.01.1859,,,,,,,,,,,,,,,,,,,,,,,,,,,,,,,,,,,,,,,,,,,,,,,,,,,,,,,,,,,,,,,,,,,,,,,,,,,,,,,,,,,,,,,,,,,,,,,,,,
1990.01.1860,i1990011860,aa_4347,Side B: warrior at upper left,image,image/jpeg,Image;StillImage,https://iiif.perseus.tufts.edu/iiif/3/1990.01.1860/full/max/0/default.jpg,"https://iiif.perseus.tufts.edu/iiif/3/1990.01.1860/full/^800,/0/default.jpg","https://iiif.perseus.tufts.edu/iiif/3/1990.01.1860/full/^450,/0/default.jpg","Photograph by Maria Daniels, courtesy of Harvard University Art Museums",Side B: warrior at upper left,aa_4347,https://iiif.perseus.tufts.edu/iiif/3/1990.01.1860,,,,,,,,,,,,,,,,,,,,,,,,,,,,,,,,,,,,,,,,,,,,,,,,,,,,,,,,,,,,,,,,,,,,,,,,,,,,,,,,,,,,,,,,,,,,,,,,,,
1990.01.1861,i1990011861,aa_4347,"Side B: warrior at upper left, from the knees up",image,image/jpeg,Image;StillImage,https://iiif.perseus.tufts.edu/iiif/3/1990.01.1861/full/max/0/default.jpg,"https://iiif.perseus.tufts.edu/iiif/3/1990.01.1861/full/^800,/0/default.jpg","https://iiif.perseus.tufts.edu/iiif/3/1990.01.1861/full/^450,/0/default.jpg","Photograph by Maria Daniels, courtesy of Harvard University Art Museums","Side B: warrior at upper left, from the knees up",aa_4347,https://iiif.perseus.tufts.edu/iiif/3/1990.01.1861,,,,,,,,,,,,,,,,,,,,,,,,,,,,,,,,,,,,,,,,,,,,,,,,,,,,,,,,,,,,,,,,,,,,,,,,,,,,,,,,,,,,,,,,,,,,,,,,,,
1990.01.1862,i1990011862,aa_4347,"Side B: warrior at upper left, with shield",image,image/jpeg,Image;StillImage,https://iiif.perseus.tufts.edu/iiif/3/1990.01.1862/full/max/0/default.jpg,"https://iiif.perseus.tufts.edu/iiif/3/1990.01.1862/full/^800,/0/default.jpg","https://iiif.perseus.tufts.edu/iiif/3/1990.01.1862/full/^450,/0/default.jpg","Photograph by Maria Daniels, courtesy of Harvard University Art Museums","Side B: warrior at upper left, with shield",aa_4347,https://iiif.perseus.tufts.edu/iiif/3/1990.01.1862,,,,,,,,,,,,,,,,,,,,,,,,,,,,,,,,,,,,,,,,,,,,,,,,,,,,,,,,,,,,,,,,,,,,,,,,,,,,,,,,,,,,,,,,,,,,,,,,,,
1990.01.1863,i1990011863,aa_4347,"Side B: warrior at upper left, head",image,image/jpeg,Image;StillImage,https://iiif.perseus.tufts.edu/iiif/3/1990.01.1863/full/max/0/default.jpg,"https://iiif.perseus.tufts.edu/iiif/3/1990.01.1863/full/^800,/0/default.jpg","https://iiif.perseus.tufts.edu/iiif/3/1990.01.1863/full/^450,/0/default.jpg","Photograph by Maria Daniels, courtesy of Harvard University Art Museums","Side B: warrior at upper left, head",aa_4347,https://iiif.perseus.tufts.edu/iiif/3/1990.01.1863,,,,,,,,,,,,,,,,,,,,,,,,,,,,,,,,,,,,,,,,,,,,,,,,,,,,,,,,,,,,,,,,,,,,,,,,,,,,,,,,,,,,,,,,,,,,,,,,,,
1990.01.1864,i1990011864,aa_4347,"Side B: warrior at upper left, shield",image,image/jpeg,Image;StillImage,https://iiif.perseus.tufts.edu/iiif/3/1990.01.1864/full/max/0/default.jpg,"https://iiif.perseus.tufts.edu/iiif/3/1990.01.1864/full/^800,/0/default.jpg","https://iiif.perseus.tufts.edu/iiif/3/1990.01.1864/full/^450,/0/default.jpg","Photograph by Maria Daniels, courtesy of Harvard University Art Museums","Side B: warrior at upper left, shield",aa_4347,https://iiif.perseus.tufts.edu/iiif/3/1990.01.1864,,,,,,,,,,,,,,,,,,,,,,,,,,,,,,,,,,,,,,,,,,,,,,,,,,,,,,,,,,,,,,,,,,,,,,,,,,,,,,,,,,,,,,,,,,,,,,,,,,
1990.01.1865,i1990011865,aa_4347,"Side B: warrior at upper left, cloak",image,image/jpeg,Image;StillImage,https://iiif.perseus.tufts.edu/iiif/3/1990.01.1865/full/max/0/default.jpg,"https://iiif.perseus.tufts.edu/iiif/3/1990.01.1865/full/^800,/0/default.jpg","https://iiif.perseus.tufts.edu/iiif/3/1990.01.1865/full/^450,/0/default.jpg","Photograph by Maria Daniels, courtesy of Harvard University Art Museums","Side B: warrior at upper left, cloak",aa_4347,https://iiif.perseus.tufts.edu/iiif/3/1990.01.1865,,,,,,,,,,,,,,,,,,,,,,,,,,,,,,,,,,,,,,,,,,,,,,,,,,,,,,,,,,,,,,,,,,,,,,,,,,,,,,,,,,,,,,,,,,,,,,,,,,
1990.01.1866,i1990011866,aa_4347,"Side B: warrior at lower left, cloak",image,image/jpeg,Image;StillImage,https://iiif.perseus.tufts.edu/iiif/3/1990.01.1866/full/max/0/default.jpg,"https://iiif.perseus.tufts.edu/iiif/3/1990.01.1866/full/^800,/0/default.jpg","https://iiif.perseus.tufts.edu/iiif/3/1990.01.1866/full/^450,/0/default.jpg","Photograph by Maria Daniels, courtesy of Harvard University Art Museums","Side B: warrior at lower left, cloak",aa_4347,https://iiif.perseus.tufts.edu/iiif/3/1990.01.1866,,,,,,,,,,,,,,,,,,,,,,,,,,,,,,,,,,,,,,,,,,,,,,,,,,,,,,,,,,,,,,,,,,,,,,,,,,,,,,,,,,,,,,,,,,,,,,,,,,
1990.01.1867,i1990011867,aa_4347,Side B: warrior at lower left,image,image/jpeg,Image;StillImage,https://iiif.perseus.tufts.edu/iiif/3/1990.01.1867/full/max/0/default.jpg,"https://iiif.perseus.tufts.edu/iiif/3/1990.01.1867/full/^800,/0/default.jpg","https://iiif.perseus.tufts.edu/iiif/3/1990.01.1867/full/^450,/0/default.jpg","Photograph by Maria Daniels, courtesy of Harvard University Art Museums",Side B: warrior at lower left,aa_4347,https://iiif.perseus.tufts.edu/iiif/3/1990.01.1867,,,,,,,,,,,,,,,,,,,,,,,,,,,,,,,,,,,,,,,,,,,,,,,,,,,,,,,,,,,,,,,,,,,,,,,,,,,,,,,,,,,,,,,,,,,,,,,,,,
1990.01.1868,i1990011868,aa_4347,"Side B: warrior at lower left, from the waist up",image,image/jpeg,Image;StillImage,https://iiif.perseus.tufts.edu/iiif/3/1990.01.1868/full/max/0/default.jpg,"https://iiif.perseus.tufts.edu/iiif/3/1990.01.1868/full/^800,/0/default.jpg","https://iiif.perseus.tufts.edu/iiif/3/1990.01.1868/full/^450,/0/default.jpg","Photograph by Maria Daniels, courtesy of Harvard University Art Museums","Side B: warrior at lower left, from the waist up",aa_4347,https://iiif.perseus.tufts.edu/iiif/3/1990.01.1868,,,,,,,,,,,,,,,,,,,,,,,,,,,,,,,,,,,,,,,,,,,,,,,,,,,,,,,,,,,,,,,,,,,,,,,,,,,,,,,,,,,,,,,,,,,,,,,,,,
1990.01.1869,i1990011869,aa_4347,"Side B: warrior at lower left, with shield, from the waist up",image,image/jpeg,Image;StillImage,https://iiif.perseus.tufts.edu/iiif/3/1990.01.1869/full/max/0/default.jpg,"https://iiif.perseus.tufts.edu/iiif/3/1990.01.1869/full/^800,/0/default.jpg","https://iiif.perseus.tufts.edu/iiif/3/1990.01.1869/full/^450,/0/default.jpg","Photograph by Maria Daniels, courtesy of Harvard University Art Museums","Side B: warrior at lower left, with shield, from the waist up",aa_4347,https://iiif.perseus.tufts.edu/iiif/3/1990.01.1869,,,,,,,,,,,,,,,,,,,,,,,,,,,,,,,,,,,,,,,,,,,,,,,,,,,,,,,,,,,,,,,,,,,,,,,,,,,,,,,,,,,,,,,,,,,,,,,,,,
1990.01.1870,i1990011870,aa_4347,"Side B: warrior at lower left, from the waist down",image,image/jpeg,Image;StillImage,https://iiif.perseus.tufts.edu/iiif/3/1990.01.1870/full/max/0/default.jpg,"https://iiif.perseus.tufts.edu/iiif/3/1990.01.1870/full/^800,/0/default.jpg","https://iiif.perseus.tufts.edu/iiif/3/1990.01.1870/full/^450,/0/default.jpg","Photograph by Maria Daniels, courtesy of Harvard University Art Museums","Side B: warrior at lower left, from the waist down",aa_4347,https://iiif.perseus.tufts.edu/iiif/3/1990.01.1870,,,,,,,,,,,,,,,,,,,,,,,,,,,,,,,,,,,,,,,,,,,,,,,,,,,,,,,,,,,,,,,,,,,,,,,,,,,,,,,,,,,,,,,,,,,,,,,,,,
1990.01.1871,i1990011871,aa_4347,"Side B: warrior at lower left, head",image,image/jpeg,Image;StillImage,https://iiif.perseus.tufts.edu/iiif/3/1990.01.1871/full/max/0/default.jpg,"https://iiif.perseus.tufts.edu/iiif/3/1990.01.1871/full/^800,/0/default.jpg","https://iiif.perseus.tufts.edu/iiif/3/1990.01.1871/full/^450,/0/default.jpg","Photograph by Maria Daniels, courtesy of Harvard University Art Museums","Side B: warrior at lower left, head",aa_4347,https://iiif.perseus.tufts.edu/iiif/3/1990.01.1871,,,,,,,,,,,,,,,,,,,,,,,,,,,,,,,,,,,,,,,,,,,,,,,,,,,,,,,,,,,,,,,,,,,,,,,,,,,,,,,,,,,,,,,,,,,,,,,,,,
1990.01.1872,i1990011872,aa_4347,"Side B: warrior at lower left, shield",image,image/jpeg,Image;StillImage,https://iiif.perseus.tufts.edu/iiif/3/1990.01.1872/full/max/0/default.jpg,"https://iiif.perseus.tufts.edu/iiif/3/1990.01.1872/full/^800,/0/default.jpg","https://iiif.perseus.tufts.edu/iiif/3/1990.01.1872/full/^450,/0/default.jpg","Photograph by Maria Daniels, courtesy of Harvard University Art Museums","Side B: warrior at lower left, shield",aa_4347,https://iiif.perseus.tufts.edu/iiif/3/1990.01.1872,,,,,,,,,,,,,,,,,,,,,,,,,,,,,,,,,,,,,,,,,,,,,,,,,,,,,,,,,,,,,,,,,,,,,,,,,,,,,,,,,,,,,,,,,,,,,,,,,,
1990.01.1873,i1990011873,aa_4347,Side B: warrior at upper right,image,image/jpeg,Image;StillImage,https://iiif.perseus.tufts.edu/iiif/3/1990.01.1873/full/max/0/default.jpg,"https://iiif.perseus.tufts.edu/iiif/3/1990.01.1873/full/^800,/0/default.jpg","https://iiif.perseus.tufts.edu/iiif/3/1990.01.1873/full/^450,/0/default.jpg","Photograph by Maria Daniels, courtesy of Harvard University Art Museums",Side B: warrior at upper right,aa_4347,https://iiif.perseus.tufts.edu/iiif/3/1990.01.1873,,,,,,,,,,,,,,,,,,,,,,,,,,,,,,,,,,,,,,,,,,,,,,,,,,,,,,,,,,,,,,,,,,,,,,,,,,,,,,,,,,,,,,,,,,,,,,,,,,
1990.01.1874,i1990011874,aa_4347,"Side B: warrior at upper right, from the knees up",image,image/jpeg,Image;StillImage,https://iiif.perseus.tufts.edu/iiif/3/1990.01.1874/full/max/0/default.jpg,"https://iiif.perseus.tufts.edu/iiif/3/1990.01.1874/full/^800,/0/default.jpg","https://iiif.perseus.tufts.edu/iiif/3/1990.01.1874/full/^450,/0/default.jpg","Photograph by Maria Daniels, courtesy of Harvard University Art Museums","Side B: warrior at upper right, from the knees up",aa_4347,https://iiif.perseus.tufts.edu/iiif/3/1990.01.1874,,,,,,,,,,,,,,,,,,,,,,,,,,,,,,,,,,,,,,,,,,,,,,,,,,,,,,,,,,,,,,,,,,,,,,,,,,,,,,,,,,,,,,,,,,,,,,,,,,
1990.01.1875,i1990011875,aa_4347,"Side B: warrior at upper right, from the waist up",image,image/jpeg,Image;StillImage,https://iiif.perseus.tufts.edu/iiif/3/1990.01.1875/full/max/0/default.jpg,"https://iiif.perseus.tufts.edu/iiif/3/1990.01.1875/full/^800,/0/default.jpg","https://iiif.perseus.tufts.edu/iiif/3/1990.01.1875/full/^450,/0/default.jpg","Photograph by Maria Daniels, courtesy of Harvard University Art Museums","Side B: warrior at upper right, from the waist up",aa_4347,https://iiif.perseus.tufts.edu/iiif/3/1990.01.1875,,,,,,,,,,,,,,,,,,,,,,,,,,,,,,,,,,,,,,,,,,,,,,,,,,,,,,,,,,,,,,,,,,,,,,,,,,,,,,,,,,,,,,,,,,,,,,,,,,
1990.01.1876,i1990011876,aa_4347,"Side B: warrior at upper right, head",image,image/jpeg,Image;StillImage,https://iiif.perseus.tufts.edu/iiif/3/1990.01.1876/full/max/0/default.jpg,"https://iiif.perseus.tufts.edu/iiif/3/1990.01.1876/full/^800,/0/default.jpg","https://iiif.perseus.tufts.edu/iiif/3/1990.01.1876/full/^450,/0/default.jpg","Photograph by Maria Daniels, courtesy of Harvard University Art Museums","Side B: warrior at upper right, head",aa_4347,https://iiif.perseus.tufts.edu/iiif/3/1990.01.1876,,,,,,,,,,,,,,,,,,,,,,,,,,,,,,,,,,,,,,,,,,,,,,,,,,,,,,,,,,,,,,,,,,,,,,,,,,,,,,,,,,,,,,,,,,,,,,,,,,
1990.01.1877,i1990011877,aa_4347,"Side B: Amazon, shield",image,image/jpeg,Image;StillImage,https://iiif.perseus.tufts.edu/iiif/3/1990.01.1877/full/max/0/default.jpg,"https://iiif.perseus.tufts.edu/iiif/3/1990.01.1877/full/^800,/0/default.jpg","https://iiif.perseus.tufts.edu/iiif/3/1990.01.1877/full/^450,/0/default.jpg","Photograph by Maria Daniels, courtesy of Harvard University Art Museums","Side B: Amazon, shield",aa_4347,https://iiif.perseus.tufts.edu/iiif/3/1990.01.1877,,,,,,,,,,,,,,,,,,,,,,,,,,,,,,,,,,,,,,,,,,,,,,,,,,,,,,,,,,,,,,,,,,,,,,,,,,,,,,,,,,,,,,,,,,,,,,,,,,
1990.01.1878,i1990011878,aa_4347,"Side B: Amazon, shield, and spear of warrior at lower left",image,image/jpeg,Image;StillImage,https://iiif.perseus.tufts.edu/iiif/3/1990.01.1878/full/max/0/default.jpg,"https://iiif.perseus.tufts.edu/iiif/3/1990.01.1878/full/^800,/0/default.jpg","https://iiif.perseus.tufts.edu/iiif/3/1990.01.1878/full/^450,/0/default.jpg","Photograph by Maria Daniels, courtesy of Harvard University Art Museums","Side B: Amazon, shield, and spear of warrior at lower left",aa_4347,https://iiif.perseus.tufts.edu/iiif/3/1990.01.1878,,,,,,,,,,,,,,,,,,,,,,,,,,,,,,,,,,,,,,,,,,,,,,,,,,,,,,,,,,,,,,,,,,,,,,,,,,,,,,,,,,,,,,,,,,,,,,,,,,
1990.01.1879,i1990011879,aa_4347,"Side B: warrior at upper right, spear",image,image/jpeg,Image;StillImage,https://iiif.perseus.tufts.edu/iiif/3/1990.01.1879/full/max/0/default.jpg,"https://iiif.perseus.tufts.edu/iiif/3/1990.01.1879/full/^800,/0/default.jpg","https://iiif.perseus.tufts.edu/iiif/3/1990.01.1879/full/^450,/0/default.jpg","Photograph by Maria Daniels, courtesy of Harvard University Art Museums","Side B: warrior at upper right, spear",aa_4347,https://iiif.perseus.tufts.edu/iiif/3/1990.01.1879,,,,,,,,,,,,,,,,,,,,,,,,,,,,,,,,,,,,,,,,,,,,,,,,,,,,,,,,,,,,,,,,,,,,,,,,,,,,,,,,,,,,,,,,,,,,,,,,,,
1990.01.1880,i1990011880,aa_4347,"Side B: warrior at upper right, bow in right hand",image,image/jpeg,Image;StillImage,https://iiif.perseus.tufts.edu/iiif/3/1990.01.1880/full/max/0/default.jpg,"https://iiif.perseus.tufts.edu/iiif/3/1990.01.1880/full/^800,/0/default.jpg","https://iiif.perseus.tufts.edu/iiif/3/1990.01.1880/full/^450,/0/default.jpg","Photograph by Maria Daniels, courtesy of Harvard University Art Museums","Side B: warrior at upper right, bow in right hand",aa_4347,https://iiif.perseus.tufts.edu/iiif/3/1990.01.1880,,,,,,,,,,,,,,,,,,,,,,,,,,,,,,,,,,,,,,,,,,,,,,,,,,,,,,,,,,,,,,,,,,,,,,,,,,,,,,,,,,,,,,,,,,,,,,,,,,
1990.01.1881,i1990011881,aa_4347,"Side B: warrior at upper right, cloak",image,image/jpeg,Image;StillImage,https://iiif.perseus.tufts.edu/iiif/3/1990.01.1881/full/max/0/default.jpg,"https://iiif.perseus.tufts.edu/iiif/3/1990.01.1881/full/^800,/0/default.jpg","https://iiif.perseus.tufts.edu/iiif/3/1990.01.1881/full/^450,/0/default.jpg","Photograph by Maria Daniels, courtesy of Harvard University Art Museums","Side B: warrior at upper right, cloak",aa_4347,https://iiif.perseus.tufts.edu/iiif/3/1990.01.1881,,,,,,,,,,,,,,,,,,,,,,,,,,,,,,,,,,,,,,,,,,,,,,,,,,,,,,,,,,,,,,,,,,,,,,,,,,,,,,,,,,,,,,,,,,,,,,,,,,
1990.01.1882,i1990011882,aa_4347,Side B: Amazon with embroidered clothes,image,image/jpeg,Image;StillImage,https://iiif.perseus.tufts.edu/iiif/3/1990.01.1882/full/max/0/default.jpg,"https://iiif.perseus.tufts.edu/iiif/3/1990.01.1882/full/^800,/0/default.jpg","https://iiif.perseus.tufts.edu/iiif/3/1990.01.1882/full/^450,/0/default.jpg","Photograph by Maria Daniels, courtesy of Harvard University Art Museums",Side B: Amazon with embroidered clothes,aa_4347,https://iiif.perseus.tufts.edu/iiif/3/1990.01.1882,,,,,,,,,,,,,,,,,,,,,,,,,,,,,,,,,,,,,,,,,,,,,,,,,,,,,,,,,,,,,,,,,,,,,,,,,,,,,,,,,,,,,,,,,,,,,,,,,,
1990.01.1883,i1990011883,aa_4347,"Side B: Amazon with embroidered clothes, from the waist up",image,image/jpeg,Image;StillImage,https://iiif.perseus.tufts.edu/iiif/3/1990.01.1883/full/max/0/default.jpg,"https://iiif.perseus.tufts.edu/iiif/3/1990.01.1883/full/^800,/0/default.jpg","https://iiif.perseus.tufts.edu/iiif/3/1990.01.1883/full/^450,/0/default.jpg","Photograph by Maria Daniels, courtesy of Harvard University Art Museums","Side B: Amazon with embroidered clothes, from the waist up",aa_4347,https://iiif.perseus.tufts.edu/iiif/3/1990.01.1883,,,,,,,,,,,,,,,,,,,,,,,,,,,,,,,,,,,,,,,,,,,,,,,,,,,,,,,,,,,,,,,,,,,,,,,,,,,,,,,,,,,,,,,,,,,,,,,,,,
1990.01.1884,i1990011884,aa_4347,"Side B: Amazon with embroidered clothes, from the waist down",image,image/jpeg,Image;StillImage,https://iiif.perseus.tufts.edu/iiif/3/1990.01.1884/full/max/0/default.jpg,"https://iiif.perseus.tufts.edu/iiif/3/1990.01.1884/full/^800,/0/default.jpg","https://iiif.perseus.tufts.edu/iiif/3/1990.01.1884/full/^450,/0/default.jpg","Photograph by Maria Daniels, courtesy of Harvard University Art Museums","Side B: Amazon with embroidered clothes, from the waist down",aa_4347,https://iiif.perseus.tufts.edu/iiif/3/1990.01.1884,,,,,,,,,,,,,,,,,,,,,,,,,,,,,,,,,,,,,,,,,,,,,,,,,,,,,,,,,,,,,,,,,,,,,,,,,,,,,,,,,,,,,,,,,,,,,,,,,,
1990.01.1885,i1990011885,aa_4347,"Side B: Amazon with embroidered clothes, head",image,image/jpeg,Image;StillImage,https://iiif.perseus.tufts.edu/iiif/3/1990.01.1885/full/max/0/default.jpg,"https://iiif.perseus.tufts.edu/iiif/3/1990.01.1885/full/^800,/0/default.jpg","https://iiif.perseus.tufts.edu/iiif/3/1990.01.1885/full/^450,/0/default.jpg","Photograph by Maria Daniels, courtesy of Harvard University Art Museums","Side B: Amazon with embroidered clothes, head",aa_4347,https://iiif.perseus.tufts.edu/iiif/3/1990.01.1885,,,,,,,,,,,,,,,,,,,,,,,,,,,,,,,,,,,,,,,,,,,,,,,,,,,,,,,,,,,,,,,,,,,,,,,,,,,,,,,,,,,,,,,,,,,,,,,,,,
1990.01.1886,i1990011886,aa_4347,"Side B: Amazon with embroidered clothes, axe in left hand",image,image/jpeg,Image;StillImage,https://iiif.perseus.tufts.edu/iiif/3/1990.01.1886/full/max/0/default.jpg,"https://iiif.perseus.tufts.edu/iiif/3/1990.01.1886/full/^800,/0/default.jpg","https://iiif.perseus.tufts.edu/iiif/3/1990.01.1886/full/^450,/0/default.jpg","Photograph by Maria Daniels, courtesy of Harvard University Art Museums","Side B: Amazon with embroidered clothes, axe in left hand",aa_4347,https://iiif.perseus.tufts.edu/iiif/3/1990.01.1886,,,,,,,,,,,,,,,,,,,,,,,,,,,,,,,,,,,,,,,,,,,,,,,,,,,,,,,,,,,,,,,,,,,,,,,,,,,,,,,,,,,,,,,,,,,,,,,,,,
1990.01.1887,i1990011887,aa_4347,"Side B: Amazon with embroidered clothes, midsection",image,image/jpeg,Image;StillImage,https://iiif.perseus.tufts.edu/iiif/3/1990.01.1887/full/max/0/default.jpg,"https://iiif.perseus.tufts.edu/iiif/3/1990.01.1887/full/^800,/0/default.jpg","https://iiif.perseus.tufts.edu/iiif/3/1990.01.1887/full/^450,/0/default.jpg","Photograph by Maria Daniels, courtesy of Harvard University Art Museums","Side B: Amazon with embroidered clothes, midsection",aa_4347,https://iiif.perseus.tufts.edu/iiif/3/1990.01.1887,,,,,,,,,,,,,,,,,,,,,,,,,,,,,,,,,,,,,,,,,,,,,,,,,,,,,,,,,,,,,,,,,,,,,,,,,,,,,,,,,,,,,,,,,,,,,,,,,,
1990.01.1888,i1990011888,aa_4347,"Side B, neck: death of Aktaion",image,image/jpeg,Image;StillImage,https://iiif.perseus.tufts.edu/iiif/3/1990.01.1888/full/max/0/default.jpg,"https://iiif.perseus.tufts.edu/iiif/3/1990.01.1888/full/^800,/0/default.jpg","https://iiif.perseus.tufts.edu/iiif/3/1990.01.1888/full/^450,/0/default.jpg","Photograph by Maria Daniels, courtesy of Harvard University Art Museums","Side B, neck: death of Aktaion",aa_4347,https://iiif.perseus.tufts.edu/iiif/3/1990.01.1888,,,,,,,,,,,,,,,,,,,,,,,,,,,,,,,,,,,,,,,,,,,,,,,,,,,,,,,,,,,,,,,,,,,,,,,,,,,,,,,,,,,,,,,,,,,,,,,,,,
1990.01.1889,i1990011889,aa_4347,"Side B, neck: woman at left (Artemis?)",image,image/jpeg,Image;StillImage,https://iiif.perseus.tufts.edu/iiif/3/1990.01.1889/full/max/0/default.jpg,"https://iiif.perseus.tufts.edu/iiif/3/1990.01.1889/full/^800,/0/default.jpg","https://iiif.perseus.tufts.edu/iiif/3/1990.01.1889/full/^450,/0/default.jpg","Photograph by Maria Daniels, courtesy of Harvard University Art Museums","Side B, neck: woman at left (Artemis?)",aa_4347,https://iiif.perseus.tufts.edu/iiif/3/1990.01.1889,,,,,,,,,,,,,,,,,,,,,,,,,,,,,,,,,,,,,,,,,,,,,,,,,,,,,,,,,,,,,,,,,,,,,,,,,,,,,,,,,,,,,,,,,,,,,,,,,,
1990.01.1890,i1990011890,aa_4347,"Side B, neck: woman at left (Artemis?), from the knees up",image,image/jpeg,Image;StillImage,https://iiif.perseus.tufts.edu/iiif/3/1990.01.1890/full/max/0/default.jpg,"https://iiif.perseus.tufts.edu/iiif/3/1990.01.1890/full/^800,/0/default.jpg","https://iiif.perseus.tufts.edu/iiif/3/1990.01.1890/full/^450,/0/default.jpg","Photograph by Maria Daniels, courtesy of Harvard University Art Museums","Side B, neck: woman at left (Artemis?), from the knees up",aa_4347,https://iiif.perseus.tufts.edu/iiif/3/1990.01.1890,,,,,,,,,,,,,,,,,,,,,,,,,,,,,,,,,,,,,,,,,,,,,,,,,,,,,,,,,,,,,,,,,,,,,,,,,,,,,,,,,,,,,,,,,,,,,,,,,,
1990.01.1891,i1990011891,aa_4347,"Side B, neck: woman at left (Artemis?), from the waist down",image,image/jpeg,Image;StillImage,https://iiif.perseus.tufts.edu/iiif/3/1990.01.1891/full/max/0/default.jpg,"https://iiif.perseus.tufts.edu/iiif/3/1990.01.1891/full/^800,/0/default.jpg","https://iiif.perseus.tufts.edu/iiif/3/1990.01.1891/full/^450,/0/default.jpg","Photograph by Maria Daniels, courtesy of Harvard University Art Museums","Side B, neck: woman at left (Artemis?), from the waist down",aa_4347,https://iiif.perseus.tufts.edu/iiif/3/1990.01.1891,,,,,,,,,,,,,,,,,,,,,,,,,,,,,,,,,,,,,,,,,,,,,,,,,,,,,,,,,,,,,,,,,,,,,,,,,,,,,,,,,,,,,,,,,,,,,,,,,,
1990.01.1892,i1990011892,aa_4347,"Side B, neck: woman at left (Artemis?), head",image,image/jpeg,Image;StillImage,https://iiif.perseus.tufts.edu/iiif/3/1990.01.1892/full/max/0/default.jpg,"https://iiif.perseus.tufts.edu/iiif/3/1990.01.1892/full/^800,/0/default.jpg","https://iiif.perseus.tufts.edu/iiif/3/1990.01.1892/full/^450,/0/default.jpg","Photograph by Maria Daniels, courtesy of Harvard University Art Museums","Side B, neck: woman at left (Artemis?), head",aa_4347,https://iiif.perseus.tufts.edu/iiif/3/1990.01.1892,,,,,,,,,,,,,,,,,,,,,,,,,,,,,,,,,,,,,,,,,,,,,,,,,,,,,,,,,,,,,,,,,,,,,,,,,,,,,,,,,,,,,,,,,,,,,,,,,,
1990.01.1893,i1990011893,aa_4347,"Side B, neck: Aktaion",image,image/jpeg,Image;StillImage,https://iiif.perseus.tufts.edu/iiif/3/1990.01.1893/full/max/0/default.jpg,"https://iiif.perseus.tufts.edu/iiif/3/1990.01.1893/full/^800,/0/default.jpg","https://iiif.perseus.tufts.edu/iiif/3/1990.01.1893/full/^450,/0/default.jpg","Photograph by Maria Daniels, courtesy of Harvard University Art Museums","Side B, neck: Aktaion",aa_4347,https://iiif.perseus.tufts.edu/iiif/3/1990.01.1893,,,,,,,,,,,,,,,,,,,,,,,,,,,,,,,,,,,,,,,,,,,,,,,,,,,,,,,,,,,,,,,,,,,,,,,,,,,,,,,,,,,,,,,,,,,,,,,,,,
1990.01.1894,i1990011894,aa_4347,"Side B, neck: dog at lower left",image,image/jpeg,Image;StillImage,https://iiif.perseus.tufts.edu/iiif/3/1990.01.1894/full/max/0/default.jpg,"https://iiif.perseus.tufts.edu/iiif/3/1990.01.1894/full/^800,/0/default.jpg","https://iiif.perseus.tufts.edu/iiif/3/1990.01.1894/full/^450,/0/default.jpg","Photograph by Maria Daniels, courtesy of Harvard University Art Museums","Side B, neck: dog at lower left",aa_4347,https://iiif.perseus.tufts.edu/iiif/3/1990.01.1894,,,,,,,,,,,,,,,,,,,,,,,,,,,,,,,,,,,,,,,,,,,,,,,,,,,,,,,,,,,,,,,,,,,,,,,,,,,,,,,,,,,,,,,,,,,,,,,,,,
1990.01.1895,i1990011895,aa_4347,"Side B, neck: dog at upper left",image,image/jpeg,Image;StillImage,https://iiif.perseus.tufts.edu/iiif/3/1990.01.1895/full/max/0/default.jpg,"https://iiif.perseus.tufts.edu/iiif/3/1990.01.1895/full/^800,/0/default.jpg","https://iiif.perseus.tufts.edu/iiif/3/1990.01.1895/full/^450,/0/default.jpg","Photograph by Maria Daniels, courtesy of Harvard University Art Museums","Side B, neck: dog at upper left",aa_4347,https://iiif.perseus.tufts.edu/iiif/3/1990.01.1895,,,,,,,,,,,,,,,,,,,,,,,,,,,,,,,,,,,,,,,,,,,,,,,,,,,,,,,,,,,,,,,,,,,,,,,,,,,,,,,,,,,,,,,,,,,,,,,,,,
1990.01.1896,i1990011896,aa_4347,"Side B, neck: Aktaion, from the knees up",image,image/jpeg,Image;StillImage,https://iiif.perseus.tufts.edu/iiif/3/1990.01.1896/full/max/0/default.jpg,"https://iiif.perseus.tufts.edu/iiif/3/1990.01.1896/full/^800,/0/default.jpg","https://iiif.perseus.tufts.edu/iiif/3/1990.01.1896/full/^450,/0/default.jpg","Photograph by Maria Daniels, courtesy of Harvard University Art Museums","Side B, neck: Aktaion, from the knees up",aa_4347,https://iiif.perseus.tufts.edu/iiif/3/1990.01.1896,,,,,,,,,,,,,,,,,,,,,,,,,,,,,,,,,,,,,,,,,,,,,,,,,,,,,,,,,,,,,,,,,,,,,,,,,,,,,,,,,,,,,,,,,,,,,,,,,,
1990.01.1897,i1990011897,aa_4347,"Side B, neck: Aktaion, from the waist up",image,image/jpeg,Image;StillImage,https://iiif.perseus.tufts.edu/iiif/3/1990.01.1897/full/max/0/default.jpg,"https://iiif.perseus.tufts.edu/iiif/3/1990.01.1897/full/^800,/0/default.jpg","https://iiif.perseus.tufts.edu/iiif/3/1990.01.1897/full/^450,/0/default.jpg","Photograph by Maria Daniels, courtesy of Harvard University Art Museums","Side B, neck: Aktaion, from the waist up",aa_4347,https://iiif.perseus.tufts.edu/iiif/3/1990.01.1897,,,,,,,,,,,,,,,,,,,,,,,,,,,,,,,,,,,,,,,,,,,,,,,,,,,,,,,,,,,,,,,,,,,,,,,,,,,,,,,,,,,,,,,,,,,,,,,,,,
1990.01.1898,i1990011898,aa_4347,"Side B, neck: dog at lower left, biting thigh of Aktaion",image,image/jpeg,Image;StillImage,https://iiif.perseus.tufts.edu/iiif/3/1990.01.1898/full/max/0/default.jpg,"https://iiif.perseus.tufts.edu/iiif/3/1990.01.1898/full/^800,/0/default.jpg","https://iiif.perseus.tufts.edu/iiif/3/1990.01.1898/full/^450,/0/default.jpg","Photograph by Maria Daniels, courtesy of Harvard University Art Museums","Side B, neck: dog at lower left, biting thigh of Aktaion",aa_4347,https://iiif.perseus.tufts.edu/iiif/3/1990.01.1898,,,,,,,,,,,,,,,,,,,,,,,,,,,,,,,,,,,,,,,,,,,,,,,,,,,,,,,,,,,,,,,,,,,,,,,,,,,,,,,,,,,,,,,,,,,,,,,,,,
1990.01.1899,i1990011899,aa_4347,"Side B, neck: Aktaion and two dogs at right",image,image/jpeg,Image;StillImage,https://iiif.perseus.tufts.edu/iiif/3/1990.01.1899/full/max/0/default.jpg,"https://iiif.perseus.tufts.edu/iiif/3/1990.01.1899/full/^800,/0/default.jpg","https://iiif.perseus.tufts.edu/iiif/3/1990.01.1899/full/^450,/0/default.jpg","Photograph by Maria Daniels, courtesy of Harvard University Art Museums","Side B, neck: Aktaion and two dogs at right",aa_4347,https://iiif.perseus.tufts.edu/iiif/3/1990.01.1899,,,,,,,,,,,,,,,,,,,,,,,,,,,,,,,,,,,,,,,,,,,,,,,,,,,,,,,,,,,,,,,,,,,,,,,,,,,,,,,,,,,,,,,,,,,,,,,,,,
1990.01.1900,i1990011900,aa_4347,"Side B, neck: dog at upper right",image,image/jpeg,Image;StillImage,https://iiif.perseus.tufts.edu/iiif/3/1990.01.1900/full/max/0/default.jpg,"https://iiif.perseus.tufts.edu/iiif/3/1990.01.1900/full/^800,/0/default.jpg","https://iiif.perseus.tufts.edu/iiif/3/1990.01.1900/full/^450,/0/default.jpg","Photograph by Maria Daniels, courtesy of Harvard University Art Museums","Side B, neck: dog at upper right",aa_4347,https://iiif.perseus.tufts.edu/iiif/3/1990.01.1900,,,,,,,,,,,,,,,,,,,,,,,,,,,,,,,,,,,,,,,,,,,,,,,,,,,,,,,,,,,,,,,,,,,,,,,,,,,,,,,,,,,,,,,,,,,,,,,,,,
1990.01.1901,i1990011901,aa_4347,"Side B, neck: dog at lower right",image,image/jpeg,Image;StillImage,https://iiif.perseus.tufts.edu/iiif/3/1990.01.1901/full/max/0/default.jpg,"https://iiif.perseus.tufts.edu/iiif/3/1990.01.1901/full/^800,/0/default.jpg","https://iiif.perseus.tufts.edu/iiif/3/1990.01.1901/full/^450,/0/default.jpg","Photograph by Maria Daniels, courtesy of Harvard University Art Museums","Side B, neck: dog at lower right",aa_4347,https://iiif.perseus.tufts.edu/iiif/3/1990.01.1901,,,,,,,,,,,,,,,,,,,,,,,,,,,,,,,,,,,,,,,,,,,,,,,,,,,,,,,,,,,,,,,,,,,,,,,,,,,,,,,,,,,,,,,,,,,,,,,,,,
1990.01.1902,i1990011902,aa_4347,"Side B, neck: seated woman at right",image,image/jpeg,Image;StillImage,https://iiif.perseus.tufts.edu/iiif/3/1990.01.1902/full/max/0/default.jpg,"https://iiif.perseus.tufts.edu/iiif/3/1990.01.1902/full/^800,/0/default.jpg","https://iiif.perseus.tufts.edu/iiif/3/1990.01.1902/full/^450,/0/default.jpg","Photograph by Maria Daniels, courtesy of Harvard University Art Museums","Side B, neck: seated woman at right",aa_4347,https://iiif.perseus.tufts.edu/iiif/3/1990.01.1902,,,,,,,,,,,,,,,,,,,,,,,,,,,,,,,,,,,,,,,,,,,,,,,,,,,,,,,,,,,,,,,,,,,,,,,,,,,,,,,,,,,,,,,,,,,,,,,,,,
1990.01.1903,i1990011903,aa_4347,"Side B, neck: seated woman at right, from the waist up",image,image/jpeg,Image;StillImage,https://iiif.perseus.tufts.edu/iiif/3/1990.01.1903/full/max/0/default.jpg,"https://iiif.perseus.tufts.edu/iiif/3/1990.01.1903/full/^800,/0/default.jpg","https://iiif.perseus.tufts.edu/iiif/3/1990.01.1903/full/^450,/0/default.jpg","Photograph by Maria Daniels, courtesy of Harvard University Art Museums","Side B, neck: seated woman at right, from the waist up",aa_4347,https://iiif.perseus.tufts.edu/iiif/3/1990.01.1903,,,,,,,,,,,,,,,,,,,,,,,,,,,,,,,,,,,,,,,,,,,,,,,,,,,,,,,,,,,,,,,,,,,,,,,,,,,,,,,,,,,,,,,,,,,,,,,,,,
1990.01.1904,i1990011904,aa_4347,"Side B, neck: seated woman at right, from the waist down",image,image/jpeg,Image;StillImage,https://iiif.perseus.tufts.edu/iiif/3/1990.01.1904/full/max/0/default.jpg,"https://iiif.perseus.tufts.edu/iiif/3/1990.01.1904/full/^800,/0/default.jpg","https://iiif.perseus.tufts.edu/iiif/3/1990.01.1904/full/^450,/0/default.jpg","Photograph by Maria Daniels, courtesy of Harvard University Art Museums","Side B, neck: seated woman at right, from the waist down",aa_4347,https://iiif.perseus.tufts.edu/iiif/3/1990.01.1904,,,,,,,,,,,,,,,,,,,,,,,,,,,,,,,,,,,,,,,,,,,,,,,,,,,,,,,,,,,,,,,,,,,,,,,,,,,,,,,,,,,,,,,,,,,,,,,,,,
1990.01.1905,i1990011905,aa_4347,"Side B, neck: seated woman at right, head",image,image/jpeg,Image;StillImage,https://iiif.perseus.tufts.edu/iiif/3/1990.01.1905/full/max/0/default.jpg,"https://iiif.perseus.tufts.edu/iiif/3/1990.01.1905/full/^800,/0/default.jpg","https://iiif.perseus.tufts.edu/iiif/3/1990.01.1905/full/^450,/0/default.jpg","Photograph by Maria Daniels, courtesy of Harvard University Art Museums","Side B, neck: seated woman at right, head",aa_4347,https://iiif.perseus.tufts.edu/iiif/3/1990.01.1905,,,,,,,,,,,,,,,,,,,,,,,,,,,,,,,,,,,,,,,,,,,,,,,,,,,,,,,,,,,,,,,,,,,,,,,,,,,,,,,,,,,,,,,,,,,,,,,,,,
1990.01.1906,i1990011906,aa_4347,Rim: laurel band below rim,image,image/jpeg,Image;StillImage,https://iiif.perseus.tufts.edu/iiif/3/1990.01.1906/full/max/0/default.jpg,"https://iiif.perseus.tufts.edu/iiif/3/1990.01.1906/full/^800,/0/default.jpg","https://iiif.perseus.tufts.edu/iiif/3/1990.01.1906/full/^450,/0/default.jpg","Photograph by Maria Daniels, courtesy of Harvard University Art Museums",Rim: laurel band below rim,aa_4347,https://iiif.perseus.tufts.edu/iiif/3/1990.01.1906,,,,,,,,,,,,,,,,,,,,,,,,,,,,,,,,,,,,,,,,,,,,,,,,,,,,,,,,,,,,,,,,,,,,,,,,,,,,,,,,,,,,,,,,,,,,,,,,,,
1990.01.1907,i1990011907,aa_4347,Handle: ivy tendril and roundels,image,image/jpeg,Image;StillImage,https://iiif.perseus.tufts.edu/iiif/3/1990.01.1907/full/max/0/default.jpg,"https://iiif.perseus.tufts.edu/iiif/3/1990.01.1907/full/^800,/0/default.jpg","https://iiif.perseus.tufts.edu/iiif/3/1990.01.1907/full/^450,/0/default.jpg","Photograph by Maria Daniels, courtesy of Harvard University Art Museums",Handle: ivy tendril and roundels,aa_4347,https://iiif.perseus.tufts.edu/iiif/3/1990.01.1907,,,,,,,,,,,,,,,,,,,,,,,,,,,,,,,,,,,,,,,,,,,,,,,,,,,,,,,,,,,,,,,,,,,,,,,,,,,,,,,,,,,,,,,,,,,,,,,,,,
1990.01.1908,i1990011908,aa_4347,Lower body: meander and rays,image,image/jpeg,Image;StillImage,https://iiif.perseus.tufts.edu/iiif/3/1990.01.1908/full/max/0/default.jpg,"https://iiif.perseus.tufts.edu/iiif/3/1990.01.1908/full/^800,/0/default.jpg","https://iiif.perseus.tufts.edu/iiif/3/1990.01.1908/full/^450,/0/default.jpg","Photograph by Maria Daniels, courtesy of Harvard University Art Museums",Lower body: meander and rays,aa_4347,https://iiif.perseus.tufts.edu/iiif/3/1990.01.1908,,,,,,,,,,,,,,,,,,,,,,,,,,,,,,,,,,,,,,,,,,,,,,,,,,,,,,,,,,,,,,,,,,,,,,,,,,,,,,,,,,,,,,,,,,,,,,,,,,
aa_4361,aa_4361,,Harvard 1925.30.129,compound_object,compound_object,record,https://iiif.perseus.tufts.edu/iiif/3/1990.01.2216/full/max/0/default.jpg,"https://iiif.perseus.tufts.edu/iiif/3/1990.01.2216/full/^800,/0/default.jpg","https://iiif.perseus.tufts.edu/iiif/3/1990.01.2216/full/^450,/0/default.jpg",,,,,,,,,,,,205158,,,,"Cambridge, Harvard University Art Museums","<P>Bequest of Joseph C. Hoppin. Bought in Athens in 1896. Since the reputed find-spot is Capua, this demonstrates that not everything purchased in Greece was found there; the same is true of Italy.</P>",,"<P>Cf. <rs type=""vase"">Cleveland 508.15</rs> (<bibl>ARV2, 436, 111</bibl>); and <rs type=""vase"">Boston 00.499</rs> (<bibl>ARV2, 435, 89</bibl>).</P>","<P>Broken and repaired, with some pieces missing; particularly noticeable are gaps in the body of Dionysos and the heads of three maenads. There is some minor repainting off outlines.</P>",,Capua,Said to be from,,,-480.0,"<P><hi rend=""ital"">Side A</hi>: Dionysos with two pairs of satyrs and maenads. Dionysos is in the center, moving to the right but looking back to the left. He wears a chiton and himation. His hair is in a krobylos secured by a wreath of ivy. In his raised left hand is an ivy branch; in his lowered right, a kantharos, which the satyr at left hastens to fill from a trefoil jug. This satyr is in profile, while the one at right, on the other side of the god, turns to face the viewer, his mask-like head cocked at an angle, as though curious as to whom we might be. He is ithyphallic and wears a red ivy wreath (all the other satyrs wear red fillets), and like the other satyrs on the cup, his ribs, abdominal muscles, and other subtle anatomical features are rendered in brown, diluted glaze, which in his case is also used to suggest the hairs of the chest. Two maenads frame the scene at either side. Both wear chitons and himations and carry thyrsoi, and both gesture toward the central trio with hands concealed by the sleeves of their chitons (so-called ""wings). The one at left is badly damaged; she stands frontally, but it is not clear which way she faces. The one at right moves away from the action but looks back toward it. <hi rend=""ital"">Side B</hi>: Two satyrs and three maenads. A satyr stands at the left carrying a drinking horn (<hi rend=""ital"">keros</hi>) in his right hand and gesturing with his left hand at a maenad, whose right arm crosses his in defense. The satyr's torso and left leg are frontal, but his right leg is in profile to the left and his head to the right. His hairy chest is rendered with dilute glaze. In front and to the right of the maenad is a second satyr, who attacks another maenad at right, grabbing her throat with his left hand and making a fist with his right. The maenad gestures imploringly as she flees to the right, her head turned back toward her attacker. The satyr wears a red fillet. At far right, a third maenad, badly damaged, gestures with a ""winged"" limb. All of the maenads wear chitons, himations, and sakkoi; those at left and center carry thyrsoi. <hi rend=""ital"">Tondo</hi>: Satyr and maenad. An ithyphallic satyr has seized a maenad by the wrist and shoulder, pulling her close to him. She tries to flee to the right, but turns to stare into her attacker's eyes. In her left hand she holds a thyrsos, which judging from scenes on other vases she may use to beat off the impending rape (e.g. <rs type=""vase"">Harvard 1925.30.130</rs>, below). The ivy leaves on the thyrsos are carefully and individually drawn with relief lines, unlike the black leaves of the thyrsoi in the exterior scenes. The maenad wears a sakkos, chiton, and himation, the latter with a darker border than those of the other maenads. The satyr wears a red fillet, which the artists has supplemented over the brow with a band of reserved circles, perhaps beading or a poor attempt at a wreath (or an even poorer substitute for the <hi rend=""ital"">Buckellckchen</hi> of the satyrs on Side B). At lower left is an amorphous shape representing a rock or hummock, above which floats a drinking horn. The figures stand on a reserved exergue.</P><P>The tondo border consists of single stopt maeanders alternating with blackened saltire squares, a scheme often employed by Douris. The exterior baseline is a simple reserved line. Beneath each handle are a pair of addorsed palmettes with coiling tendrils, the latter extending up to enclose a palmette on either side of the handle. The underside of the foot is black, save for a reserved band around the edge.</P>",,,,<P>H. 0.11 m.; D. 0.295 m.; D. with handles 0.36 m.</P>,,,,,Michael Padgett,Buitron No. 53,"<Title>RED-FIGURE KYLIX (TYPE B)</Title><Collection.Hist><P>Lent by the Fogg Art Museum, Harvard University; bequest of J. C. Hoppin (1925.30.129)</P></Collection.Hist><Dimensions><P><Head>Height:</Head> 4 1/4 in. (10.7 cm.); <Head>Diameter:</Head> 11 5/8 in. (29.4 cm.)</P></Dimensions><Condition><P>Broken and repaired; missing piece of foot had been replaced with a foreign piece, now removed. From Capua.</P></Condition><Dec.Descr><P><Head>Interior:</Head> satyr and maenad. A maenad with thyrsos in one hand walks to the right looking back at a satyr who grasps her wrist and shoulder. She wears an Ionic chiton, black-bordered himation, and a sakkos on her head. The satyr is nude except for a fillet in his hair. Behind the satyr are a rock and a drinking horn. Between the rock and satyr is an inscription <foreign lang=""Greek"">*E *P*A*I*S *K*A*L*E</foreign> (the girl is beautiful). The tondo is framed by opposed meanders interrupted with saltires.</P><P><Head>Side A:</Head> Dionysos, satyrs, and maenads. The bearded god holds an ivy branch in one hand and, presumably, a drinking cup in the other. A satyr advancing from the left lifts his oinochoe to fill the cup. Behind him is a maenad (missing head and part of body). On the right a satyr with face frontal and a maenad with thyrsos.</P><P><Head>Side B:</Head> satyrs and maenads. In the center a satyr threatens a maenad who walks away from him. At the left a maenad repulses a satyr, and on the right stands a third maenad (missing face). At the handles, palmettes and volutes.</P><P><Head>Dilute glaze:</Head> anatomical details of satyr.</P><P><Head>Red:</Head> fillets of satyrs and maenads.</P></Dec.Descr><Other.Text><P>Attributed to Douris [Hoppin] ca. 480 B. C.</P><P>The meander-saltire border of the tondo and the handle palmettes are characteristic Dourian types and help place this kylix in the middle period of his oeuvre. Close to this is a kylix in Boston (<VaseRef>Boston 00.499</VaseRef>; <PBibRef>ARV2, 435, no. 89</PBibRef>) inscribed ``Hippodamas is beautiful,"" the kalos name popular with Douris during this period. The same border is used, and a remarkably similar composition is on the outside: quintets of revelling satyrs and maenads. Python was the potter of this vase (D. von Bothmer).</P></Other.Text><Essay.Bib><P><Head>Bibliography:</Head> <OBibRef>Hoppin, <I>AJA</I> 6 (1902) 24, no. 1</OBibRef>; <PBibRef>Beazley 1918, 99</PBibRef>; <OBibRef>Hoppin 1918, 1, p. 280, no. 59</OBibRef>; <PBibRef>Caskey 1922, 203, fig. 156</PBibRef>; <PBibRef>Walston 1924, 242, fig. 14, 1 and 2</PBibRef>; <PBibRef>CVA, USA 1, p. 7, pls. 9, 10</PBibRef>; <OBibRef>Beazley, Review CVA USA 1, by Hoppin, <I>JHS</I> 47 (1927) 148</OBibRef>; <OBibRef>D. C. Rich, Review <I>CVA</I> USA 1 by Hoppin, <I>AJA</I> 33 (1929) 338</OBibRef>; <PBibRef>ARV2, 436, no. 112</PBibRef>; <PBibRef>Wegner 1968, 149, 154 ff, 246</PBibRef>.</P></Essay.Bib>",,,,,,"<P>The graffito formerly on the foot, described by Hoppin (<bibl>CVA, Hoppin-Gallatin, USA 1, 7</bibl>) was on an alien fragment, now removed.</P>",,,"1990.01.2216,1990.01.2218,1990.01.2219,1990.01.2220,1990.01.2221,1990.01.2222,1990.01.2223,1990.01.2224,1990.01.2225,1990.01.2226,1990.01.2227,1990.01.2228,1990.01.2229,1990.01.2230,1990.01.2231,1990.01.2232,1990.01.2233,1990.01.2234,1990.01.2235,1990.01.2236,1990.01.2237,1990.01.2238,1990.01.2239,1990.01.2240,1990.01.2241,1990.01.2242,1990.01.2243,1990.01.2244,1990.01.2245,1990.01.2246,1990.01.2247,1990.01.2248,1990.01.2249,1990.01.2250,1990.01.2251,1990.01.2252,1990.01.2253,1990.01.2254,1990.01.2255,1990.01.2256,1990.01.2257,1990.01.2258,1990.01.2259,1990.01.2260,1990.01.2261,1990.01.2262,1990.01.2263,1990.01.2264,1990.01.2265,1990.01.2266,1990.01.2267,1990.01.2268,1990.01.2269,1990.01.2270,1990.01.2271,1990.01.2273,1990.01.2274,1990.01.2275,1990.01.2276,1990.01.2277,1990.01.2278,1990.01.2279,1990.01.2280,1990.01.2281,1990.01.2282,1990.01.2283,1990.01.2284,1990.01.2285,1990.01.2286,1990.01.2287","1990.01.2216,1990.01.2218,1990.01.2219,1990.01.2220,1990.01.2221,1990.01.2222,1990.01.2223,1990.01.2224,1990.01.2225,1990.01.2226,1990.01.2227,1990.01.2228,1990.01.2229,1990.01.2230,1990.01.2231,1990.01.2232,1990.01.2233,1990.01.2234,1990.01.2235,1990.01.2236,1990.01.2237,1990.01.2238,1990.01.2239,1990.01.2240,1990.01.2241,1990.01.2242,1990.01.2243,1990.01.2244,1990.01.2245,1990.01.2246,1990.01.2247,1990.01.2248,1990.01.2249,1990.01.2250,1990.01.2251,1990.01.2252,1990.01.2253,1990.01.2254,1990.01.2255,1990.01.2256,1990.01.2257,1990.01.2258,1990.01.2259,1990.01.2260,1990.01.2261,1990.01.2262,1990.01.2263,1990.01.2264,1990.01.2265,1990.01.2266,1990.01.2267,1990.01.2268,1990.01.2269,1990.01.2270,1990.01.2271,1990.01.2273,1990.01.2274,1990.01.2275,1990.01.2276,1990.01.2277,1990.01.2278,1990.01.2279,1990.01.2280,1990.01.2281,1990.01.2282,1990.01.2283,1990.01.2284,1990.01.2285,1990.01.2286,1990.01.2287",,,,,"<P>Inscription in the tondo, to the left of the satyr: <foreign lang=""Greek"">*E *P*A*I*S *K*A*L*E</foreign> (""the girl is beautiful"").</P>",,Perseus,,,Harvard 1925.30.129,,,,,,"<P><bibl>CVA, Hoppin-Gallatin, USA 1, 7, pls. 9-10</bibl>; <bibl>Buitron 1972, 100-101, no. 53</bibl>.</P>",,Douris,Attributed to,Late Archaic/Early Classical,28. Late Archaic,,1.0,,,,Python,Attributed to,"<bibl>ARV2, 436, 112</bibl>; <bibl>Beazley Addenda 2, 238</bibl>",Campania,"<P>The hairs over the brows of the satyrs on Side B are rendered as raised dots (<hi rend=""ital"">Buckellckchen</hi>).</P>",,,,,,,,,Kylix,<P>Type B kylix.</P>,,"<P>CVA, Hoppin-Gallatin; Buitron 1972.</P>",,,,,"Side A: Dionysos, satyrs, maenads<lb>Side B: Satyrs and maenads<lb>Interior: Satyr and maenad",,,Vase,-480,ca.,Attic Red Figure
1990.01.2216,i1990012216,aa_4361,Side A: scene at center,image,image/jpeg,Image;StillImage,https://iiif.perseus.tufts.edu/iiif/3/1990.01.2216/full/max/0/default.jpg,"https://iiif.perseus.tufts.edu/iiif/3/1990.01.2216/full/^800,/0/default.jpg","https://iiif.perseus.tufts.edu/iiif/3/1990.01.2216/full/^450,/0/default.jpg","Photograph by Maria Daniels, courtesy of Harvard University Art Museums",Side A: scene at center,aa_4361,https://iiif.perseus.tufts.edu/iiif/3/1990.01.2216,,,,,,,,,,,,,,,,,,,,,,,,,,,,,,,,,,,,,,,,,,,,,,,,,,,,,,,,,,,,,,,,,,,,,,,,,,,,,,,,,,,,,,,,,,,,,,,,,,
1990.01.2218,i1990012218,aa_4361,Side A: oblique from right,image,image/jpeg,Image;StillImage,https://iiif.perseus.tufts.edu/iiif/3/1990.01.2218/full/max/0/default.jpg,"https://iiif.perseus.tufts.edu/iiif/3/1990.01.2218/full/^800,/0/default.jpg","https://iiif.perseus.tufts.edu/iiif/3/1990.01.2218/full/^450,/0/default.jpg","Photograph by Maria Daniels, courtesy of Harvard University Art Museums",Side A: oblique from right,aa_4361,https://iiif.perseus.tufts.edu/iiif/3/1990.01.2218,,,,,,,,,,,,,,,,,,,,,,,,,,,,,,,,,,,,,,,,,,,,,,,,,,,,,,,,,,,,,,,,,,,,,,,,,,,,,,,,,,,,,,,,,,,,,,,,,,
1990.01.2219,i1990012219,aa_4361,Handle: right of side A,image,image/jpeg,Image;StillImage,https://iiif.perseus.tufts.edu/iiif/3/1990.01.2219/full/max/0/default.jpg,"https://iiif.perseus.tufts.edu/iiif/3/1990.01.2219/full/^800,/0/default.jpg","https://iiif.perseus.tufts.edu/iiif/3/1990.01.2219/full/^450,/0/default.jpg","Photograph by Maria Daniels, courtesy of Harvard University Art Museums",Handle: right of side A,aa_4361,https://iiif.perseus.tufts.edu/iiif/3/1990.01.2219,,,,,,,,,,,,,,,,,,,,,,,,,,,,,,,,,,,,,,,,,,,,,,,,,,,,,,,,,,,,,,,,,,,,,,,,,,,,,,,,,,,,,,,,,,,,,,,,,,
1990.01.2220,i1990012220,aa_4361,Side B: oblique from left,image,image/jpeg,Image;StillImage,https://iiif.perseus.tufts.edu/iiif/3/1990.01.2220/full/max/0/default.jpg,"https://iiif.perseus.tufts.edu/iiif/3/1990.01.2220/full/^800,/0/default.jpg","https://iiif.perseus.tufts.edu/iiif/3/1990.01.2220/full/^450,/0/default.jpg","Photograph by Maria Daniels, courtesy of Harvard University Art Museums",Side B: oblique from left,aa_4361,https://iiif.perseus.tufts.edu/iiif/3/1990.01.2220,,,,,,,,,,,,,,,,,,,,,,,,,,,,,,,,,,,,,,,,,,,,,,,,,,,,,,,,,,,,,,,,,,,,,,,,,,,,,,,,,,,,,,,,,,,,,,,,,,
1990.01.2221,i1990012221,aa_4361,Side B: scene at center,image,image/jpeg,Image;StillImage,https://iiif.perseus.tufts.edu/iiif/3/1990.01.2221/full/max/0/default.jpg,"https://iiif.perseus.tufts.edu/iiif/3/1990.01.2221/full/^800,/0/default.jpg","https://iiif.perseus.tufts.edu/iiif/3/1990.01.2221/full/^450,/0/default.jpg","Photograph by Maria Daniels, courtesy of Harvard University Art Museums",Side B: scene at center,aa_4361,https://iiif.perseus.tufts.edu/iiif/3/1990.01.2221,,,,,,,,,,,,,,,,,,,,,,,,,,,,,,,,,,,,,,,,,,,,,,,,,,,,,,,,,,,,,,,,,,,,,,,,,,,,,,,,,,,,,,,,,,,,,,,,,,
1990.01.2222,i1990012222,aa_4361,Side B: oblique from right,image,image/jpeg,Image;StillImage,https://iiif.perseus.tufts.edu/iiif/3/1990.01.2222/full/max/0/default.jpg,"https://iiif.perseus.tufts.edu/iiif/3/1990.01.2222/full/^800,/0/default.jpg","https://iiif.perseus.tufts.edu/iiif/3/1990.01.2222/full/^450,/0/default.jpg","Photograph by Maria Daniels, courtesy of Harvard University Art Museums",Side B: oblique from right,aa_4361,https://iiif.perseus.tufts.edu/iiif/3/1990.01.2222,,,,,,,,,,,,,,,,,,,,,,,,,,,,,,,,,,,,,,,,,,,,,,,,,,,,,,,,,,,,,,,,,,,,,,,,,,,,,,,,,,,,,,,,,,,,,,,,,,
1990.01.2223,i1990012223,aa_4361,Handle: right of side B,image,image/jpeg,Image;StillImage,https://iiif.perseus.tufts.edu/iiif/3/1990.01.2223/full/max/0/default.jpg,"https://iiif.perseus.tufts.edu/iiif/3/1990.01.2223/full/^800,/0/default.jpg","https://iiif.perseus.tufts.edu/iiif/3/1990.01.2223/full/^450,/0/default.jpg","Photograph by Maria Daniels, courtesy of Harvard University Art Museums",Handle: right of side B,aa_4361,https://iiif.perseus.tufts.edu/iiif/3/1990.01.2223,,,,,,,,,,,,,,,,,,,,,,,,,,,,,,,,,,,,,,,,,,,,,,,,,,,,,,,,,,,,,,,,,,,,,,,,,,,,,,,,,,,,,,,,,,,,,,,,,,
1990.01.2224,i1990012224,aa_4361,Side A: oblique from left,image,image/jpeg,Image;StillImage,https://iiif.perseus.tufts.edu/iiif/3/1990.01.2224/full/max/0/default.jpg,"https://iiif.perseus.tufts.edu/iiif/3/1990.01.2224/full/^800,/0/default.jpg","https://iiif.perseus.tufts.edu/iiif/3/1990.01.2224/full/^450,/0/default.jpg","Photograph by Maria Daniels, courtesy of Harvard University Art Museums",Side A: oblique from left,aa_4361,https://iiif.perseus.tufts.edu/iiif/3/1990.01.2224,,,,,,,,,,,,,,,,,,,,,,,,,,,,,,,,,,,,,,,,,,,,,,,,,,,,,,,,,,,,,,,,,,,,,,,,,,,,,,,,,,,,,,,,,,,,,,,,,,
1990.01.2225,i1990012225,aa_4361,Overview: scene from above,image,image/jpeg,Image;StillImage,https://iiif.perseus.tufts.edu/iiif/3/1990.01.2225/full/max/0/default.jpg,"https://iiif.perseus.tufts.edu/iiif/3/1990.01.2225/full/^800,/0/default.jpg","https://iiif.perseus.tufts.edu/iiif/3/1990.01.2225/full/^450,/0/default.jpg","Photograph by Maria Daniels, courtesy of Harvard University Art Museums",Overview: scene from above,aa_4361,https://iiif.perseus.tufts.edu/iiif/3/1990.01.2225,,,,,,,,,,,,,,,,,,,,,,,,,,,,,,,,,,,,,,,,,,,,,,,,,,,,,,,,,,,,,,,,,,,,,,,,,,,,,,,,,,,,,,,,,,,,,,,,,,
1990.01.2226,i1990012226,aa_4361,Tondo: silen and maenad,image,image/jpeg,Image;StillImage,https://iiif.perseus.tufts.edu/iiif/3/1990.01.2226/full/max/0/default.jpg,"https://iiif.perseus.tufts.edu/iiif/3/1990.01.2226/full/^800,/0/default.jpg","https://iiif.perseus.tufts.edu/iiif/3/1990.01.2226/full/^450,/0/default.jpg","Photograph by Maria Daniels, courtesy of Harvard University Art Museums",Tondo: silen and maenad,aa_4361,https://iiif.perseus.tufts.edu/iiif/3/1990.01.2226,,,,,,,,,,,,,,,,,,,,,,,,,,,,,,,,,,,,,,,,,,,,,,,,,,,,,,,,,,,,,,,,,,,,,,,,,,,,,,,,,,,,,,,,,,,,,,,,,,
1990.01.2227,i1990012227,aa_4361,"Tondo: silen, and maenad",image,image/jpeg,Image;StillImage,https://iiif.perseus.tufts.edu/iiif/3/1990.01.2227/full/max/0/default.jpg,"https://iiif.perseus.tufts.edu/iiif/3/1990.01.2227/full/^800,/0/default.jpg","https://iiif.perseus.tufts.edu/iiif/3/1990.01.2227/full/^450,/0/default.jpg","Photograph by Maria Daniels, courtesy of Harvard University Art Museums","Tondo: silen, and maenad",aa_4361,https://iiif.perseus.tufts.edu/iiif/3/1990.01.2227,,,,,,,,,,,,,,,,,,,,,,,,,,,,,,,,,,,,,,,,,,,,,,,,,,,,,,,,,,,,,,,,,,,,,,,,,,,,,,,,,,,,,,,,,,,,,,,,,,
1990.01.2228,i1990012228,aa_4361,"Tondo: maenad, from the waist up",image,image/jpeg,Image;StillImage,https://iiif.perseus.tufts.edu/iiif/3/1990.01.2228/full/max/0/default.jpg,"https://iiif.perseus.tufts.edu/iiif/3/1990.01.2228/full/^800,/0/default.jpg","https://iiif.perseus.tufts.edu/iiif/3/1990.01.2228/full/^450,/0/default.jpg","Photograph by Maria Daniels, courtesy of Harvard University Art Museums","Tondo: maenad, from the waist up",aa_4361,https://iiif.perseus.tufts.edu/iiif/3/1990.01.2228,,,,,,,,,,,,,,,,,,,,,,,,,,,,,,,,,,,,,,,,,,,,,,,,,,,,,,,,,,,,,,,,,,,,,,,,,,,,,,,,,,,,,,,,,,,,,,,,,,
1990.01.2229,i1990012229,aa_4361,"Tondo: maenad, from the waist down",image,image/jpeg,Image;StillImage,https://iiif.perseus.tufts.edu/iiif/3/1990.01.2229/full/max/0/default.jpg,"https://iiif.perseus.tufts.edu/iiif/3/1990.01.2229/full/^800,/0/default.jpg","https://iiif.perseus.tufts.edu/iiif/3/1990.01.2229/full/^450,/0/default.jpg","Photograph by Maria Daniels, courtesy of Harvard University Art Museums","Tondo: maenad, from the waist down",aa_4361,https://iiif.perseus.tufts.edu/iiif/3/1990.01.2229,,,,,,,,,,,,,,,,,,,,,,,,,,,,,,,,,,,,,,,,,,,,,,,,,,,,,,,,,,,,,,,,,,,,,,,,,,,,,,,,,,,,,,,,,,,,,,,,,,
1990.01.2230,i1990012230,aa_4361,"Tondo: silen, from the waist down",image,image/jpeg,Image;StillImage,https://iiif.perseus.tufts.edu/iiif/3/1990.01.2230/full/max/0/default.jpg,"https://iiif.perseus.tufts.edu/iiif/3/1990.01.2230/full/^800,/0/default.jpg","https://iiif.perseus.tufts.edu/iiif/3/1990.01.2230/full/^450,/0/default.jpg","Photograph by Maria Daniels, courtesy of Harvard University Art Museums","Tondo: silen, from the waist down",aa_4361,https://iiif.perseus.tufts.edu/iiif/3/1990.01.2230,,,,,,,,,,,,,,,,,,,,,,,,,,,,,,,,,,,,,,,,,,,,,,,,,,,,,,,,,,,,,,,,,,,,,,,,,,,,,,,,,,,,,,,,,,,,,,,,,,
1990.01.2231,i1990012231,aa_4361,"Tondo: silen, from the knees up",image,image/jpeg,Image;StillImage,https://iiif.perseus.tufts.edu/iiif/3/1990.01.2231/full/max/0/default.jpg,"https://iiif.perseus.tufts.edu/iiif/3/1990.01.2231/full/^800,/0/default.jpg","https://iiif.perseus.tufts.edu/iiif/3/1990.01.2231/full/^450,/0/default.jpg","Photograph by Maria Daniels, courtesy of Harvard University Art Museums","Tondo: silen, from the knees up",aa_4361,https://iiif.perseus.tufts.edu/iiif/3/1990.01.2231,,,,,,,,,,,,,,,,,,,,,,,,,,,,,,,,,,,,,,,,,,,,,,,,,,,,,,,,,,,,,,,,,,,,,,,,,,,,,,,,,,,,,,,,,,,,,,,,,,
1990.01.2232,i1990012232,aa_4361,"Tondo: rock outcrop, rhyton, and tail of silen",image,image/jpeg,Image;StillImage,https://iiif.perseus.tufts.edu/iiif/3/1990.01.2232/full/max/0/default.jpg,"https://iiif.perseus.tufts.edu/iiif/3/1990.01.2232/full/^800,/0/default.jpg","https://iiif.perseus.tufts.edu/iiif/3/1990.01.2232/full/^450,/0/default.jpg","Photograph by Maria Daniels, courtesy of Harvard University Art Museums","Tondo: rock outcrop, rhyton, and tail of silen",aa_4361,https://iiif.perseus.tufts.edu/iiif/3/1990.01.2232,,,,,,,,,,,,,,,,,,,,,,,,,,,,,,,,,,,,,,,,,,,,,,,,,,,,,,,,,,,,,,,,,,,,,,,,,,,,,,,,,,,,,,,,,,,,,,,,,,
1990.01.2233,i1990012233,aa_4361,Tondo: rhyton in background,image,image/jpeg,Image;StillImage,https://iiif.perseus.tufts.edu/iiif/3/1990.01.2233/full/max/0/default.jpg,"https://iiif.perseus.tufts.edu/iiif/3/1990.01.2233/full/^800,/0/default.jpg","https://iiif.perseus.tufts.edu/iiif/3/1990.01.2233/full/^450,/0/default.jpg","Photograph by Maria Daniels, courtesy of Harvard University Art Museums",Tondo: rhyton in background,aa_4361,https://iiif.perseus.tufts.edu/iiif/3/1990.01.2233,,,,,,,,,,,,,,,,,,,,,,,,,,,,,,,,,,,,,,,,,,,,,,,,,,,,,,,,,,,,,,,,,,,,,,,,,,,,,,,,,,,,,,,,,,,,,,,,,,
1990.01.2234,i1990012234,aa_4361,"Tondo: silen, right hand clutching wrist of maenad",image,image/jpeg,Image;StillImage,https://iiif.perseus.tufts.edu/iiif/3/1990.01.2234/full/max/0/default.jpg,"https://iiif.perseus.tufts.edu/iiif/3/1990.01.2234/full/^800,/0/default.jpg","https://iiif.perseus.tufts.edu/iiif/3/1990.01.2234/full/^450,/0/default.jpg","Photograph by Maria Daniels, courtesy of Harvard University Art Museums","Tondo: silen, right hand clutching wrist of maenad",aa_4361,https://iiif.perseus.tufts.edu/iiif/3/1990.01.2234,,,,,,,,,,,,,,,,,,,,,,,,,,,,,,,,,,,,,,,,,,,,,,,,,,,,,,,,,,,,,,,,,,,,,,,,,,,,,,,,,,,,,,,,,,,,,,,,,,
1990.01.2235,i1990012235,aa_4361,"Tondo: silen, from the waist up",image,image/jpeg,Image;StillImage,https://iiif.perseus.tufts.edu/iiif/3/1990.01.2235/full/max/0/default.jpg,"https://iiif.perseus.tufts.edu/iiif/3/1990.01.2235/full/^800,/0/default.jpg","https://iiif.perseus.tufts.edu/iiif/3/1990.01.2235/full/^450,/0/default.jpg","Photograph by Maria Daniels, courtesy of Harvard University Art Museums","Tondo: silen, from the waist up",aa_4361,https://iiif.perseus.tufts.edu/iiif/3/1990.01.2235,,,,,,,,,,,,,,,,,,,,,,,,,,,,,,,,,,,,,,,,,,,,,,,,,,,,,,,,,,,,,,,,,,,,,,,,,,,,,,,,,,,,,,,,,,,,,,,,,,
1990.01.2236,i1990012236,aa_4361,"Tondo: maenad, head",image,image/jpeg,Image;StillImage,https://iiif.perseus.tufts.edu/iiif/3/1990.01.2236/full/max/0/default.jpg,"https://iiif.perseus.tufts.edu/iiif/3/1990.01.2236/full/^800,/0/default.jpg","https://iiif.perseus.tufts.edu/iiif/3/1990.01.2236/full/^450,/0/default.jpg","Photograph by Maria Daniels, courtesy of Harvard University Art Museums","Tondo: maenad, head",aa_4361,https://iiif.perseus.tufts.edu/iiif/3/1990.01.2236,,,,,,,,,,,,,,,,,,,,,,,,,,,,,,,,,,,,,,,,,,,,,,,,,,,,,,,,,,,,,,,,,,,,,,,,,,,,,,,,,,,,,,,,,,,,,,,,,,
1990.01.2237,i1990012237,aa_4361,"Tondo: maenad, thyrsos in left hand",image,image/jpeg,Image;StillImage,https://iiif.perseus.tufts.edu/iiif/3/1990.01.2237/full/max/0/default.jpg,"https://iiif.perseus.tufts.edu/iiif/3/1990.01.2237/full/^800,/0/default.jpg","https://iiif.perseus.tufts.edu/iiif/3/1990.01.2237/full/^450,/0/default.jpg","Photograph by Maria Daniels, courtesy of Harvard University Art Museums","Tondo: maenad, thyrsos in left hand",aa_4361,https://iiif.perseus.tufts.edu/iiif/3/1990.01.2237,,,,,,,,,,,,,,,,,,,,,,,,,,,,,,,,,,,,,,,,,,,,,,,,,,,,,,,,,,,,,,,,,,,,,,,,,,,,,,,,,,,,,,,,,,,,,,,,,,
1990.01.2238,i1990012238,aa_4361,Side B: silen at left holding rhyton,image,image/jpeg,Image;StillImage,https://iiif.perseus.tufts.edu/iiif/3/1990.01.2238/full/max/0/default.jpg,"https://iiif.perseus.tufts.edu/iiif/3/1990.01.2238/full/^800,/0/default.jpg","https://iiif.perseus.tufts.edu/iiif/3/1990.01.2238/full/^450,/0/default.jpg","Photograph by Maria Daniels, courtesy of Harvard University Art Museums",Side B: silen at left holding rhyton,aa_4361,https://iiif.perseus.tufts.edu/iiif/3/1990.01.2238,,,,,,,,,,,,,,,,,,,,,,,,,,,,,,,,,,,,,,,,,,,,,,,,,,,,,,,,,,,,,,,,,,,,,,,,,,,,,,,,,,,,,,,,,,,,,,,,,,
1990.01.2239,i1990012239,aa_4361,"Side B: silen at left holding rhyton, from the knees up",image,image/jpeg,Image;StillImage,https://iiif.perseus.tufts.edu/iiif/3/1990.01.2239/full/max/0/default.jpg,"https://iiif.perseus.tufts.edu/iiif/3/1990.01.2239/full/^800,/0/default.jpg","https://iiif.perseus.tufts.edu/iiif/3/1990.01.2239/full/^450,/0/default.jpg","Photograph by Maria Daniels, courtesy of Harvard University Art Museums","Side B: silen at left holding rhyton, from the knees up",aa_4361,https://iiif.perseus.tufts.edu/iiif/3/1990.01.2239,,,,,,,,,,,,,,,,,,,,,,,,,,,,,,,,,,,,,,,,,,,,,,,,,,,,,,,,,,,,,,,,,,,,,,,,,,,,,,,,,,,,,,,,,,,,,,,,,,
1990.01.2240,i1990012240,aa_4361,"Side B: silen at left holding rhyton, from the waist up",image,image/jpeg,Image;StillImage,https://iiif.perseus.tufts.edu/iiif/3/1990.01.2240/full/max/0/default.jpg,"https://iiif.perseus.tufts.edu/iiif/3/1990.01.2240/full/^800,/0/default.jpg","https://iiif.perseus.tufts.edu/iiif/3/1990.01.2240/full/^450,/0/default.jpg","Photograph by Maria Daniels, courtesy of Harvard University Art Museums","Side B: silen at left holding rhyton, from the waist up",aa_4361,https://iiif.perseus.tufts.edu/iiif/3/1990.01.2240,,,,,,,,,,,,,,,,,,,,,,,,,,,,,,,,,,,,,,,,,,,,,,,,,,,,,,,,,,,,,,,,,,,,,,,,,,,,,,,,,,,,,,,,,,,,,,,,,,
1990.01.2241,i1990012241,aa_4361,"Side B: maenad at left, head",image,image/jpeg,Image;StillImage,https://iiif.perseus.tufts.edu/iiif/3/1990.01.2241/full/max/0/default.jpg,"https://iiif.perseus.tufts.edu/iiif/3/1990.01.2241/full/^800,/0/default.jpg","https://iiif.perseus.tufts.edu/iiif/3/1990.01.2241/full/^450,/0/default.jpg","Photograph by Maria Daniels, courtesy of Harvard University Art Museums","Side B: maenad at left, head",aa_4361,https://iiif.perseus.tufts.edu/iiif/3/1990.01.2241,,,,,,,,,,,,,,,,,,,,,,,,,,,,,,,,,,,,,,,,,,,,,,,,,,,,,,,,,,,,,,,,,,,,,,,,,,,,,,,,,,,,,,,,,,,,,,,,,,
1990.01.2242,i1990012242,aa_4361,"Side B: maenad at left, from the waist up",image,image/jpeg,Image;StillImage,https://iiif.perseus.tufts.edu/iiif/3/1990.01.2242/full/max/0/default.jpg,"https://iiif.perseus.tufts.edu/iiif/3/1990.01.2242/full/^800,/0/default.jpg","https://iiif.perseus.tufts.edu/iiif/3/1990.01.2242/full/^450,/0/default.jpg","Photograph by Maria Daniels, courtesy of Harvard University Art Museums","Side B: maenad at left, from the waist up",aa_4361,https://iiif.perseus.tufts.edu/iiif/3/1990.01.2242,,,,,,,,,,,,,,,,,,,,,,,,,,,,,,,,,,,,,,,,,,,,,,,,,,,,,,,,,,,,,,,,,,,,,,,,,,,,,,,,,,,,,,,,,,,,,,,,,,
1990.01.2243,i1990012243,aa_4361,"Side B: maenad at left, from the chest down",image,image/jpeg,Image;StillImage,https://iiif.perseus.tufts.edu/iiif/3/1990.01.2243/full/max/0/default.jpg,"https://iiif.perseus.tufts.edu/iiif/3/1990.01.2243/full/^800,/0/default.jpg","https://iiif.perseus.tufts.edu/iiif/3/1990.01.2243/full/^450,/0/default.jpg","Photograph by Maria Daniels, courtesy of Harvard University Art Museums","Side B: maenad at left, from the chest down",aa_4361,https://iiif.perseus.tufts.edu/iiif/3/1990.01.2243,,,,,,,,,,,,,,,,,,,,,,,,,,,,,,,,,,,,,,,,,,,,,,,,,,,,,,,,,,,,,,,,,,,,,,,,,,,,,,,,,,,,,,,,,,,,,,,,,,
1990.01.2244,i1990012244,aa_4361,Side B: maenad at left,image,image/jpeg,Image;StillImage,https://iiif.perseus.tufts.edu/iiif/3/1990.01.2244/full/max/0/default.jpg,"https://iiif.perseus.tufts.edu/iiif/3/1990.01.2244/full/^800,/0/default.jpg","https://iiif.perseus.tufts.edu/iiif/3/1990.01.2244/full/^450,/0/default.jpg","Photograph by Maria Daniels, courtesy of Harvard University Art Museums",Side B: maenad at left,aa_4361,https://iiif.perseus.tufts.edu/iiif/3/1990.01.2244,,,,,,,,,,,,,,,,,,,,,,,,,,,,,,,,,,,,,,,,,,,,,,,,,,,,,,,,,,,,,,,,,,,,,,,,,,,,,,,,,,,,,,,,,,,,,,,,,,
1990.01.2245,i1990012245,aa_4361,Side B: silen at center,image,image/jpeg,Image;StillImage,https://iiif.perseus.tufts.edu/iiif/3/1990.01.2245/full/max/0/default.jpg,"https://iiif.perseus.tufts.edu/iiif/3/1990.01.2245/full/^800,/0/default.jpg","https://iiif.perseus.tufts.edu/iiif/3/1990.01.2245/full/^450,/0/default.jpg","Photograph by Maria Daniels, courtesy of Harvard University Art Museums",Side B: silen at center,aa_4361,https://iiif.perseus.tufts.edu/iiif/3/1990.01.2245,,,,,,,,,,,,,,,,,,,,,,,,,,,,,,,,,,,,,,,,,,,,,,,,,,,,,,,,,,,,,,,,,,,,,,,,,,,,,,,,,,,,,,,,,,,,,,,,,,
1990.01.2246,i1990012246,aa_4361,"Side B: silen at center, from the chest down",image,image/jpeg,Image;StillImage,https://iiif.perseus.tufts.edu/iiif/3/1990.01.2246/full/max/0/default.jpg,"https://iiif.perseus.tufts.edu/iiif/3/1990.01.2246/full/^800,/0/default.jpg","https://iiif.perseus.tufts.edu/iiif/3/1990.01.2246/full/^450,/0/default.jpg","Photograph by Maria Daniels, courtesy of Harvard University Art Museums","Side B: silen at center, from the chest down",aa_4361,https://iiif.perseus.tufts.edu/iiif/3/1990.01.2246,,,,,,,,,,,,,,,,,,,,,,,,,,,,,,,,,,,,,,,,,,,,,,,,,,,,,,,,,,,,,,,,,,,,,,,,,,,,,,,,,,,,,,,,,,,,,,,,,,
1990.01.2247,i1990012247,aa_4361,"Side B: silen at center, from the knees up",image,image/jpeg,Image;StillImage,https://iiif.perseus.tufts.edu/iiif/3/1990.01.2247/full/max/0/default.jpg,"https://iiif.perseus.tufts.edu/iiif/3/1990.01.2247/full/^800,/0/default.jpg","https://iiif.perseus.tufts.edu/iiif/3/1990.01.2247/full/^450,/0/default.jpg","Photograph by Maria Daniels, courtesy of Harvard University Art Museums","Side B: silen at center, from the knees up",aa_4361,https://iiif.perseus.tufts.edu/iiif/3/1990.01.2247,,,,,,,,,,,,,,,,,,,,,,,,,,,,,,,,,,,,,,,,,,,,,,,,,,,,,,,,,,,,,,,,,,,,,,,,,,,,,,,,,,,,,,,,,,,,,,,,,,
1990.01.2248,i1990012248,aa_4361,"Side B: silen at center, from the waist up",image,image/jpeg,Image;StillImage,https://iiif.perseus.tufts.edu/iiif/3/1990.01.2248/full/max/0/default.jpg,"https://iiif.perseus.tufts.edu/iiif/3/1990.01.2248/full/^800,/0/default.jpg","https://iiif.perseus.tufts.edu/iiif/3/1990.01.2248/full/^450,/0/default.jpg","Photograph by Maria Daniels, courtesy of Harvard University Art Museums","Side B: silen at center, from the waist up",aa_4361,https://iiif.perseus.tufts.edu/iiif/3/1990.01.2248,,,,,,,,,,,,,,,,,,,,,,,,,,,,,,,,,,,,,,,,,,,,,,,,,,,,,,,,,,,,,,,,,,,,,,,,,,,,,,,,,,,,,,,,,,,,,,,,,,
1990.01.2249,i1990012249,aa_4361,"Side B: maenad at left, thyrsos, and fist of silen at center",image,image/jpeg,Image;StillImage,https://iiif.perseus.tufts.edu/iiif/3/1990.01.2249/full/max/0/default.jpg,"https://iiif.perseus.tufts.edu/iiif/3/1990.01.2249/full/^800,/0/default.jpg","https://iiif.perseus.tufts.edu/iiif/3/1990.01.2249/full/^450,/0/default.jpg","Photograph by Maria Daniels, courtesy of Harvard University Art Museums","Side B: maenad at left, thyrsos, and fist of silen at center",aa_4361,https://iiif.perseus.tufts.edu/iiif/3/1990.01.2249,,,,,,,,,,,,,,,,,,,,,,,,,,,,,,,,,,,,,,,,,,,,,,,,,,,,,,,,,,,,,,,,,,,,,,,,,,,,,,,,,,,,,,,,,,,,,,,,,,
1990.01.2250,i1990012250,aa_4361,"Side B: maenad at center, head",image,image/jpeg,Image;StillImage,https://iiif.perseus.tufts.edu/iiif/3/1990.01.2250/full/max/0/default.jpg,"https://iiif.perseus.tufts.edu/iiif/3/1990.01.2250/full/^800,/0/default.jpg","https://iiif.perseus.tufts.edu/iiif/3/1990.01.2250/full/^450,/0/default.jpg","Photograph by Maria Daniels, courtesy of Harvard University Art Museums","Side B: maenad at center, head",aa_4361,https://iiif.perseus.tufts.edu/iiif/3/1990.01.2250,,,,,,,,,,,,,,,,,,,,,,,,,,,,,,,,,,,,,,,,,,,,,,,,,,,,,,,,,,,,,,,,,,,,,,,,,,,,,,,,,,,,,,,,,,,,,,,,,,
1990.01.2251,i1990012251,aa_4361,"Side B: maenad at center, from the knees up",image,image/jpeg,Image;StillImage,https://iiif.perseus.tufts.edu/iiif/3/1990.01.2251/full/max/0/default.jpg,"https://iiif.perseus.tufts.edu/iiif/3/1990.01.2251/full/^800,/0/default.jpg","https://iiif.perseus.tufts.edu/iiif/3/1990.01.2251/full/^450,/0/default.jpg","Photograph by Maria Daniels, courtesy of Harvard University Art Museums","Side B: maenad at center, from the knees up",aa_4361,https://iiif.perseus.tufts.edu/iiif/3/1990.01.2251,,,,,,,,,,,,,,,,,,,,,,,,,,,,,,,,,,,,,,,,,,,,,,,,,,,,,,,,,,,,,,,,,,,,,,,,,,,,,,,,,,,,,,,,,,,,,,,,,,
1990.01.2252,i1990012252,aa_4361,"Side B: maenad at center, from the waist up",image,image/jpeg,Image;StillImage,https://iiif.perseus.tufts.edu/iiif/3/1990.01.2252/full/max/0/default.jpg,"https://iiif.perseus.tufts.edu/iiif/3/1990.01.2252/full/^800,/0/default.jpg","https://iiif.perseus.tufts.edu/iiif/3/1990.01.2252/full/^450,/0/default.jpg","Photograph by Maria Daniels, courtesy of Harvard University Art Museums","Side B: maenad at center, from the waist up",aa_4361,https://iiif.perseus.tufts.edu/iiif/3/1990.01.2252,,,,,,,,,,,,,,,,,,,,,,,,,,,,,,,,,,,,,,,,,,,,,,,,,,,,,,,,,,,,,,,,,,,,,,,,,,,,,,,,,,,,,,,,,,,,,,,,,,
1990.01.2253,i1990012253,aa_4361,"Side B: maenad at center, from the chest down",image,image/jpeg,Image;StillImage,https://iiif.perseus.tufts.edu/iiif/3/1990.01.2253/full/max/0/default.jpg,"https://iiif.perseus.tufts.edu/iiif/3/1990.01.2253/full/^800,/0/default.jpg","https://iiif.perseus.tufts.edu/iiif/3/1990.01.2253/full/^450,/0/default.jpg","Photograph by Maria Daniels, courtesy of Harvard University Art Museums","Side B: maenad at center, from the chest down",aa_4361,https://iiif.perseus.tufts.edu/iiif/3/1990.01.2253,,,,,,,,,,,,,,,,,,,,,,,,,,,,,,,,,,,,,,,,,,,,,,,,,,,,,,,,,,,,,,,,,,,,,,,,,,,,,,,,,,,,,,,,,,,,,,,,,,
1990.01.2254,i1990012254,aa_4361,Side B: maenad at center,image,image/jpeg,Image;StillImage,https://iiif.perseus.tufts.edu/iiif/3/1990.01.2254/full/max/0/default.jpg,"https://iiif.perseus.tufts.edu/iiif/3/1990.01.2254/full/^800,/0/default.jpg","https://iiif.perseus.tufts.edu/iiif/3/1990.01.2254/full/^450,/0/default.jpg","Photograph by Maria Daniels, courtesy of Harvard University Art Museums",Side B: maenad at center,aa_4361,https://iiif.perseus.tufts.edu/iiif/3/1990.01.2254,,,,,,,,,,,,,,,,,,,,,,,,,,,,,,,,,,,,,,,,,,,,,,,,,,,,,,,,,,,,,,,,,,,,,,,,,,,,,,,,,,,,,,,,,,,,,,,,,,
1990.01.2255,i1990012255,aa_4361,"Side B: maenad at center, left arm holding thyrsos, and draped fist of maenad at right",image,image/jpeg,Image;StillImage,https://iiif.perseus.tufts.edu/iiif/3/1990.01.2255/full/max/0/default.jpg,"https://iiif.perseus.tufts.edu/iiif/3/1990.01.2255/full/^800,/0/default.jpg","https://iiif.perseus.tufts.edu/iiif/3/1990.01.2255/full/^450,/0/default.jpg","Photograph by Maria Daniels, courtesy of Harvard University Art Museums","Side B: maenad at center, left arm holding thyrsos, and draped fist of maenad at right",aa_4361,https://iiif.perseus.tufts.edu/iiif/3/1990.01.2255,,,,,,,,,,,,,,,,,,,,,,,,,,,,,,,,,,,,,,,,,,,,,,,,,,,,,,,,,,,,,,,,,,,,,,,,,,,,,,,,,,,,,,,,,,,,,,,,,,
1990.01.2256,i1990012256,aa_4361,"Side B: maenad at right, from the knees up",image,image/jpeg,Image;StillImage,https://iiif.perseus.tufts.edu/iiif/3/1990.01.2256/full/max/0/default.jpg,"https://iiif.perseus.tufts.edu/iiif/3/1990.01.2256/full/^800,/0/default.jpg","https://iiif.perseus.tufts.edu/iiif/3/1990.01.2256/full/^450,/0/default.jpg","Photograph by Maria Daniels, courtesy of Harvard University Art Museums","Side B: maenad at right, from the knees up",aa_4361,https://iiif.perseus.tufts.edu/iiif/3/1990.01.2256,,,,,,,,,,,,,,,,,,,,,,,,,,,,,,,,,,,,,,,,,,,,,,,,,,,,,,,,,,,,,,,,,,,,,,,,,,,,,,,,,,,,,,,,,,,,,,,,,,
1990.01.2257,i1990012257,aa_4361,Side B: maenad at right,image,image/jpeg,Image;StillImage,https://iiif.perseus.tufts.edu/iiif/3/1990.01.2257/full/max/0/default.jpg,"https://iiif.perseus.tufts.edu/iiif/3/1990.01.2257/full/^800,/0/default.jpg","https://iiif.perseus.tufts.edu/iiif/3/1990.01.2257/full/^450,/0/default.jpg","Photograph by Maria Daniels, courtesy of Harvard University Art Museums",Side B: maenad at right,aa_4361,https://iiif.perseus.tufts.edu/iiif/3/1990.01.2257,,,,,,,,,,,,,,,,,,,,,,,,,,,,,,,,,,,,,,,,,,,,,,,,,,,,,,,,,,,,,,,,,,,,,,,,,,,,,,,,,,,,,,,,,,,,,,,,,,
1990.01.2258,i1990012258,aa_4361,"Side B: maenad at right, from the chest down",image,image/jpeg,Image;StillImage,https://iiif.perseus.tufts.edu/iiif/3/1990.01.2258/full/max/0/default.jpg,"https://iiif.perseus.tufts.edu/iiif/3/1990.01.2258/full/^800,/0/default.jpg","https://iiif.perseus.tufts.edu/iiif/3/1990.01.2258/full/^450,/0/default.jpg","Photograph by Maria Daniels, courtesy of Harvard University Art Museums","Side B: maenad at right, from the chest down",aa_4361,https://iiif.perseus.tufts.edu/iiif/3/1990.01.2258,,,,,,,,,,,,,,,,,,,,,,,,,,,,,,,,,,,,,,,,,,,,,,,,,,,,,,,,,,,,,,,,,,,,,,,,,,,,,,,,,,,,,,,,,,,,,,,,,,
1990.01.2259,i1990012259,aa_4361,Side B: palmette at right by handle,image,image/jpeg,Image;StillImage,https://iiif.perseus.tufts.edu/iiif/3/1990.01.2259/full/max/0/default.jpg,"https://iiif.perseus.tufts.edu/iiif/3/1990.01.2259/full/^800,/0/default.jpg","https://iiif.perseus.tufts.edu/iiif/3/1990.01.2259/full/^450,/0/default.jpg","Photograph by Maria Daniels, courtesy of Harvard University Art Museums",Side B: palmette at right by handle,aa_4361,https://iiif.perseus.tufts.edu/iiif/3/1990.01.2259,,,,,,,,,,,,,,,,,,,,,,,,,,,,,,,,,,,,,,,,,,,,,,,,,,,,,,,,,,,,,,,,,,,,,,,,,,,,,,,,,,,,,,,,,,,,,,,,,,
1990.01.2260,i1990012260,aa_4361,"Side A: maenad at left, from the waist up",image,image/jpeg,Image;StillImage,https://iiif.perseus.tufts.edu/iiif/3/1990.01.2260/full/max/0/default.jpg,"https://iiif.perseus.tufts.edu/iiif/3/1990.01.2260/full/^800,/0/default.jpg","https://iiif.perseus.tufts.edu/iiif/3/1990.01.2260/full/^450,/0/default.jpg","Photograph by Maria Daniels, courtesy of Harvard University Art Museums","Side A: maenad at left, from the waist up",aa_4361,https://iiif.perseus.tufts.edu/iiif/3/1990.01.2260,,,,,,,,,,,,,,,,,,,,,,,,,,,,,,,,,,,,,,,,,,,,,,,,,,,,,,,,,,,,,,,,,,,,,,,,,,,,,,,,,,,,,,,,,,,,,,,,,,
1990.01.2261,i1990012261,aa_4361,"Side A: maenad at left, from the knees up",image,image/jpeg,Image;StillImage,https://iiif.perseus.tufts.edu/iiif/3/1990.01.2261/full/max/0/default.jpg,"https://iiif.perseus.tufts.edu/iiif/3/1990.01.2261/full/^800,/0/default.jpg","https://iiif.perseus.tufts.edu/iiif/3/1990.01.2261/full/^450,/0/default.jpg","Photograph by Maria Daniels, courtesy of Harvard University Art Museums","Side A: maenad at left, from the knees up",aa_4361,https://iiif.perseus.tufts.edu/iiif/3/1990.01.2261,,,,,,,,,,,,,,,,,,,,,,,,,,,,,,,,,,,,,,,,,,,,,,,,,,,,,,,,,,,,,,,,,,,,,,,,,,,,,,,,,,,,,,,,,,,,,,,,,,
1990.01.2262,i1990012262,aa_4361,"Side A: maenad at left, from the chest down",image,image/jpeg,Image;StillImage,https://iiif.perseus.tufts.edu/iiif/3/1990.01.2262/full/max/0/default.jpg,"https://iiif.perseus.tufts.edu/iiif/3/1990.01.2262/full/^800,/0/default.jpg","https://iiif.perseus.tufts.edu/iiif/3/1990.01.2262/full/^450,/0/default.jpg","Photograph by Maria Daniels, courtesy of Harvard University Art Museums","Side A: maenad at left, from the chest down",aa_4361,https://iiif.perseus.tufts.edu/iiif/3/1990.01.2262,,,,,,,,,,,,,,,,,,,,,,,,,,,,,,,,,,,,,,,,,,,,,,,,,,,,,,,,,,,,,,,,,,,,,,,,,,,,,,,,,,,,,,,,,,,,,,,,,,
1990.01.2263,i1990012263,aa_4361,Side A: maenad at left,image,image/jpeg,Image;StillImage,https://iiif.perseus.tufts.edu/iiif/3/1990.01.2263/full/max/0/default.jpg,"https://iiif.perseus.tufts.edu/iiif/3/1990.01.2263/full/^800,/0/default.jpg","https://iiif.perseus.tufts.edu/iiif/3/1990.01.2263/full/^450,/0/default.jpg","Photograph by Maria Daniels, courtesy of Harvard University Art Museums",Side A: maenad at left,aa_4361,https://iiif.perseus.tufts.edu/iiif/3/1990.01.2263,,,,,,,,,,,,,,,,,,,,,,,,,,,,,,,,,,,,,,,,,,,,,,,,,,,,,,,,,,,,,,,,,,,,,,,,,,,,,,,,,,,,,,,,,,,,,,,,,,
1990.01.2264,i1990012264,aa_4361,Side A: silen at left,image,image/jpeg,Image;StillImage,https://iiif.perseus.tufts.edu/iiif/3/1990.01.2264/full/max/0/default.jpg,"https://iiif.perseus.tufts.edu/iiif/3/1990.01.2264/full/^800,/0/default.jpg","https://iiif.perseus.tufts.edu/iiif/3/1990.01.2264/full/^450,/0/default.jpg","Photograph by Maria Daniels, courtesy of Harvard University Art Museums",Side A: silen at left,aa_4361,https://iiif.perseus.tufts.edu/iiif/3/1990.01.2264,,,,,,,,,,,,,,,,,,,,,,,,,,,,,,,,,,,,,,,,,,,,,,,,,,,,,,,,,,,,,,,,,,,,,,,,,,,,,,,,,,,,,,,,,,,,,,,,,,
1990.01.2265,i1990012265,aa_4361,"Side A: silen at left, from the knees up",image,image/jpeg,Image;StillImage,https://iiif.perseus.tufts.edu/iiif/3/1990.01.2265/full/max/0/default.jpg,"https://iiif.perseus.tufts.edu/iiif/3/1990.01.2265/full/^800,/0/default.jpg","https://iiif.perseus.tufts.edu/iiif/3/1990.01.2265/full/^450,/0/default.jpg","Photograph by Maria Daniels, courtesy of Harvard University Art Museums","Side A: silen at left, from the knees up",aa_4361,https://iiif.perseus.tufts.edu/iiif/3/1990.01.2265,,,,,,,,,,,,,,,,,,,,,,,,,,,,,,,,,,,,,,,,,,,,,,,,,,,,,,,,,,,,,,,,,,,,,,,,,,,,,,,,,,,,,,,,,,,,,,,,,,
1990.01.2266,i1990012266,aa_4361,"Side A: silen at left, from the chest down",image,image/jpeg,Image;StillImage,https://iiif.perseus.tufts.edu/iiif/3/1990.01.2266/full/max/0/default.jpg,"https://iiif.perseus.tufts.edu/iiif/3/1990.01.2266/full/^800,/0/default.jpg","https://iiif.perseus.tufts.edu/iiif/3/1990.01.2266/full/^450,/0/default.jpg","Photograph by Maria Daniels, courtesy of Harvard University Art Museums","Side A: silen at left, from the chest down",aa_4361,https://iiif.perseus.tufts.edu/iiif/3/1990.01.2266,,,,,,,,,,,,,,,,,,,,,,,,,,,,,,,,,,,,,,,,,,,,,,,,,,,,,,,,,,,,,,,,,,,,,,,,,,,,,,,,,,,,,,,,,,,,,,,,,,
1990.01.2267,i1990012267,aa_4361,"Side A: silen at left, from the waist up",image,image/jpeg,Image;StillImage,https://iiif.perseus.tufts.edu/iiif/3/1990.01.2267/full/max/0/default.jpg,"https://iiif.perseus.tufts.edu/iiif/3/1990.01.2267/full/^800,/0/default.jpg","https://iiif.perseus.tufts.edu/iiif/3/1990.01.2267/full/^450,/0/default.jpg","Photograph by Maria Daniels, courtesy of Harvard University Art Museums","Side A: silen at left, from the waist up",aa_4361,https://iiif.perseus.tufts.edu/iiif/3/1990.01.2267,,,,,,,,,,,,,,,,,,,,,,,,,,,,,,,,,,,,,,,,,,,,,,,,,,,,,,,,,,,,,,,,,,,,,,,,,,,,,,,,,,,,,,,,,,,,,,,,,,
1990.01.2268,i1990012268,aa_4361,"Side A: Dionysos, from the waist up",image,image/jpeg,Image;StillImage,https://iiif.perseus.tufts.edu/iiif/3/1990.01.2268/full/max/0/default.jpg,"https://iiif.perseus.tufts.edu/iiif/3/1990.01.2268/full/^800,/0/default.jpg","https://iiif.perseus.tufts.edu/iiif/3/1990.01.2268/full/^450,/0/default.jpg","Photograph by Maria Daniels, courtesy of Harvard University Art Museums","Side A: Dionysos, from the waist up",aa_4361,https://iiif.perseus.tufts.edu/iiif/3/1990.01.2268,,,,,,,,,,,,,,,,,,,,,,,,,,,,,,,,,,,,,,,,,,,,,,,,,,,,,,,,,,,,,,,,,,,,,,,,,,,,,,,,,,,,,,,,,,,,,,,,,,
1990.01.2269,i1990012269,aa_4361,"Side A: Dionysos, from the knees up",image,image/jpeg,Image;StillImage,https://iiif.perseus.tufts.edu/iiif/3/1990.01.2269/full/max/0/default.jpg,"https://iiif.perseus.tufts.edu/iiif/3/1990.01.2269/full/^800,/0/default.jpg","https://iiif.perseus.tufts.edu/iiif/3/1990.01.2269/full/^450,/0/default.jpg","Photograph by Maria Daniels, courtesy of Harvard University Art Museums","Side A: Dionysos, from the knees up",aa_4361,https://iiif.perseus.tufts.edu/iiif/3/1990.01.2269,,,,,,,,,,,,,,,,,,,,,,,,,,,,,,,,,,,,,,,,,,,,,,,,,,,,,,,,,,,,,,,,,,,,,,,,,,,,,,,,,,,,,,,,,,,,,,,,,,
1990.01.2270,i1990012270,aa_4361,Side A: Dionysos,image,image/jpeg,Image;StillImage,https://iiif.perseus.tufts.edu/iiif/3/1990.01.2270/full/max/0/default.jpg,"https://iiif.perseus.tufts.edu/iiif/3/1990.01.2270/full/^800,/0/default.jpg","https://iiif.perseus.tufts.edu/iiif/3/1990.01.2270/full/^450,/0/default.jpg","Photograph by Maria Daniels, courtesy of Harvard University Art Museums",Side A: Dionysos,aa_4361,https://iiif.perseus.tufts.edu/iiif/3/1990.01.2270,,,,,,,,,,,,,,,,,,,,,,,,,,,,,,,,,,,,,,,,,,,,,,,,,,,,,,,,,,,,,,,,,,,,,,,,,,,,,,,,,,,,,,,,,,,,,,,,,,
1990.01.2271,i1990012271,aa_4361,"Side A: Dionysos, from the chest down",image,image/jpeg,Image;StillImage,https://iiif.perseus.tufts.edu/iiif/3/1990.01.2271/full/max/0/default.jpg,"https://iiif.perseus.tufts.edu/iiif/3/1990.01.2271/full/^800,/0/default.jpg","https://iiif.perseus.tufts.edu/iiif/3/1990.01.2271/full/^450,/0/default.jpg","Photograph by Maria Daniels, courtesy of Harvard University Art Museums","Side A: Dionysos, from the chest down",aa_4361,https://iiif.perseus.tufts.edu/iiif/3/1990.01.2271,,,,,,,,,,,,,,,,,,,,,,,,,,,,,,,,,,,,,,,,,,,,,,,,,,,,,,,,,,,,,,,,,,,,,,,,,,,,,,,,,,,,,,,,,,,,,,,,,,
1990.01.2273,i1990012273,aa_4361,"Side A: silen at right, from the chest down",image,image/jpeg,Image;StillImage,https://iiif.perseus.tufts.edu/iiif/3/1990.01.2273/full/max/0/default.jpg,"https://iiif.perseus.tufts.edu/iiif/3/1990.01.2273/full/^800,/0/default.jpg","https://iiif.perseus.tufts.edu/iiif/3/1990.01.2273/full/^450,/0/default.jpg","Photograph by Maria Daniels, courtesy of Harvard University Art Museums","Side A: silen at right, from the chest down",aa_4361,https://iiif.perseus.tufts.edu/iiif/3/1990.01.2273,,,,,,,,,,,,,,,,,,,,,,,,,,,,,,,,,,,,,,,,,,,,,,,,,,,,,,,,,,,,,,,,,,,,,,,,,,,,,,,,,,,,,,,,,,,,,,,,,,
1990.01.2274,i1990012274,aa_4361,"Side A: silen at right, from the knees up",image,image/jpeg,Image;StillImage,https://iiif.perseus.tufts.edu/iiif/3/1990.01.2274/full/max/0/default.jpg,"https://iiif.perseus.tufts.edu/iiif/3/1990.01.2274/full/^800,/0/default.jpg","https://iiif.perseus.tufts.edu/iiif/3/1990.01.2274/full/^450,/0/default.jpg","Photograph by Maria Daniels, courtesy of Harvard University Art Museums","Side A: silen at right, from the knees up",aa_4361,https://iiif.perseus.tufts.edu/iiif/3/1990.01.2274,,,,,,,,,,,,,,,,,,,,,,,,,,,,,,,,,,,,,,,,,,,,,,,,,,,,,,,,,,,,,,,,,,,,,,,,,,,,,,,,,,,,,,,,,,,,,,,,,,
1990.01.2275,i1990012275,aa_4361,Side A: silen at right,image,image/jpeg,Image;StillImage,https://iiif.perseus.tufts.edu/iiif/3/1990.01.2275/full/max/0/default.jpg,"https://iiif.perseus.tufts.edu/iiif/3/1990.01.2275/full/^800,/0/default.jpg","https://iiif.perseus.tufts.edu/iiif/3/1990.01.2275/full/^450,/0/default.jpg","Photograph by Maria Daniels, courtesy of Harvard University Art Museums",Side A: silen at right,aa_4361,https://iiif.perseus.tufts.edu/iiif/3/1990.01.2275,,,,,,,,,,,,,,,,,,,,,,,,,,,,,,,,,,,,,,,,,,,,,,,,,,,,,,,,,,,,,,,,,,,,,,,,,,,,,,,,,,,,,,,,,,,,,,,,,,
1990.01.2276,i1990012276,aa_4361,"Side A: silen at right, midsection",image,image/jpeg,Image;StillImage,https://iiif.perseus.tufts.edu/iiif/3/1990.01.2276/full/max/0/default.jpg,"https://iiif.perseus.tufts.edu/iiif/3/1990.01.2276/full/^800,/0/default.jpg","https://iiif.perseus.tufts.edu/iiif/3/1990.01.2276/full/^450,/0/default.jpg","Photograph by Maria Daniels, courtesy of Harvard University Art Museums","Side A: silen at right, midsection",aa_4361,https://iiif.perseus.tufts.edu/iiif/3/1990.01.2276,,,,,,,,,,,,,,,,,,,,,,,,,,,,,,,,,,,,,,,,,,,,,,,,,,,,,,,,,,,,,,,,,,,,,,,,,,,,,,,,,,,,,,,,,,,,,,,,,,
1990.01.2277,i1990012277,aa_4361,"Side A: silen at right, from the waist up",image,image/jpeg,Image;StillImage,https://iiif.perseus.tufts.edu/iiif/3/1990.01.2277/full/max/0/default.jpg,"https://iiif.perseus.tufts.edu/iiif/3/1990.01.2277/full/^800,/0/default.jpg","https://iiif.perseus.tufts.edu/iiif/3/1990.01.2277/full/^450,/0/default.jpg","Photograph by Maria Daniels, courtesy of Harvard University Art Museums","Side A: silen at right, from the waist up",aa_4361,https://iiif.perseus.tufts.edu/iiif/3/1990.01.2277,,,,,,,,,,,,,,,,,,,,,,,,,,,,,,,,,,,,,,,,,,,,,,,,,,,,,,,,,,,,,,,,,,,,,,,,,,,,,,,,,,,,,,,,,,,,,,,,,,
1990.01.2278,i1990012278,aa_4361,"Side A: maenad at right, from the waist up",image,image/jpeg,Image;StillImage,https://iiif.perseus.tufts.edu/iiif/3/1990.01.2278/full/max/0/default.jpg,"https://iiif.perseus.tufts.edu/iiif/3/1990.01.2278/full/^800,/0/default.jpg","https://iiif.perseus.tufts.edu/iiif/3/1990.01.2278/full/^450,/0/default.jpg","Photograph by Maria Daniels, courtesy of Harvard University Art Museums","Side A: maenad at right, from the waist up",aa_4361,https://iiif.perseus.tufts.edu/iiif/3/1990.01.2278,,,,,,,,,,,,,,,,,,,,,,,,,,,,,,,,,,,,,,,,,,,,,,,,,,,,,,,,,,,,,,,,,,,,,,,,,,,,,,,,,,,,,,,,,,,,,,,,,,
1990.01.2279,i1990012279,aa_4361,"Side A: maenad at right, from the knees up",image,image/jpeg,Image;StillImage,https://iiif.perseus.tufts.edu/iiif/3/1990.01.2279/full/max/0/default.jpg,"https://iiif.perseus.tufts.edu/iiif/3/1990.01.2279/full/^800,/0/default.jpg","https://iiif.perseus.tufts.edu/iiif/3/1990.01.2279/full/^450,/0/default.jpg","Photograph by Maria Daniels, courtesy of Harvard University Art Museums","Side A: maenad at right, from the knees up",aa_4361,https://iiif.perseus.tufts.edu/iiif/3/1990.01.2279,,,,,,,,,,,,,,,,,,,,,,,,,,,,,,,,,,,,,,,,,,,,,,,,,,,,,,,,,,,,,,,,,,,,,,,,,,,,,,,,,,,,,,,,,,,,,,,,,,
1990.01.2280,i1990012280,aa_4361,"Side A: maenad at right, from the waist up",image,image/jpeg,Image;StillImage,https://iiif.perseus.tufts.edu/iiif/3/1990.01.2280/full/max/0/default.jpg,"https://iiif.perseus.tufts.edu/iiif/3/1990.01.2280/full/^800,/0/default.jpg","https://iiif.perseus.tufts.edu/iiif/3/1990.01.2280/full/^450,/0/default.jpg","Photograph by Maria Daniels, courtesy of Harvard University Art Museums","Side A: maenad at right, from the waist up",aa_4361,https://iiif.perseus.tufts.edu/iiif/3/1990.01.2280,,,,,,,,,,,,,,,,,,,,,,,,,,,,,,,,,,,,,,,,,,,,,,,,,,,,,,,,,,,,,,,,,,,,,,,,,,,,,,,,,,,,,,,,,,,,,,,,,,
1990.01.2281,i1990012281,aa_4361,Side A: maenad at right,image,image/jpeg,Image;StillImage,https://iiif.perseus.tufts.edu/iiif/3/1990.01.2281/full/max/0/default.jpg,"https://iiif.perseus.tufts.edu/iiif/3/1990.01.2281/full/^800,/0/default.jpg","https://iiif.perseus.tufts.edu/iiif/3/1990.01.2281/full/^450,/0/default.jpg","Photograph by Maria Daniels, courtesy of Harvard University Art Museums",Side A: maenad at right,aa_4361,https://iiif.perseus.tufts.edu/iiif/3/1990.01.2281,,,,,,,,,,,,,,,,,,,,,,,,,,,,,,,,,,,,,,,,,,,,,,,,,,,,,,,,,,,,,,,,,,,,,,,,,,,,,,,,,,,,,,,,,,,,,,,,,,
1990.01.2282,i1990012282,aa_4361,"Side A: maenad at right, from the chest down, and left leg of silen at right",image,image/jpeg,Image;StillImage,https://iiif.perseus.tufts.edu/iiif/3/1990.01.2282/full/max/0/default.jpg,"https://iiif.perseus.tufts.edu/iiif/3/1990.01.2282/full/^800,/0/default.jpg","https://iiif.perseus.tufts.edu/iiif/3/1990.01.2282/full/^450,/0/default.jpg","Photograph by Maria Daniels, courtesy of Harvard University Art Museums","Side A: maenad at right, from the chest down, and left leg of silen at right",aa_4361,https://iiif.perseus.tufts.edu/iiif/3/1990.01.2282,,,,,,,,,,,,,,,,,,,,,,,,,,,,,,,,,,,,,,,,,,,,,,,,,,,,,,,,,,,,,,,,,,,,,,,,,,,,,,,,,,,,,,,,,,,,,,,,,,
1990.01.2283,i1990012283,aa_4361,"Side A: maenad at right, from the neck down, and left leg of silen at right",image,image/jpeg,Image;StillImage,https://iiif.perseus.tufts.edu/iiif/3/1990.01.2283/full/max/0/default.jpg,"https://iiif.perseus.tufts.edu/iiif/3/1990.01.2283/full/^800,/0/default.jpg","https://iiif.perseus.tufts.edu/iiif/3/1990.01.2283/full/^450,/0/default.jpg","Photograph by Maria Daniels, courtesy of Harvard University Art Museums","Side A: maenad at right, from the neck down, and left leg of silen at right",aa_4361,https://iiif.perseus.tufts.edu/iiif/3/1990.01.2283,,,,,,,,,,,,,,,,,,,,,,,,,,,,,,,,,,,,,,,,,,,,,,,,,,,,,,,,,,,,,,,,,,,,,,,,,,,,,,,,,,,,,,,,,,,,,,,,,,
1990.01.2284,i1990012284,aa_4361,Palmette decoration,image,image/jpeg,Image;StillImage,https://iiif.perseus.tufts.edu/iiif/3/1990.01.2284/full/max/0/default.jpg,"https://iiif.perseus.tufts.edu/iiif/3/1990.01.2284/full/^800,/0/default.jpg","https://iiif.perseus.tufts.edu/iiif/3/1990.01.2284/full/^450,/0/default.jpg","Photograph by Maria Daniels, courtesy of Harvard University Art Museums",Palmette decoration,aa_4361,https://iiif.perseus.tufts.edu/iiif/3/1990.01.2284,,,,,,,,,,,,,,,,,,,,,,,,,,,,,,,,,,,,,,,,,,,,,,,,,,,,,,,,,,,,,,,,,,,,,,,,,,,,,,,,,,,,,,,,,,,,,,,,,,
1990.01.2285,i1990012285,aa_4361,"Tondo: silen, right leg",image,image/jpeg,Image;StillImage,https://iiif.perseus.tufts.edu/iiif/3/1990.01.2285/full/max/0/default.jpg,"https://iiif.perseus.tufts.edu/iiif/3/1990.01.2285/full/^800,/0/default.jpg","https://iiif.perseus.tufts.edu/iiif/3/1990.01.2285/full/^450,/0/default.jpg","Photograph by Maria Daniels, courtesy of Harvard University Art Museums","Tondo: silen, right leg",aa_4361,https://iiif.perseus.tufts.edu/iiif/3/1990.01.2285,,,,,,,,,,,,,,,,,,,,,,,,,,,,,,,,,,,,,,,,,,,,,,,,,,,,,,,,,,,,,,,,,,,,,,,,,,,,,,,,,,,,,,,,,,,,,,,,,,
1990.01.2286,i1990012286,aa_4361,"Tondo: silen, horse tail",image,image/jpeg,Image;StillImage,https://iiif.perseus.tufts.edu/iiif/3/1990.01.2286/full/max/0/default.jpg,"https://iiif.perseus.tufts.edu/iiif/3/1990.01.2286/full/^800,/0/default.jpg","https://iiif.perseus.tufts.edu/iiif/3/1990.01.2286/full/^450,/0/default.jpg","Photograph by Maria Daniels, courtesy of Harvard University Art Museums","Tondo: silen, horse tail",aa_4361,https://iiif.perseus.tufts.edu/iiif/3/1990.01.2286,,,,,,,,,,,,,,,,,,,,,,,,,,,,,,,,,,,,,,,,,,,,,,,,,,,,,,,,,,,,,,,,,,,,,,,,,,,,,,,,,,,,,,,,,,,,,,,,,,
1990.01.2287,i1990012287,aa_4361,Overview: scene from below,image,image/jpeg,Image;StillImage,https://iiif.perseus.tufts.edu/iiif/3/1990.01.2287/full/max/0/default.jpg,"https://iiif.perseus.tufts.edu/iiif/3/1990.01.2287/full/^800,/0/default.jpg","https://iiif.perseus.tufts.edu/iiif/3/1990.01.2287/full/^450,/0/default.jpg","Photograph by Maria Daniels, courtesy of Harvard University Art Museums",Overview: scene from below,aa_4361,https://iiif.perseus.tufts.edu/iiif/3/1990.01.2287,,,,,,,,,,,,,,,,,,,,,,,,,,,,,,,,,,,,,,,,,,,,,,,,,,,,,,,,,,,,,,,,,,,,,,,,,,,,,,,,,,,,,,,,,,,,,,,,,,
aa_4364,aa_4364,,Florence 4209,compound_object,compound_object,record,https://iiif.perseus.tufts.edu/iiif/3/1991.02.0001/full/max/0/default.jpg,"https://iiif.perseus.tufts.edu/iiif/3/1991.02.0001/full/^800,/0/default.jpg","https://iiif.perseus.tufts.edu/iiif/3/1991.02.0001/full/^450,/0/default.jpg",,,,,,,,,,,,300000,,,,"Florence, Museo Archeologico Nazionale",<P>Excavated by the painter Alessandro Franois from around a tomb at Chiusi. The vase had been broken in antiquity and scattered over a wide area; between 1844 and 1845 Franois is said to have excavated an area the size of the Coliseum looking for further fragments of the vase.</P>,,,,,Chiusi,Excavated at,,,-565.0,"<P>Volute krater elaborately decorated in six figured registers with additional scenes on handles and elsewhere. Two friezes on the neck: above, the hunt for the Calydonian Boar (A), and the dance of Theseus and the Athenian youths on their escape from Crete (B), and below, chariot race in the funeral games for Patroklos (A), and the battle between Lapiths and Centaurs (B). On the shoulder, continuous around the whole vase, the wedding of Peleus and Thetis and a procession of deities. On the lower body, Achilles chasing Troilos (A) and the return of Hephaistos to Olympus (B). Lower register: sphinxes, animal battles, and palmette decoration. On the foot, the battle between pygmies and cranes. On the handles, Ajax carrying the dead Achilles, and Artemis or the Mistress of Beasts.</P><P><hi rend=""ital"">Main frieze on shoulder:</hi> the wedding of Peleus and Thetis, and procession of gods. (See <bibl n=""Hom. Il. 18.429ff"">Hom. Il. 18.429ff</bibl>; <bibl n=""Hom. Il. 24.58ff"">Hom. Il. 24.58ff</bibl>; <bibl n=""Hes. Th. 1.233"">Hes. Th. 1.233</bibl>; <bibl n=""Pind. I. 8.25ff"">Pind. I. 8.25ff</bibl>; <bibl n=""Pind. N. 4.62ff"">Pind. N. 4.62ff</bibl>; and the very similar depiction on the dinos by Sophilos in the British Museum, <rs type=""vase"">London 1971.11-1.1</rs>). At right, the palace of Peleus, with a distyle in antis porch and double doors, one of which is ajar to show Thetis within. The strongly tapering columns have Doric capitals and plinth-like bases; the anta capitals are decorated, and above is a Doric frieze of triglyphs and metopes and a gabled roof. A small pet door is let through the right-hand door. In front of the palace, Peleus stands before an altar, welcoming the divine guests at his wedding. A kantharos stands on the altar. The procession of gods is led by Cheiron the centaur, who was Peleus' teacher and became the teacher of Peleus' and Thetis' son Achilles, and by Iris, messenger of the gods. Cheiron has a human fore-body, and wears a chiton with a decorated border. He clasps Peleus by the hand, and carries a branch over his shoulder, from which hang two hares and another animal. Stewart suggests that this is the ash from which Peleus made the famous spear which Achilles later wielded, cf. <bibl n=""Hom. Il. 16.140"">Hom. Il. 16.140</bibl>. Beside him, Iris wears a short, decorated chiton and a fawnskin around her waist, and carries a herald's staff.</P><P>Behind Iris and Cheiron come three goddesses, Chariklo, Cheiron's wife, in the middle, Demeter and Hestia. All wear long decorated peploi, and seem to share a single mantle, as often in Archaic painting. These are followed by Dionysos, in full frontal view, stumbling forward carrying an amphora on his shoulder. This is probably the golden amphora made by Hephaistos which, according to Homer, was presented by Dionysos to Thetis, and which was later used to hold the ashes of Achilles and Patroklos (<bibl n=""Hom. Il. 23.83-92"">Hom. Il. 23.83-92</bibl>; <bibl n=""Hom. Od. 24.73ff"">Hom. Od. 24.73ff</bibl>). Behind Dionysos come three Horai, wearing long peploi and sharing a mantle; the further Hora wears a peplos decorated with chariots, animals, and other figures.</P><P>Behind these deities come a series of chariots accompanied by walking figures. First of these is the chariot of Zeus and Hera. Their pole horses have topknots and hold their heads up high; the following horses hold their heads down. Zeus holds his thunderbolt, whip and reins, and wears a long white peplos and mantle. Hera, beside him, wears a figured peplos and mantle, and holds her mantle with her left hand. Their chariot is accompanied by the first group of nine Muses: here, Kalliope, full frontal and playing the Pan-pipes (syrinx), and Ourania, her hair tied in a bun, wearing a figured peplos and holding her left hand in the air.</P><P>The next two chariots are to be imagined as passing behind the handle of the vase: only the horses are visible, while the chariots are out of view as if hidden by the handle. The invisible figures are, however, labelled as Poseidon (<foreign lang=""Greek"">--]*S*E*I*P*O*N</foreign>) and Amphitrite, and Ares and Aphrodite. They are accompanied by the remaining Muses; Melpomene, Kleio, Euterpe and Thalea with Poseidon's chariot, and Stesichore (a variant of Terpsichore?), Erato and Polymnia (written <foreign lang=""Greek"">*P*O*L*U*M*N*I*S</foreign>). They wear decorated peploi and share mantles.</P><P>On the other side of the vase, the first chariots are less well preserved. The first carried Apollo and perhaps his mother Leto, accompanied by Nymphs or Charites; only the feet of the figures are preserved while the labels are all lost. Behind comes a chariot driven by Athena, carrying another goddess whose name is lost, but who is probably Artemis (by analogy to the dinos by Sophilos, <rs type=""vase"">London 1971.11-1.1</rs>). Athena holds the reins and a whip. They are accompanied by Nereus, Thetis' father, and his wife Doris. Nereus, who is said to have been aged from birth, is depicted with white hair and beard, and a wrinkled forehead; he wears a long chiton and mantle, and turns back to face Athena and Artemis, while pointing the way to the wedding with his hands. His wife Doris wears a long decorated peplos, and pulls her veil over her head while turning back towards Athena and Artemis.</P><P>The next chariot is driven by Hermes, accompanied by his mother Maia. He is bearded, and carries the caduceus, whip and reins. Maia wears a long peplos and lifts one side of her mantle. In front of the horses are four Moirai, holding hands, one of whom wears another figured embroidered peplos, the others different, less elaborate peploi. The last chariot is hardly preserved, and its driver and passenger are uncertain; Tethys is one conjecture. Behind the last chariot is Okeanos, of whom only the bull-like neck and ear are preserved (cf. <bibl n=""Eur. Orest. 1377"">Eur. Orest. 1377</bibl>). Finally, bringing up the end of the procession is Hephaistos, riding side-saddle on a donkey and in frontal view.</P><P>The two friezes on the neck depict four different mythological subjects. The upper frieze on Side A shows the hunt for the Calydonian Boar. The boar, in the center of the scene, charges to the left while nineteen hunters attack him with spears, arrows and stones. The boar is pierced by four arrows, and a white dog stands on his back, biting his neck. The hunters attack in pairs: to the left of the boar, facing his onslaught, stand Peleus and Meleager, wearing short tunics and animal skins and holding their spears with both hands, thrusting low into the boar's head. Peleus is unbearded, Meleager bearded. Beneath the boar lies a fallen huntsman, Ankaios (written Antaios). To the left of Peleus and Meleager come Melanaion and Atalanta (written Atalate) and the only woman in the scene). Both carry spears upraised in their right hands, and hold their left hands forwards; Atalanta in addition has a quiver on her shoulder, since she drew the first blood of the boar with her arrow. Behind this pair is a crouching archer, Euthymachos, wearing a tall pointed hat and so, despite his Greek name, perhaps to be identified as a Scythian or Cimmerian like the figures to the right of the boar. Behind Euthymachos come two more pairs of huntsmen, Thorax and Antandros, and Harpalea[s] and Aristandros, running with their forward feet raised. All wear short tunics and animal skins; Thorax wears a small hat. Thorax, Antandros and Harpalea[s] wield spears; Aristandros throws a stone. To the right of the boar, Kastor and Polydeukes attack the beast. They are bearded (unusually), and wear short tunics and swords on baldrics. Behind the Dioskouroi are Akastos and his brother-in-law Admetos (written Asmenos) They are in the same stance as Atalanta and Melanion, but they run with their forward legs off the ground, and Admetos carries a spare spear in his forward hand, and both carry swords on baldrics. Behind these spear men is another crouching archer, also wearing a pointed hat, and labelled <foreign lang=""Greek"">*K*I*M*E*R*I*O*S</foreign>, ""The Cimmerian."" Two more spear men advance behind him, Antimachos and Simon, wearing petasoi and carrying swords, and behind them, another archer, Toxamis, whose name is Scythian or Cimmerian in origin. Finally two more spear men bring up the rear at a run, Pausileon and Kynortes. Kynortes wears a petasos. The seven hunting dogs are all named: Labros, Methepon, Egertes, E[u]bolos, Korax, Marpsas, and Ormenos. Three are black and four white; one, Ormenos, has been killed by the boar and his entrails are visible through his split belly. The scene is flanked by sphinxes on either side.</P><P>The upper frieze on the other side of the krater depicts the Theseus and the Athenian youths and maidens on Crete, dancing the Crane Dance after their escape from the Labyrinth. On the left is a long ship, probably a triakonter, landing on the beach stern-first. The stern post of the ship is in the shape of two swan's heads; the prow is a boar's head. The mast has been lowered and the crew is standing to debark; they talk excitedly among themselves, one throws his hands in the air in praise, another has jumped overboard and swims to the shore; one, labelled Phaidimos, has debarked and joins the Athenian youths and maidens on land. The helmsman, with two steering oars, turns around to face land and raises his arm in excitement. Most of the crew wear mantles and petasoi. To the right, a line of seven youths and seven maidens dancing the Crane Dance (Geranos). The youths wear mantles with various borders; the maidens, peploi with different decorations. The dancers are all labelled: from left to right, Phaidimos, Hippodameia, Daduchos (written Daidochos), Menestho, Eurysthenes, Koronis, Euxistratos (written Heuxsistratos), Damasistrate, Antiochos, Asteria, Hermippos (written Hernipo), Lysidike, Prokritos, and Eriboia (written Epihoia). At the right side of the dance is Theseus, wearing a long chiton decorated with chariots and other figures and playing a kithara. He faces Ariadne at the far right, who holds a wreath and a ball of thread, with which Theseus had found his way out of the Labyrinth. Friis Johansen has shown that the scene does not take place on Delos, as was long thought, but on Crete after Theseus' escape from the Labyrinth; the ship here is presumably returning to pick up the Athenians, and the crew overjoyed at seeing them still alive.</P><P>The lower frieze on the neck: on one side, the funeral games in honor of Patroklos. Achilles stands at the far right, holding a scepter and standing in front of a tripod, a prize for the victor. In front of him five chariots race towards the right. The first, that of Odysseus (written Olyteus), is hardly preserved. The second belongs to Automedon, and is also largely lost. The third chariot is driven by Diomedes (who was the victor in Homer's Iliad (<bibl n=""Hom. Il. 23.263ff"">Hom. Il. 23.263ff</bibl>), the fourth and fifth by Damasippos (brother-in-law of Odysseus, <bibl n=""Apollod. 3.126"">Apollod. 3.126</bibl>) and Hippothoon, who are not mentioned in the Iliad. Although the depiction seems Homeric, then, the names and winner are completely different from those in Homer's account. The charioteers all wear long chitons, and under the horses are set tripod-cauldrons with large ring handles, prizes in the games. At the far left of the scene is a column, the turning-post in the race.</P><P>On side B, the lower neck frieze depicts a Centauromachy, or battle between Lapiths and centaurs. On the left is a centaur throwing a rock at Theseus. The next section is poorly preserved, but parts of a fallen centaur and of another centaur fighting with Antimachos (who is also featured in the Caledonian Boar frieze) are preserved. Just left of the center of the frieze, three centaurs, Hylaios, Agrios and Hasbolos, are pounding Kaineus into the ground, as this was the only way the invulnerable Lapith could be overcome. Hylaios has a branch in his hands, Agrios and Hasbolos hold boulders (one of which is labelled, <foreign lang=""Greek"">[*L*I*Q]*O*S</foreign>, ""Rock""). Kaineus is fully armed and carries a shield. At the center of the scene is the centaur Petraios, holding a branch, fighting a Lapith named Hoplon; Hoplon is fully armed, like the other Lapiths, and wields a spear in his right hand. To his right is another centaur, Melanchaites (?), who hurls a rock at a Lapith; beneath Melanchaites is a fallen centaur, Pyrrhos. The next part of the frieze is poorly preserved; a centaur Therandros fights a missing Lapith. At the right, Dryas and the centaur Oroibios fight.</P><P>Body, middle frieze, side A: the ambush of Troilos, the son of Priam king of Troy. In the center of the scene Achilles (largely lost) runs after Troilos, who flees on horseback. Only the right leg and scabbard of Achilles are preserved. Troilos carries two spears in his left hand, and he leads a second horse with him. Polyxena, Troilos' sister, flees in front of him on foot; she too is largely lost but is identified by a fragmentary inscription, <foreign lang=""Greek"">[*P*O*L*U]*X*E*N[*E]</foreign>. She has dropped the jar she was filling at the fountain at the left side of the scene; the jar is labelled <foreign lang=""Greek"">*U*D*R*I*A</foreign>, ""hydria."" Behind Achilles stands Athena his protectress, wearing an ornamented peplos and himation, with her hair in an elaborate loop. Hermes stands behind her, carrying his kerykeion and wearing a petasos and a fawnskin over his short chiton. He looks back at Thetis, mother of Achilles, who raises her arm in agitation. She is accompanied by a Trojan girl, Rhodia, who raises her arms in terror as she watches. She stands on a low platform in front of the fountainhouse. The fountainhouse at the left side of the scene has three fluted Doric columns on bases between two antae, within which are two lion's head waterspouts. A large hydria stands below one spout, and a Trojan youth (labelled <foreign lang=""Greek"">*T*R*O*O*N</foreign>, ""Trojan"") places another hydria under the other spout. Behind the fountain at the far left, Apollo approaches, raising his left hand, nude except for his himation. He is dismayed at the upcoming desecration of his altar by Achilles as he kills Troilos.</P><P>At the right of the scene are the battlements of Troy, built of squared masonry with crenelations at the top. Between the battlements are piled round stones, for use in defending the city. The gates are just opening and two warriors, Hektor and Polites, brothers of Troilos, emerge, but too late to help Troilos. In front of the walls, Priam sits on a stone seat (labelled <foreign lang=""Greek"">*Q*A*K*O*S</foreign>, ""seat"") and watches the death of his son; he is just beginning to rise from his seat, and leans on a long staff. He wears a long white chiton and purple himation, is balding and has a clipped beard.</P><P>Body, middle frieze, side B: the return of Hephaistos to Olympus, after his expulsion by Hera. In revenge for banishing him from Olympus, Hephaistos had sent his mother Hera a golden throne, which however trapped her as soon as she sat in it. Hephaistos would not come and release her despite the entreaties of all the gods (especially Ares, who tried to bring him back by force but was beaten off), until Dionysos made him drunk and persuaded him to release Hera. In reward, Hephaistos was allowed to marry Aphrodite, and Dionysos was allowed into Olympus. The story is hardly preserved in ancient sources, but has been reconstructed from allusions (such as <bibl n=""Paus. 1.20.3"">Paus. 1.20.3</bibl>) and from representations, of which this is the most elaborate. Zeus sits at the center of the scene on a throne covered with tapestries, its back ending in a volute. He wears a white chiton and himation. Hera sits in a second throne behind him (or to his side), her feet on a footstool. The back of her throne ends in a swan's head. Behind Hera stands Athena, looking back towards Ares and mocking him. She wears a chiton and purple himation. Ares kneels behind her on a low block, crestfallen at his failure to bring back Hephaistos and at the upcoming marriage of his lover Aphrodite to Hephaistos; he is fully armed with a helmet on his head, a spear, a shield decorated with a demon's head in high relief, greaves and a cuirass. Behind Ares comes Artemis, gesturing with her hand, and then two more male deities, who are poorly preserved but are probably Poseidon and Hermes. part of Poseidon's trident is visible, and the bottom of Hermes' kerykeion.</P><P>In the right side of the scene Hephaistos arrives at Olympus, riding on an ithyphallic mule and accompanied by silens. He is wearing a decorated chiton and himation, his arms are crossed over his chest and he carries a whip in his left hand. His crippled feet face in opposite directions, and his hips are malformed. His face was painted with purple over the black glaze. Hephaistos is led by Dionysos, whose figure is largely lost; he wears a richly decorated himation and chiton, and his arms too are crossed over his chest. The procession is greeted by Aphrodite, dressed in a richly decorated himation, who gestures in dismay at the sight of her new husband. Hephaistos is accompanied by a band of silens or satyrs and nymphs. The silens are lean and ithyphallic and have equine legs, tails and ears. The first is bent beneath a great wineskin on his shoulder; the second plays the aulos and wears a mouth band; the third carries a nymph in his arms, and two more nymphs follow. They wear richly decorated peploi and the last one carries a pair of cymbals.</P><P>The lowest frieze is a band of animals: a pair of sphinxes framing a stylized plant occupies the front, slightly off center; other pairs are a panther attacking a stag, and a panther attacking a bull. On the reverse of the vase is a pair of griffins, a boar being attacked by a lion, and a lion attacking a bull.</P><P>On the foot of the vase is a narrow frieze depicting the battle of Pygmies and Cranes, mentioned in the Iliad (<bibl n=""Hom. Il. 3.1-7"">Hom. Il. 3.1-7</bibl>). Groups of pygmies attack the cranes with clubs and crook-handled sticks; one has hooked a crane by the neck. Other groups of pygmies ride goats and attack the cranes with slings.</P><P>On the handles of the vase, the Mistress of the Beasts holds animals (lions on one side, a panther and a stag on the other). The identification of this figure as Artemis is traditional, but confused even Pausanias (<bibl n=""Paus. 5.19.5"">Paus. 5.19.5</bibl>). Below her, Ajax holds the dead Achilles over his shoulder: this event concludes the events which began with the marriage of Peleus and Thetis on the main frieze. On the top of the handles are gorgoneia.</P>",,,,"<P>H. 0.66 m., D. rim 0.57 m.</P>",,,-560,ca.,Nick Cahill,,,,,,,,,,,"1991.02.0001,1991.02.0002,1991.02.0003,1991.02.0004,1991.02.0005,1991.02.0006,1991.02.0007,1991.02.0008,1991.02.0009,1991.02.0010,1991.02.0011,1991.02.0012,1991.02.0013,1991.02.0014,1991.02.0015,1991.02.0016,1991.02.0017,1991.02.0018,1991.02.0019,1991.02.0020,1991.02.0021,1991.02.0022,1991.02.0023,1991.02.0024,1991.02.0025,1991.02.0026,1991.02.0027,1991.02.0028,1991.02.0029,1991.02.0030,1991.02.0031,1991.02.0032,1991.02.0033,1991.02.0034,1991.02.0035,1991.02.0036,1991.02.0037,1993.01.0001,1993.01.0002,1993.01.0003,1993.01.0004,1993.01.0005,1993.01.0006,1993.01.0007,1993.01.0008,1993.01.0009,1993.01.0010,1993.01.0011,1993.01.0012,1993.01.0013,1993.01.0014,1993.01.0015,1993.01.0016,1993.01.0017,1993.01.0018,1993.01.0019,1993.01.0020,1993.01.0021,1993.01.0022,1993.01.0023,1993.01.0024,1993.01.0025,1993.01.0026,1993.01.0027,1993.01.0028,1993.01.0029,1993.01.0030,1993.01.0031,1993.01.0032,1993.01.0033,1993.01.0034,1993.01.0035,1993.01.0036,1993.01.0037,1993.01.0038,1993.01.0039,1993.01.0040,1993.01.0088,1993.01.0089,1993.01.0090,1993.01.0091,1993.01.0092,1993.01.0093,1993.01.0094,1993.01.0095,1993.01.0096,1993.01.0097,1993.01.0098,1993.01.0099,1993.01.0100,1993.01.0101,1993.01.0102,1993.01.0103,1993.01.0104,1993.01.0105,1993.01.0106,1993.01.0107,1993.01.0108,1993.01.0109,1993.01.0110,1993.01.0111,1993.01.0112,1993.01.0113,1993.01.0114,1993.01.0115,1993.01.0116,1993.01.0117,1993.01.0118,1993.01.0119","1991.02.0001,1991.02.0002,1991.02.0003,1991.02.0004,1991.02.0005,1991.02.0006,1991.02.0007,1991.02.0008,1991.02.0009,1991.02.0010,1991.02.0011,1991.02.0012,1991.02.0013,1991.02.0014,1991.02.0015,1991.02.0016,1991.02.0017,1991.02.0018,1991.02.0019,1991.02.0020,1991.02.0021,1991.02.0022,1991.02.0023,1991.02.0024,1991.02.0025,1991.02.0026,1991.02.0027,1991.02.0028,1991.02.0029,1991.02.0030,1991.02.0031,1991.02.0032,1991.02.0033,1991.02.0034,1991.02.0035,1991.02.0036,1991.02.0037,1993.01.0001,1993.01.0002,1993.01.0003,1993.01.0004,1993.01.0005,1993.01.0006,1993.01.0007,1993.01.0008,1993.01.0009,1993.01.0010,1993.01.0011,1993.01.0012,1993.01.0013,1993.01.0014,1993.01.0015,1993.01.0016,1993.01.0017,1993.01.0018,1993.01.0019,1993.01.0020,1993.01.0021,1993.01.0022,1993.01.0023,1993.01.0024,1993.01.0025,1993.01.0026,1993.01.0027,1993.01.0028,1993.01.0029,1993.01.0030,1993.01.0031,1993.01.0032,1993.01.0033,1993.01.0034,1993.01.0035,1993.01.0036,1993.01.0037,1993.01.0038,1993.01.0039,1993.01.0040,1993.01.0088,1993.01.0089,1993.01.0090,1993.01.0091,1993.01.0092,1993.01.0093,1993.01.0094,1993.01.0095,1993.01.0096,1993.01.0097,1993.01.0098,1993.01.0099,1993.01.0100,1993.01.0101,1993.01.0102,1993.01.0103,1993.01.0104,1993.01.0105,1993.01.0106,1993.01.0107,1993.01.0108,1993.01.0109,1993.01.0110,1993.01.0111,1993.01.0112,1993.01.0113,1993.01.0114,1993.01.0115,1993.01.0116,1993.01.0117,1993.01.0118,1993.01.0119",,,,,"<P><hi rend=""ital"">Kalydonian Boar Hunt: </hi></P><L>hunters to right:</L><L><foreign lang=""Greek"">*)Arpule/a<s></foreign>, ""Arpuleas""</L><L><foreign lang=""Greek"">*)Ari/standros</foreign>, ""Aristandros""</L><L><foreign lang=""Greek"">*La/bros</foreign>, ""Labros"", a dog</L><L><foreign lang=""Greek"">*Qo/raxs</foreign>, ""Thorax""</L><L><foreign lang=""Greek"">*)/Antandros</foreign> ""Antandros""</L><L><foreign lang=""Greek"">*)Euqu/maxos</foreign> ""Euthymachos""</L><L><foreign lang=""Greek"">*)Atala/<n>te</foreign> ""Atala(n)te""</L><L><foreign lang=""Greek"">*Melani/on</foreign> ""Melanion""</L><L><foreign lang=""Greek"">*Meqe/pon</foreign> ""Methepon""</L><L><foreign lang=""Greek"">*Peleu/s</foreign> ""Peleus""</L><L><foreign lang=""Greek"">*Mele/agros</foreign> ""Meleager""</L><L><foreign lang=""Greek"">*)/Ormenos</foreign> ""Ormenos"", the dead dog</L><L>Hunters to left:</L><L><foreign lang=""Greek"">*Ma/rf[so]s</foreign> ""Marfsos"", a dog</L><L><foreign lang=""Greek"">*)Antai=os</foreign> (for <foreign lang=""Greek"">*)Ankai=os</foreign>, ""Ankaios"", dead under the boar)</L><L><foreign lang=""Greek"">o/raxs</foreign> ""Qorax""</L><L><foreign lang=""Greek"">*Ka/stor</foreign> ""Kastor""</L><L><foreign lang=""Greek"">*Poludeu/kes</foreign> ""Polydeukes""</L><L><foreign lang=""Greek"">*)Ege/rtes</foreign> ""Egertes"", a dog</L><L><foreign lang=""Greek"">*)/Akastos</foreign> ""Akastos""</L><L><foreign lang=""Greek"">*)/Asmetos</foreign> ""Asmetos""</L><L><foreign lang=""Greek"">*Kim<m>e/rios</foreign> ""the Kimmerian"", with Phrygian cap</L><L><foreign lang=""Greek"">*)Anti/maxos</foreign> ""Antimachos""</L><L><foreign lang=""Greek"">*Si/non</foreign> ""Sinon""</L><L><foreign lang=""Greek"">*)/E<n>bolos</foreign> ""E(n)bolos"", a dog</L><L><foreign lang=""Greek"">*To/xsamis</foreign> ""Toxamis"", with Phrygian cap</L><L><foreign lang=""Greek"">*Pausile/on</foreign> ""Pausileon""</L><L><foreign lang=""Greek"">*Kuno/rtes</foreign> ""Kunortes""</L><P><hi rend=""ital"">Theseus' Dance:</hi></P><L><foreign lang=""Greek"">[...]o?i/esen</foreign> / <foreign lang=""Greek"">[...]s?en</foreign> ""[m]ade (it), [pain]ted (it)""</L><L><foreign lang=""Greek"">*Fai/dimos</foreign> ""Phaidimos""</L><L><foreign lang=""Greek"">ip<p>oda/meia</foreign> ""Hippodameia""</L><L><foreign lang=""Greek"">*Daido=xos</foreign> ""Daidochos""</L><L><foreign lang=""Greek"">*Menesqo/</foreign> ""Menestho""</L><L><foreign lang=""Greek"">*Eurusqe/nes</foreign> ""Eurysthenes""</L><L><foreign lang=""Greek"">*Koroni/s</foreign> ""Koronis""</L><L><foreign lang=""Greek"">{*B}*Eu)xsi/srato[s]</foreign> ""Euxisratos""</L><L><foreign lang=""Greek"">*Damasisra/te</foreign> ""Damasisrate""</L><L><foreign lang=""Greek"">*)Anti/oxos</foreign> ""Antiochos""</L><L><foreign lang=""Greek"">*)Asteri/a</foreign> ""Asteria""</L><L><foreign lang=""Greek"">e/rmip<p>o&lt;s&gt;</foreign> ""Hermippos""</L><L><foreign lang=""Greek"">*Lusidi/ke</foreign> ""Lysidike""</L><L><foreign lang=""Greek"">[*P]ro/kritos</foreign> ""Prokritos""</L><L><foreign lang=""Greek"">[..?]epioia</foreign> ""[...]epihoia"" (for -<foreign lang=""Greek"">boia</foreign>?)</L><L><foreign lang=""Greek"">*Qeseu/s</foreign> ""Theseus""</L><P>ladies to L:</P><L><foreign lang=""Greek"">qrofo/s</foreign> ""nurse""</L><L><foreign lang=""Greek"">*)Ari?a/.[n]e</foreign> ""Aria[dn]e""</L><P><hi rend=""ital"">Chariot race at the Funeral Games for Patroklos:</hi></P><L><foreign lang=""Greek"">ip<p>o.[..]on</foreign> ""Hippo[tho]on""</L><L><foreign lang=""Greek"">*Dama/sip<p>os</foreign> ""Damasippos""</L><L><foreign lang=""Greek"">*Diome/des</foreign> ""Diomedes""</L><L><foreign lang=""Greek"">*Au)tome/don</foreign> ""Automedon""</L><L><foreign lang=""Greek"">*)Olut<t>eu/s</foreign> ""Olytteus"" for Odysseus</L><L><foreign lang=""Greek"">*)A[x]il<l>eu/s</foreign> ""Achilles""</L><P><hi rend=""ital"">Lapiths and Centaurs:</hi></P><L><foreign lang=""Greek"">[*Q]eseu/s</foreign> ""Theseus""</L><L><foreign lang=""Greek"">*)Anti/maxos</foreign> ""Antimachos""</L><L><foreign lang=""Greek"">ulai=os</foreign> ""Hylaios""</L><L><foreign lang=""Greek"">*Kaineu/s</foreign> (""Kaineus"", half knocked in ground)</L><L><foreign lang=""Greek"">*)/Ak?rios</foreign> ""Akrios""</L><L><foreign lang=""Greek"">{}*)/Asb?olos</foreign> ""Asbolos""</L><L><foreign lang=""Greek"">[li/q]o?s</foreign> ""stone"", on stone in Asbolos' hand</L><L><foreign lang=""Greek"">*Petrai=os</foreign> ""Petraios""</L><L><foreign lang=""Greek"">o/plon</foreign> ""Hoplon""</L><L><foreign lang=""Greek"">*Pu/r<r>os</foreign> ""Pyrros"", centaur dead on ground</L><L><foreign lang=""Greek"">*Melan[xa]i/t?es</foreign> ""Melan[cha]ites""</L><L><foreign lang=""Greek"">*qe/rangros</foreign> ""Therangros"" (for -<foreign lang=""Greek"">andros</foreign> ?)</L><L><foreign lang=""Greek"">*Dru/[as]</foreign> ""Dryas""</L><L><foreign lang=""Greek"">*)Oro/s?b?ios</foreign> ""Orosbios""</L><P><hi rend=""ital"">Wedding of Peleus and Thetis:</hi></P><L><foreign lang=""Greek"">e/faistos</foreign> ""Hephaistos""</L><L><foreign lang=""Greek"">[*)O]xeano/s</foreign> ""Okeanos""</L><L><foreign lang=""Greek"">erme=s</foreign> ""Hermes""</L><L><foreign lang=""Greek"">*Mai=a</foreign> ""Maia""</L><L><foreign lang=""Greek"">*Mo[i=]ra[i]</foreign> ""Moirai""</L><L><foreign lang=""Greek"">*)Aqe?[n]a?i/a</foreign> ""Athena""</L><L><foreign lang=""Greek"">*Dori/s</foreign> ""Doris""</L><L><foreign lang=""Greek"">*Ner[e]u/s</foreign> ""Nereus""</L><L><foreign lang=""Greek"">*)/Ares</foreign> ""Ares""</L><L><foreign lang=""Greek"">*)Afrodi/te</foreign> ""Aphrodite""</L><L><foreign lang=""Greek"">*Stesixo/re</foreign> ""Stesichore"" (instead of Terpsichore)</L><L><foreign lang=""Greek"">*)Era?t[o/]</foreign> ""Erato""</L><L><foreign lang=""Greek"">*Polumni/s</foreign> ""Polymnis""</L><L><foreign lang=""Greek"">*)Anfitri/te</foreign> ""Amphitrite""</L><L><foreign lang=""Greek"">[*Po]seipo=n</foreign> ""Poseipon"" for Poseidon</L><L><foreign lang=""Greek"">*Melpome/ne</foreign> ""Melpomene""</L><L><foreign lang=""Greek"">*Kleio/</foreign> ""Kleo""</L><L><foreign lang=""Greek"">*Eu)te/rpe</foreign> ""Euterpe""</L><L><foreign lang=""Greek"">*qa/leia</foreign> ""Thaleia""</L><L><foreign lang=""Greek"">e/ra</foreign> ""Hera""</L><L><foreign lang=""Greek"">*Zeu/s</foreign> ""Zeus""</L><L><foreign lang=""Greek"">*)Orani/a</foreign> ""Ourania""</L><L><foreign lang=""Greek"">*Kal<l>io/pe</foreign> ""Kalliope""</L><L><foreign lang=""Greek"">*)Ergo/timos m'e)poi/esen</foreign> ""Ergotimos made me""</L><L><foreign lang=""Greek"">o=rai</foreign> ""Horai""</L><L><foreign lang=""Greek"">*Dio/nusos</foreign> ""Dionysos""</L><L><foreign lang=""Greek"">esti/a</foreign> ""Hestia""</L><L><foreign lang=""Greek"">*Xariklo/</foreign> ""Chariklo""</L><L><foreign lang=""Greek"">*Dem?[e/ter]</foreign> ""Demeter""</L><L><foreign lang=""Greek"">*)=Iris</foreign> ""Iris""</L><L> <foreign lang=""Greek"">*Xi/ron</foreign> ""Chiron""</L><L><foreign lang=""Greek"">*Kliti/as m' e)/grafsen</foreign> ""Kleitias painted me""</L><L><foreign lang=""Greek"">bom?[o/s]</foreign> ""Altar"" on altar</L><L><foreign lang=""Greek"">*Peleu/s</foreign> ""Peleus""</L><L><foreign lang=""Greek"">*qe/tis</foreign> ""Thetis""</L><P><hi rend=""ital"">Death of Troilos</hi></P><L><foreign lang=""Greek"">*)Apo/l<l>on</foreign> ""Apollo""</L><L><foreign lang=""Greek"">*Tro/on</foreign> ""Trojan""</L><L><foreign lang=""Greek"">kre/ne</foreign> ""Fountainhouse""</L><L><foreign lang=""Greek"">*(Rodi/a</foreign> ""Rhodia""</L><L><foreign lang=""Greek"">*qe/tis</foreign> ""Thetis""</L><L><foreign lang=""Greek"">erme=[s]</foreign> ""Hermes""</L><L><foreign lang=""Greek"">*)Aqenai/[a]</foreign> ""Athena""</L><L><foreign lang=""Greek"">*Troi/los</foreign> (""Troilos"" on horseback; Achilles behind him, name lost)</L><L><foreign lang=""Greek"">udri/a</foreign> ""hydria""</L><L><foreign lang=""Greek"">[*Polux]se/ne.</foreign> ""Polyxene""</L><L><foreign lang=""Greek"">*)Ante/nor</foreign> ""Antenor""</L><L><foreign lang=""Greek"">*Pri/amos</foreign> ""Priam""</L><L><foreign lang=""Greek"">qa=kos</foreign> ""seat"", incised on seat</L><L><foreign lang=""Greek"">e/ktor</foreign> ""Hector"" under city gate</L><L><foreign lang=""Greek"">*Poli/tes</foreign> ""Polites""</L><P><hi rend=""ital"">Return of Hephaistos</hi></P><L><foreign lang=""Greek"">[*Poseido=]n</foreign>? (behind him, a god, Hermes? whose name is lost)</L><L><foreign lang=""Greek"">*)/Artemis</foreign> ""Artemis""</L><L><foreign lang=""Greek"">*)/Ares</foreign> ""Ares""</L><L><foreign lang=""Greek"">*)Aq.[ena]i/a</foreign> ""Athena""</L><L><foreign lang=""Greek"">e/ra</foreign></L><L><foreign lang=""Greek"">*Zeu/s</foreign></L><L><foreign lang=""Greek"">*)Afrogi/te</foreign> (for -<foreign lang=""Greek"">di/te</foreign>)</L><L><foreign lang=""Greek"">*Dio/nusos</foreign></L><L><foreign lang=""Greek"">e/fa{i}stos</foreign></L><L><foreign lang=""Greek"">*Silenoi/</foreign></L><L><foreign lang=""Greek"">*Nu/<n>fai</foreign></L><P><hi rend=""ital"">Achilles and Ajax (on handles)</hi></P><L><foreign lang=""Greek"">*)Axil<l>eu/s</foreign></L><L><foreign lang=""Greek"">*Ai)/as</foreign></L><L><foreign lang=""Greek"">*)Axil<l>eu/s</foreign></L><L><foreign lang=""Greek"">*Ai)/as</foreign></L><P>(adapted from <bibl>R. Wachter, ""The Inscriptions on the Franois Vase,"" <hi rend=""ital"">Museum Helveticum</hi> 48 (1991) 86-113.</bibl>",,Perseus,,,Florence 4209,,,,,,"<P><bibl>Guglielmo Maetzke, Mauro Cristofani, Maria Grazia Marzi, Renzo Giachetti, Marco Bini, Antonello Perissinotto, <hi rend=""ital"">Vaso Francois; Materiali per servire alla storia del Vaso Francois.</hi> <hi rend=""ital"">Bolletino d'Arte</hi> Serie Speciale no. 1 (Istituto Poligrafico e Zecca Dello Stato, Roma, 1981)</bibl>",,Kleitias,Signed by,High Archaic,25. Archaic,,1.0,,,,Ergotimos,Signed by,"<bibl>ABV, 76, 1</bibl>",Etruria,,,,,,,,,,Volute krater,"<P>Earliest known Attic volute krater, among the earliest Greek volute kraters.</P>",,"<P><bibl>Beazley 1951, 24-34</bibl>; <bibl>Simon & Hirmer 1976, 69-77</bibl>; <bibl>Stewart 1983a</bibl></P>",-570,ca.,,,In six registers: the Wedding of Peleus and Thetis; Achilles pursuing Troilos; Return of Hephaistos; the Calydonian Boar hunt; Theseus on Crete; Funeral games of Patroklos; Pygmies and Cranes; etc.,,,Vase,,,Attic Black Figure
1993.01.0002,i1993010002,aa_4364,"Franois Vase: Drawing of the left handle, showing running winged figure (top), the mistress of beasts (above), and Ajax carrying the body of Achilles (below); portion of the main frieze , showing Ares and Aphrodite at the wedding of Peleus and Thetis",image,image/jpeg,Image;StillImage,https://iiif.perseus.tufts.edu/iiif/3/1993.01.0002/full/max/0/default.jpg,"https://iiif.perseus.tufts.edu/iiif/3/1993.01.0002/full/^800,/0/default.jpg","https://iiif.perseus.tufts.edu/iiif/3/1993.01.0002/full/^450,/0/default.jpg",From <bibl>FR</bibl> pls. 1-2,"Franois Vase: Drawing of the left handle, showing running winged figure (top), the mistress of beasts (above), and Ajax carrying the body of Achilles (below); portion of the main frieze , showing Ares and Aphrodite at the wedding of Peleus and Thetis",aa_4364,https://iiif.perseus.tufts.edu/iiif/3/1993.01.0002,,,,,,,,,,,,,,,,,,,,,,,,,,,,,,,,,,,,,,,,,,,,,,,,,,,,,,,,,,,,,,,,,,,,,,,,,,,,,,,,,,,,,,,,,,,,,,,,,,
1993.01.0003,i1993010003,aa_4364,"Franois Vase: Drawing of the right handle, showing running winged figure (top), the mistress of beasts (above), and Ajax carrying the body of Achilles (below); portion of the main frieze , showing the return of Hephaistos",image,image/jpeg,Image;StillImage,https://iiif.perseus.tufts.edu/iiif/3/1993.01.0003/full/max/0/default.jpg,"https://iiif.perseus.tufts.edu/iiif/3/1993.01.0003/full/^800,/0/default.jpg","https://iiif.perseus.tufts.edu/iiif/3/1993.01.0003/full/^450,/0/default.jpg","From Furtwngler-Reichhold, Griechische Vasenmalerei: Auswahl hervorragender Vasenbilder, Tafeln 1-10. Mnchen: Bruckmann, 1900. pls. 1-2","Franois Vase: Drawing of the right handle, showing running winged figure (top), the mistress of beasts (above), and Ajax carrying the body of Achilles (below); portion of the main frieze , showing the return of Hephaistos",aa_4364,https://iiif.perseus.tufts.edu/iiif/3/1993.01.0003,,,,,,,,,,,,,,,,,,,,,,,,,,,,,,,,,,,,,,,,,,,,,,,,,,,,,,,,,,,,,,,,,,,,,,,,,,,,,,,,,,,,,,,,,,,,,,,,,,
1993.01.0004,i1993010004,aa_4364,"Franois Vase: Drawing of the main frieze (wedding of Peleus and Thetis), left half, showing a procession of deities",image,image/jpeg,Image;StillImage,https://iiif.perseus.tufts.edu/iiif/3/1993.01.0004/full/max/0/default.jpg,"https://iiif.perseus.tufts.edu/iiif/3/1993.01.0004/full/^800,/0/default.jpg","https://iiif.perseus.tufts.edu/iiif/3/1993.01.0004/full/^450,/0/default.jpg","From Furtwngler-Reichhold, Griechische Vasenmalerei: Auswahl hervorragender Vasenbilder, Tafeln 1-10. Mnchen: Bruckmann, 1900. pls. 1-2","Franois Vase: Drawing of the main frieze (wedding of Peleus and Thetis), left half, showing a procession of deities",aa_4364,https://iiif.perseus.tufts.edu/iiif/3/1993.01.0004,,,,,,,,,,,,,,,,,,,,,,,,,,,,,,,,,,,,,,,,,,,,,,,,,,,,,,,,,,,,,,,,,,,,,,,,,,,,,,,,,,,,,,,,,,,,,,,,,,
1993.01.0005,i1993010005,aa_4364,"Franois Vase: Drawing of the main frieze (wedding of Peleus and Thetis), right half, showing deities approaching the Palace of Peleus",image,image/jpeg,Image;StillImage,https://iiif.perseus.tufts.edu/iiif/3/1993.01.0005/full/max/0/default.jpg,"https://iiif.perseus.tufts.edu/iiif/3/1993.01.0005/full/^800,/0/default.jpg","https://iiif.perseus.tufts.edu/iiif/3/1993.01.0005/full/^450,/0/default.jpg","From Furtwngler-Reichhold, Griechische Vasenmalerei: Auswahl hervorragender Vasenbilder, Tafeln 1-10. Mnchen: Bruckmann, 1900. pls. 1-2","Franois Vase: Drawing of the main frieze (wedding of Peleus and Thetis), right half, showing deities approaching the Palace of Peleus",aa_4364,https://iiif.perseus.tufts.edu/iiif/3/1993.01.0005,,,,,,,,,,,,,,,,,,,,,,,,,,,,,,,,,,,,,,,,,,,,,,,,,,,,,,,,,,,,,,,,,,,,,,,,,,,,,,,,,,,,,,,,,,,,,,,,,,
1993.01.0006,i1993010006,aa_4364,"Franois Vase: Drawing of the main frieze (wedding of Peleus and Thetis), behind the right handle, showing Hephaistos on an ass",image,image/jpeg,Image;StillImage,https://iiif.perseus.tufts.edu/iiif/3/1993.01.0006/full/max/0/default.jpg,"https://iiif.perseus.tufts.edu/iiif/3/1993.01.0006/full/^800,/0/default.jpg","https://iiif.perseus.tufts.edu/iiif/3/1993.01.0006/full/^450,/0/default.jpg","From Furtwngler-Reichhold, Griechische Vasenmalerei: Auswahl hervorragender Vasenbilder, Tafeln 1-10. Mnchen: Bruckmann, 1900. pls. 1-2","Franois Vase: Drawing of the main frieze (wedding of Peleus and Thetis), behind the right handle, showing Hephaistos on an ass",aa_4364,https://iiif.perseus.tufts.edu/iiif/3/1993.01.0006,,,,,,,,,,,,,,,,,,,,,,,,,,,,,,,,,,,,,,,,,,,,,,,,,,,,,,,,,,,,,,,,,,,,,,,,,,,,,,,,,,,,,,,,,,,,,,,,,,
1993.01.0007,i1993010007,aa_4364,"Franois Vase: Detailed drawing of the left handle, showing Ajax carrying the body of Achilles",image,image/jpeg,Image;StillImage,https://iiif.perseus.tufts.edu/iiif/3/1993.01.0007/full/max/0/default.jpg,"https://iiif.perseus.tufts.edu/iiif/3/1993.01.0007/full/^800,/0/default.jpg","https://iiif.perseus.tufts.edu/iiif/3/1993.01.0007/full/^450,/0/default.jpg","From Furtwngler-Reichhold, Griechische Vasenmalerei: Auswahl hervorragender Vasenbilder, Tafeln 1-10. Mnchen: Bruckmann, 1900. pls. 1-2","Franois Vase: Detailed drawing of the left handle, showing Ajax carrying the body of Achilles",aa_4364,https://iiif.perseus.tufts.edu/iiif/3/1993.01.0007,,,,,,,,,,,,,,,,,,,,,,,,,,,,,,,,,,,,,,,,,,,,,,,,,,,,,,,,,,,,,,,,,,,,,,,,,,,,,,,,,,,,,,,,,,,,,,,,,,
1993.01.0008,i1993010008,aa_4364,"Franois Vase: Detailed drawing of the right handle, showing Artemis/Potnia Theron",image,image/jpeg,Image;StillImage,https://iiif.perseus.tufts.edu/iiif/3/1993.01.0008/full/max/0/default.jpg,"https://iiif.perseus.tufts.edu/iiif/3/1993.01.0008/full/^800,/0/default.jpg","https://iiif.perseus.tufts.edu/iiif/3/1993.01.0008/full/^450,/0/default.jpg","From Furtwngler-Reichhold, Griechische Vasenmalerei: Auswahl hervorragender Vasenbilder, Tafeln 1-10. Mnchen: Bruckmann, 1900. pls. 1-2","Franois Vase: Detailed drawing of the right handle, showing Artemis/Potnia Theron",aa_4364,https://iiif.perseus.tufts.edu/iiif/3/1993.01.0008,,,,,,,,,,,,,,,,,,,,,,,,,,,,,,,,,,,,,,,,,,,,,,,,,,,,,,,,,,,,,,,,,,,,,,,,,,,,,,,,,,,,,,,,,,,,,,,,,,
1993.01.0009,i1993010009,aa_4364,"Franois Vase: Detailed drawing of the right handle, showing a Gorgon",image,image/jpeg,Image;StillImage,https://iiif.perseus.tufts.edu/iiif/3/1993.01.0009/full/max/0/default.jpg,"https://iiif.perseus.tufts.edu/iiif/3/1993.01.0009/full/^800,/0/default.jpg","https://iiif.perseus.tufts.edu/iiif/3/1993.01.0009/full/^450,/0/default.jpg","From Furtwngler-Reichhold, Griechische Vasenmalerei: Auswahl hervorragender Vasenbilder, Tafeln 1-10. Mnchen: Bruckmann, 1900. pls. 1-2","Franois Vase: Detailed drawing of the right handle, showing a Gorgon",aa_4364,https://iiif.perseus.tufts.edu/iiif/3/1993.01.0009,,,,,,,,,,,,,,,,,,,,,,,,,,,,,,,,,,,,,,,,,,,,,,,,,,,,,,,,,,,,,,,,,,,,,,,,,,,,,,,,,,,,,,,,,,,,,,,,,,
1993.01.0010,i1993010010,aa_4364,"Franois Vase: Detailed drawing of the left handle, showing a Gorgon",image,image/jpeg,Image;StillImage,https://iiif.perseus.tufts.edu/iiif/3/1993.01.0010/full/max/0/default.jpg,"https://iiif.perseus.tufts.edu/iiif/3/1993.01.0010/full/^800,/0/default.jpg","https://iiif.perseus.tufts.edu/iiif/3/1993.01.0010/full/^450,/0/default.jpg","From Furtwngler-Reichhold, Griechische Vasenmalerei: Auswahl hervorragender Vasenbilder, Tafeln 1-10. Mnchen: Bruckmann, 1900. pls. 1-2","Franois Vase: Detailed drawing of the left handle, showing a Gorgon",aa_4364,https://iiif.perseus.tufts.edu/iiif/3/1993.01.0010,,,,,,,,,,,,,,,,,,,,,,,,,,,,,,,,,,,,,,,,,,,,,,,,,,,,,,,,,,,,,,,,,,,,,,,,,,,,,,,,,,,,,,,,,,,,,,,,,,
1993.01.0011,i1993010011,aa_4364,"Franois Vase: Detailed drawing of the left handle, showing Artemis/Potnia Theron",image,image/jpeg,Image;StillImage,https://iiif.perseus.tufts.edu/iiif/3/1993.01.0011/full/max/0/default.jpg,"https://iiif.perseus.tufts.edu/iiif/3/1993.01.0011/full/^800,/0/default.jpg","https://iiif.perseus.tufts.edu/iiif/3/1993.01.0011/full/^450,/0/default.jpg","From Furtwngler-Reichhold, Griechische Vasenmalerei: Auswahl hervorragender Vasenbilder, Tafeln 1-10. Mnchen: Bruckmann, 1900. pls. 1-2","Franois Vase: Detailed drawing of the left handle, showing Artemis/Potnia Theron",aa_4364,https://iiif.perseus.tufts.edu/iiif/3/1993.01.0011,,,,,,,,,,,,,,,,,,,,,,,,,,,,,,,,,,,,,,,,,,,,,,,,,,,,,,,,,,,,,,,,,,,,,,,,,,,,,,,,,,,,,,,,,,,,,,,,,,
1993.01.0012,i1993010012,aa_4364,"Franois Vase: Detailed drawing of the left handle, showing Ajax carrying the body of Achilles",image,image/jpeg,Image;StillImage,https://iiif.perseus.tufts.edu/iiif/3/1993.01.0012/full/max/0/default.jpg,"https://iiif.perseus.tufts.edu/iiif/3/1993.01.0012/full/^800,/0/default.jpg","https://iiif.perseus.tufts.edu/iiif/3/1993.01.0012/full/^450,/0/default.jpg","From Furtwngler-Reichhold, Griechische Vasenmalerei: Auswahl hervorragender Vasenbilder, Tafeln 1-10. Mnchen: Bruckmann, 1900. pls. 1-2","Franois Vase: Detailed drawing of the left handle, showing Ajax carrying the body of Achilles",aa_4364,https://iiif.perseus.tufts.edu/iiif/3/1993.01.0012,,,,,,,,,,,,,,,,,,,,,,,,,,,,,,,,,,,,,,,,,,,,,,,,,,,,,,,,,,,,,,,,,,,,,,,,,,,,,,,,,,,,,,,,,,,,,,,,,,
1993.01.0013,i1993010013,aa_4364,"Franois Vase: Detailed drawing of the main frieze, under the left handle, showing the Muses, between the chariots of Poseidon and Amphitrite (hidden) and Ares and Aphrodite (hidden)",image,image/jpeg,Image;StillImage,https://iiif.perseus.tufts.edu/iiif/3/1993.01.0013/full/max/0/default.jpg,"https://iiif.perseus.tufts.edu/iiif/3/1993.01.0013/full/^800,/0/default.jpg","https://iiif.perseus.tufts.edu/iiif/3/1993.01.0013/full/^450,/0/default.jpg","From Furtwngler-Reichhold, Griechische Vasenmalerei: Auswahl hervorragender Vasenbilder, Tafeln 1-10. Mnchen: Bruckmann, 1900. pls. 1-2","Franois Vase: Detailed drawing of the main frieze, under the left handle, showing the Muses, between the chariots of Poseidon and Amphitrite (hidden) and Ares and Aphrodite (hidden)",aa_4364,https://iiif.perseus.tufts.edu/iiif/3/1993.01.0013,,,,,,,,,,,,,,,,,,,,,,,,,,,,,,,,,,,,,,,,,,,,,,,,,,,,,,,,,,,,,,,,,,,,,,,,,,,,,,,,,,,,,,,,,,,,,,,,,,
1993.01.0014,i1993010014,aa_4364,"Franois Vase: Detailed drawing of the main frieze, in front of the left handle, showing the Muses, behind the chariot of Hera and Zeus (hidden), and adjacent to that of Poseidon and Amphitrite",image,image/jpeg,Image;StillImage,https://iiif.perseus.tufts.edu/iiif/3/1993.01.0014/full/max/0/default.jpg,"https://iiif.perseus.tufts.edu/iiif/3/1993.01.0014/full/^800,/0/default.jpg","https://iiif.perseus.tufts.edu/iiif/3/1993.01.0014/full/^450,/0/default.jpg","From Furtwngler-Reichhold, Griechische Vasenmalerei: Auswahl hervorragender Vasenbilder, Tafeln 1-10. Mnchen: Bruckmann, 1900. pls. 1-2","Franois Vase: Detailed drawing of the main frieze, in front of the left handle, showing the Muses, behind the chariot of Hera and Zeus (hidden), and adjacent to that of Poseidon and Amphitrite",aa_4364,https://iiif.perseus.tufts.edu/iiif/3/1993.01.0014,,,,,,,,,,,,,,,,,,,,,,,,,,,,,,,,,,,,,,,,,,,,,,,,,,,,,,,,,,,,,,,,,,,,,,,,,,,,,,,,,,,,,,,,,,,,,,,,,,
1993.01.0015,i1993010015,aa_4364,"Franois Vase: Detailed drawing of the main frieze, chariot of Hera and Zeus, preceded by the Muses, Ourania and Kalliope",image,image/jpeg,Image;StillImage,https://iiif.perseus.tufts.edu/iiif/3/1993.01.0015/full/max/0/default.jpg,"https://iiif.perseus.tufts.edu/iiif/3/1993.01.0015/full/^800,/0/default.jpg","https://iiif.perseus.tufts.edu/iiif/3/1993.01.0015/full/^450,/0/default.jpg","From Furtwngler-Reichhold, Griechische Vasenmalerei: Auswahl hervorragender Vasenbilder, Tafeln 1-10. Mnchen: Bruckmann, 1900. pls. 1-2","Franois Vase: Detailed drawing of the main frieze, chariot of Hera and Zeus, preceded by the Muses, Ourania and Kalliope",aa_4364,https://iiif.perseus.tufts.edu/iiif/3/1993.01.0015,,,,,,,,,,,,,,,,,,,,,,,,,,,,,,,,,,,,,,,,,,,,,,,,,,,,,,,,,,,,,,,,,,,,,,,,,,,,,,,,,,,,,,,,,,,,,,,,,,
1993.01.0016,i1993010016,aa_4364,"Franois Vase: Detailed drawing of the main frieze, chariot of Hera and Zeus, preceded by the Muses, Ourania and Kalliope; signature of Ergotimos (""Ergotimas made it"") in the lower right corner",image,image/jpeg,Image;StillImage,https://iiif.perseus.tufts.edu/iiif/3/1993.01.0016/full/max/0/default.jpg,"https://iiif.perseus.tufts.edu/iiif/3/1993.01.0016/full/^800,/0/default.jpg","https://iiif.perseus.tufts.edu/iiif/3/1993.01.0016/full/^450,/0/default.jpg","From Furtwngler-Reichhold, Griechische Vasenmalerei: Auswahl hervorragender Vasenbilder, Tafeln 1-10. Mnchen: Bruckmann, 1900. pls. 1-2","Franois Vase: Detailed drawing of the main frieze, chariot of Hera and Zeus, preceded by the Muses, Ourania and Kalliope; signature of Ergotimos (""Ergotimas made it"") in the lower right corner",aa_4364,https://iiif.perseus.tufts.edu/iiif/3/1993.01.0016,,,,,,,,,,,,,,,,,,,,,,,,,,,,,,,,,,,,,,,,,,,,,,,,,,,,,,,,,,,,,,,,,,,,,,,,,,,,,,,,,,,,,,,,,,,,,,,,,,
1993.01.0017,i1993010017,aa_4364,"Franois Vase: Detailed drawing of the main frieze, showing Dionysos and the Horai",image,image/jpeg,Image;StillImage,https://iiif.perseus.tufts.edu/iiif/3/1993.01.0017/full/max/0/default.jpg,"https://iiif.perseus.tufts.edu/iiif/3/1993.01.0017/full/^800,/0/default.jpg","https://iiif.perseus.tufts.edu/iiif/3/1993.01.0017/full/^450,/0/default.jpg","From Furtwngler-Reichhold, Griechische Vasenmalerei: Auswahl hervorragender Vasenbilder, Tafeln 1-10. Mnchen: Bruckmann, 1900. pls. 1-2","Franois Vase: Detailed drawing of the main frieze, showing Dionysos and the Horai",aa_4364,https://iiif.perseus.tufts.edu/iiif/3/1993.01.0017,,,,,,,,,,,,,,,,,,,,,,,,,,,,,,,,,,,,,,,,,,,,,,,,,,,,,,,,,,,,,,,,,,,,,,,,,,,,,,,,,,,,,,,,,,,,,,,,,,
1993.01.0018,i1993010018,aa_4364,"Franois Vase: Detailed drawing of the main frieze, showing Chiron, Iris, Hestia, Chariklo, and Dionysos; signature of Kleitias (""Kleitias painted it"") on the right side",image,image/jpeg,Image;StillImage,https://iiif.perseus.tufts.edu/iiif/3/1993.01.0018/full/max/0/default.jpg,"https://iiif.perseus.tufts.edu/iiif/3/1993.01.0018/full/^800,/0/default.jpg","https://iiif.perseus.tufts.edu/iiif/3/1993.01.0018/full/^450,/0/default.jpg","From Furtwngler-Reichhold, Griechische Vasenmalerei: Auswahl hervorragender Vasenbilder, Tafeln 1-10. Mnchen: Bruckmann, 1900. pls. 1-2","Franois Vase: Detailed drawing of the main frieze, showing Chiron, Iris, Hestia, Chariklo, and Dionysos; signature of Kleitias (""Kleitias painted it"") on the right side",aa_4364,https://iiif.perseus.tufts.edu/iiif/3/1993.01.0018,,,,,,,,,,,,,,,,,,,,,,,,,,,,,,,,,,,,,,,,,,,,,,,,,,,,,,,,,,,,,,,,,,,,,,,,,,,,,,,,,,,,,,,,,,,,,,,,,,
1993.01.0019,i1993010019,aa_4364,"Franois Vase: Detailed drawing of the main frieze, showing Peleus (in front of his palace), greeting Chiron and Iris; signature of Kleitias (""Kleitias painted it"") in the middle",image,image/jpeg,Image;StillImage,https://iiif.perseus.tufts.edu/iiif/3/1993.01.0019/full/max/0/default.jpg,"https://iiif.perseus.tufts.edu/iiif/3/1993.01.0019/full/^800,/0/default.jpg","https://iiif.perseus.tufts.edu/iiif/3/1993.01.0019/full/^450,/0/default.jpg","From Furtwngler-Reichhold, Griechische Vasenmalerei: Auswahl hervorragender Vasenbilder, Tafeln 1-10. Mnchen: Bruckmann, 1900. pls. 1-2","Franois Vase: Detailed drawing of the main frieze, showing Peleus (in front of his palace), greeting Chiron and Iris; signature of Kleitias (""Kleitias painted it"") in the middle",aa_4364,https://iiif.perseus.tufts.edu/iiif/3/1993.01.0019,,,,,,,,,,,,,,,,,,,,,,,,,,,,,,,,,,,,,,,,,,,,,,,,,,,,,,,,,,,,,,,,,,,,,,,,,,,,,,,,,,,,,,,,,,,,,,,,,,
1993.01.0020,i1993010020,aa_4364,"Franois Vase: Detailed drawing of the main frieze, showing Thetis in the palace of Peleus (who stands in front of it)",image,image/jpeg,Image;StillImage,https://iiif.perseus.tufts.edu/iiif/3/1993.01.0020/full/max/0/default.jpg,"https://iiif.perseus.tufts.edu/iiif/3/1993.01.0020/full/^800,/0/default.jpg","https://iiif.perseus.tufts.edu/iiif/3/1993.01.0020/full/^450,/0/default.jpg","From Furtwngler-Reichhold, Griechische Vasenmalerei: Auswahl hervorragender Vasenbilder, Tafeln 1-10. Mnchen: Bruckmann, 1900. pls. 1-2","Franois Vase: Detailed drawing of the main frieze, showing Thetis in the palace of Peleus (who stands in front of it)",aa_4364,https://iiif.perseus.tufts.edu/iiif/3/1993.01.0020,,,,,,,,,,,,,,,,,,,,,,,,,,,,,,,,,,,,,,,,,,,,,,,,,,,,,,,,,,,,,,,,,,,,,,,,,,,,,,,,,,,,,,,,,,,,,,,,,,
1993.01.0021,i1993010021,aa_4364,"Franois Vase: Detailed drawing of the main frieze, showing the chariot of Apollo and Leto (?) behind the chariot of Ares and Aphrodite",image,image/jpeg,Image;StillImage,https://iiif.perseus.tufts.edu/iiif/3/1993.01.0021/full/max/0/default.jpg,"https://iiif.perseus.tufts.edu/iiif/3/1993.01.0021/full/^800,/0/default.jpg","https://iiif.perseus.tufts.edu/iiif/3/1993.01.0021/full/^450,/0/default.jpg","From Furtwngler-Reichhold, Griechische Vasenmalerei: Auswahl hervorragender Vasenbilder, Tafeln 1-10. Mnchen: Bruckmann, 1900. pls. 1-2","Franois Vase: Detailed drawing of the main frieze, showing the chariot of Apollo and Leto (?) behind the chariot of Ares and Aphrodite",aa_4364,https://iiif.perseus.tufts.edu/iiif/3/1993.01.0021,,,,,,,,,,,,,,,,,,,,,,,,,,,,,,,,,,,,,,,,,,,,,,,,,,,,,,,,,,,,,,,,,,,,,,,,,,,,,,,,,,,,,,,,,,,,,,,,,,
1993.01.0022,i1993010022,aa_4364,"Franois Vase: Detailed drawing of the main frieze, showing Doris, Nereus, and the chariot of Athena",image,image/jpeg,Image;StillImage,https://iiif.perseus.tufts.edu/iiif/3/1993.01.0022/full/max/0/default.jpg,"https://iiif.perseus.tufts.edu/iiif/3/1993.01.0022/full/^800,/0/default.jpg","https://iiif.perseus.tufts.edu/iiif/3/1993.01.0022/full/^450,/0/default.jpg","From Furtwngler-Reichhold, Griechische Vasenmalerei: Auswahl hervorragender Vasenbilder, Tafeln 1-10. Mnchen: Bruckmann, 1900. pls. 1-2","Franois Vase: Detailed drawing of the main frieze, showing Doris, Nereus, and the chariot of Athena",aa_4364,https://iiif.perseus.tufts.edu/iiif/3/1993.01.0022,,,,,,,,,,,,,,,,,,,,,,,,,,,,,,,,,,,,,,,,,,,,,,,,,,,,,,,,,,,,,,,,,,,,,,,,,,,,,,,,,,,,,,,,,,,,,,,,,,
1993.01.0023,i1993010023,aa_4364,"Franois Vase: Detailed drawing of the main frieze, showing the Moirai and the chariot of Hermes and Maia",image,image/jpeg,Image;StillImage,https://iiif.perseus.tufts.edu/iiif/3/1993.01.0023/full/max/0/default.jpg,"https://iiif.perseus.tufts.edu/iiif/3/1993.01.0023/full/^800,/0/default.jpg","https://iiif.perseus.tufts.edu/iiif/3/1993.01.0023/full/^450,/0/default.jpg","From Furtwngler-Reichhold, Griechische Vasenmalerei: Auswahl hervorragender Vasenbilder, Tafeln 1-10. Mnchen: Bruckmann, 1900. pls. 1-2","Franois Vase: Detailed drawing of the main frieze, showing the Moirai and the chariot of Hermes and Maia",aa_4364,https://iiif.perseus.tufts.edu/iiif/3/1993.01.0023,,,,,,,,,,,,,,,,,,,,,,,,,,,,,,,,,,,,,,,,,,,,,,,,,,,,,,,,,,,,,,,,,,,,,,,,,,,,,,,,,,,,,,,,,,,,,,,,,,
1993.01.0024,i1993010024,aa_4364,"Franois Vase: Detailed drawing of the main frieze, showing the chariot of Okeanos",image,image/jpeg,Image;StillImage,https://iiif.perseus.tufts.edu/iiif/3/1993.01.0024/full/max/0/default.jpg,"https://iiif.perseus.tufts.edu/iiif/3/1993.01.0024/full/^800,/0/default.jpg","https://iiif.perseus.tufts.edu/iiif/3/1993.01.0024/full/^450,/0/default.jpg","From Furtwngler-Reichhold, Griechische Vasenmalerei: Auswahl hervorragender Vasenbilder, Tafeln 1-10. Mnchen: Bruckmann, 1900. pls. 1-2","Franois Vase: Detailed drawing of the main frieze, showing the chariot of Okeanos",aa_4364,https://iiif.perseus.tufts.edu/iiif/3/1993.01.0024,,,,,,,,,,,,,,,,,,,,,,,,,,,,,,,,,,,,,,,,,,,,,,,,,,,,,,,,,,,,,,,,,,,,,,,,,,,,,,,,,,,,,,,,,,,,,,,,,,
1993.01.0025,i1993010025,aa_4364,"Franois Vase: Overview drawing of the krater, 3/4-view of side A",image,image/jpeg,Image;StillImage,https://iiif.perseus.tufts.edu/iiif/3/1993.01.0025/full/max/0/default.jpg,"https://iiif.perseus.tufts.edu/iiif/3/1993.01.0025/full/^800,/0/default.jpg","https://iiif.perseus.tufts.edu/iiif/3/1993.01.0025/full/^450,/0/default.jpg","From Furtwngler-Reichhold, Griechische Vasenmalerei: Auswahl hervorragender Vasenbilder, Tafeln 1-10. Mnchen: Bruckmann, 1900. pl. 3","Franois Vase: Overview drawing of the krater, 3/4-view of side A",aa_4364,https://iiif.perseus.tufts.edu/iiif/3/1993.01.0025,,,,,,,,,,,,,,,,,,,,,,,,,,,,,,,,,,,,,,,,,,,,,,,,,,,,,,,,,,,,,,,,,,,,,,,,,,,,,,,,,,,,,,,,,,,,,,,,,,
1993.01.0026,i1993010026,aa_4364,Franois Vase: Drawing of an animal frieze on the lower part of the body,image,image/jpeg,Image;StillImage,https://iiif.perseus.tufts.edu/iiif/3/1993.01.0026/full/max/0/default.jpg,"https://iiif.perseus.tufts.edu/iiif/3/1993.01.0026/full/^800,/0/default.jpg","https://iiif.perseus.tufts.edu/iiif/3/1993.01.0026/full/^450,/0/default.jpg","From Furtwngler-Reichhold, Griechische Vasenmalerei: Auswahl hervorragender Vasenbilder, Tafeln 1-10. Mnchen: Bruckmann, 1900. pl. 3",Franois Vase: Drawing of an animal frieze on the lower part of the body,aa_4364,https://iiif.perseus.tufts.edu/iiif/3/1993.01.0026,,,,,,,,,,,,,,,,,,,,,,,,,,,,,,,,,,,,,,,,,,,,,,,,,,,,,,,,,,,,,,,,,,,,,,,,,,,,,,,,,,,,,,,,,,,,,,,,,,
1993.01.0027,i1993010027,aa_4364,Franois Vase: Drawing of an animal frieze on the lower part of the body,image,image/jpeg,Image;StillImage,https://iiif.perseus.tufts.edu/iiif/3/1993.01.0027/full/max/0/default.jpg,"https://iiif.perseus.tufts.edu/iiif/3/1993.01.0027/full/^800,/0/default.jpg","https://iiif.perseus.tufts.edu/iiif/3/1993.01.0027/full/^450,/0/default.jpg","From Furtwngler-Reichhold, Griechische Vasenmalerei: Auswahl hervorragender Vasenbilder, Tafeln 1-10. Mnchen: Bruckmann, 1900. pl. 3",Franois Vase: Drawing of an animal frieze on the lower part of the body,aa_4364,https://iiif.perseus.tufts.edu/iiif/3/1993.01.0027,,,,,,,,,,,,,,,,,,,,,,,,,,,,,,,,,,,,,,,,,,,,,,,,,,,,,,,,,,,,,,,,,,,,,,,,,,,,,,,,,,,,,,,,,,,,,,,,,,
1993.01.0028,i1993010028,aa_4364,"Franois Vase: Overview drawing of the krater (3/4-view of side A) and a detailed drawing of the frieze around the foot, showing a battle of Pygmies and cranes",image,image/jpeg,Image;StillImage,https://iiif.perseus.tufts.edu/iiif/3/1993.01.0028/full/max/0/default.jpg,"https://iiif.perseus.tufts.edu/iiif/3/1993.01.0028/full/^800,/0/default.jpg","https://iiif.perseus.tufts.edu/iiif/3/1993.01.0028/full/^450,/0/default.jpg","From Furtwngler-Reichhold, Griechische Vasenmalerei: Auswahl hervorragender Vasenbilder, Tafeln 1-10. Mnchen: Bruckmann, 1900. pl. 3","Franois Vase: Overview drawing of the krater (3/4-view of side A) and a detailed drawing of the frieze around the foot, showing a battle of Pygmies and cranes",aa_4364,https://iiif.perseus.tufts.edu/iiif/3/1993.01.0028,,,,,,,,,,,,,,,,,,,,,,,,,,,,,,,,,,,,,,,,,,,,,,,,,,,,,,,,,,,,,,,,,,,,,,,,,,,,,,,,,,,,,,,,,,,,,,,,,,
1993.01.0029,i1993010029,aa_4364,"Franois Vase: Drawing of a detail of the frieze on the foot, showing a battle of Pygmies and cranes (right half)",image,image/jpeg,Image;StillImage,https://iiif.perseus.tufts.edu/iiif/3/1993.01.0029/full/max/0/default.jpg,"https://iiif.perseus.tufts.edu/iiif/3/1993.01.0029/full/^800,/0/default.jpg","https://iiif.perseus.tufts.edu/iiif/3/1993.01.0029/full/^450,/0/default.jpg","From Furtwngler-Reichhold, Griechische Vasenmalerei: Auswahl hervorragender Vasenbilder, Tafeln 1-10. Mnchen: Bruckmann, 1900. pl. 3","Franois Vase: Drawing of a detail of the frieze on the foot, showing a battle of Pygmies and cranes (right half)",aa_4364,https://iiif.perseus.tufts.edu/iiif/3/1993.01.0029,,,,,,,,,,,,,,,,,,,,,,,,,,,,,,,,,,,,,,,,,,,,,,,,,,,,,,,,,,,,,,,,,,,,,,,,,,,,,,,,,,,,,,,,,,,,,,,,,,
1993.01.0030,i1993010030,aa_4364,"Franois Vase: Drawing of a detail of the frieze on the foot, showing a battle of Pygmies and cranes (left half)",image,image/jpeg,Image;StillImage,https://iiif.perseus.tufts.edu/iiif/3/1993.01.0030/full/max/0/default.jpg,"https://iiif.perseus.tufts.edu/iiif/3/1993.01.0030/full/^800,/0/default.jpg","https://iiif.perseus.tufts.edu/iiif/3/1993.01.0030/full/^450,/0/default.jpg","From Furtwngler-Reichhold, Griechische Vasenmalerei: Auswahl hervorragender Vasenbilder, Tafeln 1-10. Mnchen: Bruckmann, 1900. pl. 3","Franois Vase: Drawing of a detail of the frieze on the foot, showing a battle of Pygmies and cranes (left half)",aa_4364,https://iiif.perseus.tufts.edu/iiif/3/1993.01.0030,,,,,,,,,,,,,,,,,,,,,,,,,,,,,,,,,,,,,,,,,,,,,,,,,,,,,,,,,,,,,,,,,,,,,,,,,,,,,,,,,,,,,,,,,,,,,,,,,,
1993.01.0031,i1993010031,aa_4364,"Franois Vase: Detail, drawing of the left half of the animal frieze on the lower body",image,image/jpeg,Image;StillImage,https://iiif.perseus.tufts.edu/iiif/3/1993.01.0031/full/max/0/default.jpg,"https://iiif.perseus.tufts.edu/iiif/3/1993.01.0031/full/^800,/0/default.jpg","https://iiif.perseus.tufts.edu/iiif/3/1993.01.0031/full/^450,/0/default.jpg","From Furtwngler-Reichhold, Griechische Vasenmalerei: Auswahl hervorragender Vasenbilder, Tafeln 1-10. Mnchen: Bruckmann, 1900. pl. 3","Franois Vase: Detail, drawing of the left half of the animal frieze on the lower body",aa_4364,https://iiif.perseus.tufts.edu/iiif/3/1993.01.0031,,,,,,,,,,,,,,,,,,,,,,,,,,,,,,,,,,,,,,,,,,,,,,,,,,,,,,,,,,,,,,,,,,,,,,,,,,,,,,,,,,,,,,,,,,,,,,,,,,
1993.01.0032,i1993010032,aa_4364,"Franois Vase: Detail, drawing of the right half of the animal frieze on the lower body",image,image/jpeg,Image;StillImage,https://iiif.perseus.tufts.edu/iiif/3/1993.01.0032/full/max/0/default.jpg,"https://iiif.perseus.tufts.edu/iiif/3/1993.01.0032/full/^800,/0/default.jpg","https://iiif.perseus.tufts.edu/iiif/3/1993.01.0032/full/^450,/0/default.jpg","From Furtwngler-Reichhold, Griechische Vasenmalerei: Auswahl hervorragender Vasenbilder, Tafeln 1-10. Mnchen: Bruckmann, 1900. pl. 3","Franois Vase: Detail, drawing of the right half of the animal frieze on the lower body",aa_4364,https://iiif.perseus.tufts.edu/iiif/3/1993.01.0032,,,,,,,,,,,,,,,,,,,,,,,,,,,,,,,,,,,,,,,,,,,,,,,,,,,,,,,,,,,,,,,,,,,,,,,,,,,,,,,,,,,,,,,,,,,,,,,,,,
1993.01.0033,i1993010033,aa_4364,"Franois Vase: Detail, drawing of the right half of the animal frieze on the lower body",image,image/jpeg,Image;StillImage,https://iiif.perseus.tufts.edu/iiif/3/1993.01.0033/full/max/0/default.jpg,"https://iiif.perseus.tufts.edu/iiif/3/1993.01.0033/full/^800,/0/default.jpg","https://iiif.perseus.tufts.edu/iiif/3/1993.01.0033/full/^450,/0/default.jpg","From Furtwngler-Reichhold, Griechische Vasenmalerei: Auswahl hervorragender Vasenbilder, Tafeln 1-10. Mnchen: Bruckmann, 1900. pl. 3","Franois Vase: Detail, drawing of the right half of the animal frieze on the lower body",aa_4364,https://iiif.perseus.tufts.edu/iiif/3/1993.01.0033,,,,,,,,,,,,,,,,,,,,,,,,,,,,,,,,,,,,,,,,,,,,,,,,,,,,,,,,,,,,,,,,,,,,,,,,,,,,,,,,,,,,,,,,,,,,,,,,,,
1993.01.0034,i1993010034,aa_4364,"Franois Vase: Detail, drawing of the left half of the animal frieze on the lower body",image,image/jpeg,Image;StillImage,https://iiif.perseus.tufts.edu/iiif/3/1993.01.0034/full/max/0/default.jpg,"https://iiif.perseus.tufts.edu/iiif/3/1993.01.0034/full/^800,/0/default.jpg","https://iiif.perseus.tufts.edu/iiif/3/1993.01.0034/full/^450,/0/default.jpg","From Furtwngler-Reichhold, Griechische Vasenmalerei: Auswahl hervorragender Vasenbilder, Tafeln 1-10. Mnchen: Bruckmann, 1900. pl. 3","Franois Vase: Detail, drawing of the left half of the animal frieze on the lower body",aa_4364,https://iiif.perseus.tufts.edu/iiif/3/1993.01.0034,,,,,,,,,,,,,,,,,,,,,,,,,,,,,,,,,,,,,,,,,,,,,,,,,,,,,,,,,,,,,,,,,,,,,,,,,,,,,,,,,,,,,,,,,,,,,,,,,,
1993.01.0035,i1993010035,aa_4364,Franois Vase: Drawing of a chariot race (#6) on the lower body,image,image/jpeg,Image;StillImage,https://iiif.perseus.tufts.edu/iiif/3/1993.01.0035/full/max/0/default.jpg,"https://iiif.perseus.tufts.edu/iiif/3/1993.01.0035/full/^800,/0/default.jpg","https://iiif.perseus.tufts.edu/iiif/3/1993.01.0035/full/^450,/0/default.jpg","From Furtwngler-Reichhold, Griechische Vasenmalerei: Auswahl hervorragender Vasenbilder, Tafeln 1-10. Mnchen: Bruckmann, 1900. pl. 3",Franois Vase: Drawing of a chariot race (#6) on the lower body,aa_4364,https://iiif.perseus.tufts.edu/iiif/3/1993.01.0035,,,,,,,,,,,,,,,,,,,,,,,,,,,,,,,,,,,,,,,,,,,,,,,,,,,,,,,,,,,,,,,,,,,,,,,,,,,,,,,,,,,,,,,,,,,,,,,,,,
1993.01.0036,i1993010036,aa_4364,Franois Vase: Drawing of a chariot race (#4) on the lower body,image,image/jpeg,Image;StillImage,https://iiif.perseus.tufts.edu/iiif/3/1993.01.0036/full/max/0/default.jpg,"https://iiif.perseus.tufts.edu/iiif/3/1993.01.0036/full/^800,/0/default.jpg","https://iiif.perseus.tufts.edu/iiif/3/1993.01.0036/full/^450,/0/default.jpg","From Furtwngler-Reichhold, Griechische Vasenmalerei: Auswahl hervorragender Vasenbilder, Tafeln 1-10. Mnchen: Bruckmann, 1900. pl. 3",Franois Vase: Drawing of a chariot race (#4) on the lower body,aa_4364,https://iiif.perseus.tufts.edu/iiif/3/1993.01.0036,,,,,,,,,,,,,,,,,,,,,,,,,,,,,,,,,,,,,,,,,,,,,,,,,,,,,,,,,,,,,,,,,,,,,,,,,,,,,,,,,,,,,,,,,,,,,,,,,,
1993.01.0037,i1993010037,aa_4364,Franois Vase: Drawing of a chariot race (#5) on the lower body,image,image/jpeg,Image;StillImage,https://iiif.perseus.tufts.edu/iiif/3/1993.01.0037/full/max/0/default.jpg,"https://iiif.perseus.tufts.edu/iiif/3/1993.01.0037/full/^800,/0/default.jpg","https://iiif.perseus.tufts.edu/iiif/3/1993.01.0037/full/^450,/0/default.jpg","From Furtwngler-Reichhold, Griechische Vasenmalerei: Auswahl hervorragender Vasenbilder, Tafeln 1-10. Mnchen: Bruckmann, 1900. pl. 3",Franois Vase: Drawing of a chariot race (#5) on the lower body,aa_4364,https://iiif.perseus.tufts.edu/iiif/3/1993.01.0037,,,,,,,,,,,,,,,,,,,,,,,,,,,,,,,,,,,,,,,,,,,,,,,,,,,,,,,,,,,,,,,,,,,,,,,,,,,,,,,,,,,,,,,,,,,,,,,,,,
1993.01.0038,i1993010038,aa_4364,Franois Vase: Drawing of a chariot race (#3) on the lower body,image,image/jpeg,Image;StillImage,https://iiif.perseus.tufts.edu/iiif/3/1993.01.0038/full/max/0/default.jpg,"https://iiif.perseus.tufts.edu/iiif/3/1993.01.0038/full/^800,/0/default.jpg","https://iiif.perseus.tufts.edu/iiif/3/1993.01.0038/full/^450,/0/default.jpg","From Furtwngler-Reichhold, Griechische Vasenmalerei: Auswahl hervorragender Vasenbilder, Tafeln 1-10. Mnchen: Bruckmann, 1900. pl. 3",Franois Vase: Drawing of a chariot race (#3) on the lower body,aa_4364,https://iiif.perseus.tufts.edu/iiif/3/1993.01.0038,,,,,,,,,,,,,,,,,,,,,,,,,,,,,,,,,,,,,,,,,,,,,,,,,,,,,,,,,,,,,,,,,,,,,,,,,,,,,,,,,,,,,,,,,,,,,,,,,,
1993.01.0039,i1993010039,aa_4364,Franois Vase: Drawing of a chariot race (#7) on the lower body,image,image/jpeg,Image;StillImage,https://iiif.perseus.tufts.edu/iiif/3/1993.01.0039/full/max/0/default.jpg,"https://iiif.perseus.tufts.edu/iiif/3/1993.01.0039/full/^800,/0/default.jpg","https://iiif.perseus.tufts.edu/iiif/3/1993.01.0039/full/^450,/0/default.jpg","From Furtwngler-Reichhold, Griechische Vasenmalerei: Auswahl hervorragender Vasenbilder, Tafeln 1-10. Mnchen: Bruckmann, 1900. pl. 3",Franois Vase: Drawing of a chariot race (#7) on the lower body,aa_4364,https://iiif.perseus.tufts.edu/iiif/3/1993.01.0039,,,,,,,,,,,,,,,,,,,,,,,,,,,,,,,,,,,,,,,,,,,,,,,,,,,,,,,,,,,,,,,,,,,,,,,,,,,,,,,,,,,,,,,,,,,,,,,,,,
1993.01.0040,i1993010040,aa_4364,Franois Vase: Drawing of a chariot race (#8) on the lower body,image,image/jpeg,Image;StillImage,https://iiif.perseus.tufts.edu/iiif/3/1993.01.0040/full/max/0/default.jpg,"https://iiif.perseus.tufts.edu/iiif/3/1993.01.0040/full/^800,/0/default.jpg","https://iiif.perseus.tufts.edu/iiif/3/1993.01.0040/full/^450,/0/default.jpg","From Furtwngler-Reichhold, Griechische Vasenmalerei: Auswahl hervorragender Vasenbilder, Tafeln 1-10. Mnchen: Bruckmann, 1900. pl. 3",Franois Vase: Drawing of a chariot race (#8) on the lower body,aa_4364,https://iiif.perseus.tufts.edu/iiif/3/1993.01.0040,,,,,,,,,,,,,,,,,,,,,,,,,,,,,,,,,,,,,,,,,,,,,,,,,,,,,,,,,,,,,,,,,,,,,,,,,,,,,,,,,,,,,,,,,,,,,,,,,,
1993.01.0088,i1993010088,aa_4364,"Franois Vase: Neck, drawing of the left portion of the lower frieze on side A, showing the funeral games for Patroklos",image,image/jpeg,Image;StillImage,https://iiif.perseus.tufts.edu/iiif/3/1993.01.0088/full/max/0/default.jpg,"https://iiif.perseus.tufts.edu/iiif/3/1993.01.0088/full/^800,/0/default.jpg","https://iiif.perseus.tufts.edu/iiif/3/1993.01.0088/full/^450,/0/default.jpg","From Furtwngler-Reichhold, Griechische Vasenmalerei: Auswahl hervorragender Vasenbilder, Tafeln 11-20. Mnchen: Bruckmann, 1900. pls. 11-12","Franois Vase: Neck, drawing of the left portion of the lower frieze on side A, showing the funeral games for Patroklos",aa_4364,https://iiif.perseus.tufts.edu/iiif/3/1993.01.0088,,,,,,,,,,,,,,,,,,,,,,,,,,,,,,,,,,,,,,,,,,,,,,,,,,,,,,,,,,,,,,,,,,,,,,,,,,,,,,,,,,,,,,,,,,,,,,,,,,
1993.01.0089,i1993010089,aa_4364,"Franois Vase: Neck, drawing of the center portion of the lower frieze on side A, showing the funeral games for Patroklos",image,image/jpeg,Image;StillImage,https://iiif.perseus.tufts.edu/iiif/3/1993.01.0089/full/max/0/default.jpg,"https://iiif.perseus.tufts.edu/iiif/3/1993.01.0089/full/^800,/0/default.jpg","https://iiif.perseus.tufts.edu/iiif/3/1993.01.0089/full/^450,/0/default.jpg","From Furtwngler-Reichhold, Griechische Vasenmalerei: Auswahl hervorragender Vasenbilder, Tafeln 11-20. Mnchen: Bruckmann, 1900. pls. 11-12","Franois Vase: Neck, drawing of the center portion of the lower frieze on side A, showing the funeral games for Patroklos",aa_4364,https://iiif.perseus.tufts.edu/iiif/3/1993.01.0089,,,,,,,,,,,,,,,,,,,,,,,,,,,,,,,,,,,,,,,,,,,,,,,,,,,,,,,,,,,,,,,,,,,,,,,,,,,,,,,,,,,,,,,,,,,,,,,,,,
1993.01.0090,i1993010090,aa_4364,"Franois Vase: Neck, drawing of the right portion of the lower frieze on side A, showing the funeral games for Patroklos",image,image/jpeg,Image;StillImage,https://iiif.perseus.tufts.edu/iiif/3/1993.01.0090/full/max/0/default.jpg,"https://iiif.perseus.tufts.edu/iiif/3/1993.01.0090/full/^800,/0/default.jpg","https://iiif.perseus.tufts.edu/iiif/3/1993.01.0090/full/^450,/0/default.jpg","From Furtwngler-Reichhold, Griechische Vasenmalerei: Auswahl hervorragender Vasenbilder, Tafeln 11-20. Mnchen: Bruckmann, 1900. pls. 11-12","Franois Vase: Neck, drawing of the right portion of the lower frieze on side A, showing the funeral games for Patroklos",aa_4364,https://iiif.perseus.tufts.edu/iiif/3/1993.01.0090,,,,,,,,,,,,,,,,,,,,,,,,,,,,,,,,,,,,,,,,,,,,,,,,,,,,,,,,,,,,,,,,,,,,,,,,,,,,,,,,,,,,,,,,,,,,,,,,,,
1993.01.0091,i1993010091,aa_4364,"Franois Vase: Neck, drawing of the right portion of the lower frieze on side B, showing a Centauromachy",image,image/jpeg,Image;StillImage,https://iiif.perseus.tufts.edu/iiif/3/1993.01.0091/full/max/0/default.jpg,"https://iiif.perseus.tufts.edu/iiif/3/1993.01.0091/full/^800,/0/default.jpg","https://iiif.perseus.tufts.edu/iiif/3/1993.01.0091/full/^450,/0/default.jpg","From Furtwngler-Reichhold, Griechische Vasenmalerei: Auswahl hervorragender Vasenbilder, Tafeln 11-20. Mnchen: Bruckmann, 1900. pls. 11-12","Franois Vase: Neck, drawing of the right portion of the lower frieze on side B, showing a Centauromachy",aa_4364,https://iiif.perseus.tufts.edu/iiif/3/1993.01.0091,,,,,,,,,,,,,,,,,,,,,,,,,,,,,,,,,,,,,,,,,,,,,,,,,,,,,,,,,,,,,,,,,,,,,,,,,,,,,,,,,,,,,,,,,,,,,,,,,,
1993.01.0092,i1993010092,aa_4364,"Franois Vase: Neck, drawing of the center portion of the lower frieze on side B, showing a Centauromachy",image,image/jpeg,Image;StillImage,https://iiif.perseus.tufts.edu/iiif/3/1993.01.0092/full/max/0/default.jpg,"https://iiif.perseus.tufts.edu/iiif/3/1993.01.0092/full/^800,/0/default.jpg","https://iiif.perseus.tufts.edu/iiif/3/1993.01.0092/full/^450,/0/default.jpg","From Furtwngler-Reichhold, Griechische Vasenmalerei: Auswahl hervorragender Vasenbilder, Tafeln 11-20. Mnchen: Bruckmann, 1900. pls. 11-12","Franois Vase: Neck, drawing of the center portion of the lower frieze on side B, showing a Centauromachy",aa_4364,https://iiif.perseus.tufts.edu/iiif/3/1993.01.0092,,,,,,,,,,,,,,,,,,,,,,,,,,,,,,,,,,,,,,,,,,,,,,,,,,,,,,,,,,,,,,,,,,,,,,,,,,,,,,,,,,,,,,,,,,,,,,,,,,
1993.01.0093,i1993010093,aa_4364,"Franois Vase: Neck, drawing of the left portion of the lower frieze on side B, showing a Centauromachy",image,image/jpeg,Image;StillImage,https://iiif.perseus.tufts.edu/iiif/3/1993.01.0093/full/max/0/default.jpg,"https://iiif.perseus.tufts.edu/iiif/3/1993.01.0093/full/^800,/0/default.jpg","https://iiif.perseus.tufts.edu/iiif/3/1993.01.0093/full/^450,/0/default.jpg","From Furtwngler-Reichhold, Griechische Vasenmalerei: Auswahl hervorragender Vasenbilder, Tafeln 11-20. Mnchen: Bruckmann, 1900. pls. 11-12","Franois Vase: Neck, drawing of the left portion of the lower frieze on side B, showing a Centauromachy",aa_4364,https://iiif.perseus.tufts.edu/iiif/3/1993.01.0093,,,,,,,,,,,,,,,,,,,,,,,,,,,,,,,,,,,,,,,,,,,,,,,,,,,,,,,,,,,,,,,,,,,,,,,,,,,,,,,,,,,,,,,,,,,,,,,,,,
1993.01.0094,i1993010094,aa_4364,"Franois Vase: Drawing of the right half of the second body frieze on side B (the return of Hephaistos), showing Hephaistos, silens, and nymphs",image,image/jpeg,Image;StillImage,https://iiif.perseus.tufts.edu/iiif/3/1993.01.0094/full/max/0/default.jpg,"https://iiif.perseus.tufts.edu/iiif/3/1993.01.0094/full/^800,/0/default.jpg","https://iiif.perseus.tufts.edu/iiif/3/1993.01.0094/full/^450,/0/default.jpg","From Furtwngler-Reichhold, Griechische Vasenmalerei: Auswahl hervorragender Vasenbilder, Tafeln 11-20. Mnchen: Bruckmann, 1900. pls. 11-12","Franois Vase: Drawing of the right half of the second body frieze on side B (the return of Hephaistos), showing Hephaistos, silens, and nymphs",aa_4364,https://iiif.perseus.tufts.edu/iiif/3/1993.01.0094,,,,,,,,,,,,,,,,,,,,,,,,,,,,,,,,,,,,,,,,,,,,,,,,,,,,,,,,,,,,,,,,,,,,,,,,,,,,,,,,,,,,,,,,,,,,,,,,,,
1993.01.0095,i1993010095,aa_4364,"Franois Vase: Drawing of the right end of the second body frieze on side B (the return of Hephaistos), showing silens and nymphs",image,image/jpeg,Image;StillImage,https://iiif.perseus.tufts.edu/iiif/3/1993.01.0095/full/max/0/default.jpg,"https://iiif.perseus.tufts.edu/iiif/3/1993.01.0095/full/^800,/0/default.jpg","https://iiif.perseus.tufts.edu/iiif/3/1993.01.0095/full/^450,/0/default.jpg","From Furtwngler-Reichhold, Griechische Vasenmalerei: Auswahl hervorragender Vasenbilder, Tafeln 11-20. Mnchen: Bruckmann, 1900. pls. 11-12","Franois Vase: Drawing of the right end of the second body frieze on side B (the return of Hephaistos), showing silens and nymphs",aa_4364,https://iiif.perseus.tufts.edu/iiif/3/1993.01.0095,,,,,,,,,,,,,,,,,,,,,,,,,,,,,,,,,,,,,,,,,,,,,,,,,,,,,,,,,,,,,,,,,,,,,,,,,,,,,,,,,,,,,,,,,,,,,,,,,,
1993.01.0096,i1993010096,aa_4364,"Franois Vase: Drawing of the second body frieze on side B (the return of Hephaistos), showing Aphrodite, Hephaistos, Dionysos, and silens",image,image/jpeg,Image;StillImage,https://iiif.perseus.tufts.edu/iiif/3/1993.01.0096/full/max/0/default.jpg,"https://iiif.perseus.tufts.edu/iiif/3/1993.01.0096/full/^800,/0/default.jpg","https://iiif.perseus.tufts.edu/iiif/3/1993.01.0096/full/^450,/0/default.jpg","From Furtwngler-Reichhold, Griechische Vasenmalerei: Auswahl hervorragender Vasenbilder, Tafeln 11-20. Mnchen: Bruckmann, 1900. pls. 11-12","Franois Vase: Drawing of the second body frieze on side B (the return of Hephaistos), showing Aphrodite, Hephaistos, Dionysos, and silens",aa_4364,https://iiif.perseus.tufts.edu/iiif/3/1993.01.0096,,,,,,,,,,,,,,,,,,,,,,,,,,,,,,,,,,,,,,,,,,,,,,,,,,,,,,,,,,,,,,,,,,,,,,,,,,,,,,,,,,,,,,,,,,,,,,,,,,
1993.01.0097,i1993010097,aa_4364,"Franois Vase: Drawing of the second body frieze on side B (the return of Hephaistos), showing Ares, Athena, Hera, Zeus, and Aphrodite",image,image/jpeg,Image;StillImage,https://iiif.perseus.tufts.edu/iiif/3/1993.01.0097/full/max/0/default.jpg,"https://iiif.perseus.tufts.edu/iiif/3/1993.01.0097/full/^800,/0/default.jpg","https://iiif.perseus.tufts.edu/iiif/3/1993.01.0097/full/^450,/0/default.jpg","From Furtwngler-Reichhold, Griechische Vasenmalerei: Auswahl hervorragender Vasenbilder, Tafeln 11-20. Mnchen: Bruckmann, 1900. pls. 11-12","Franois Vase: Drawing of the second body frieze on side B (the return of Hephaistos), showing Ares, Athena, Hera, Zeus, and Aphrodite",aa_4364,https://iiif.perseus.tufts.edu/iiif/3/1993.01.0097,,,,,,,,,,,,,,,,,,,,,,,,,,,,,,,,,,,,,,,,,,,,,,,,,,,,,,,,,,,,,,,,,,,,,,,,,,,,,,,,,,,,,,,,,,,,,,,,,,
1993.01.0098,i1993010098,aa_4364,"Franois Vase: Drawing of the left end of the second body frieze on side B (the return of Hephaistos), showing Artemis, Ares, and Athena",image,image/jpeg,Image;StillImage,https://iiif.perseus.tufts.edu/iiif/3/1993.01.0098/full/max/0/default.jpg,"https://iiif.perseus.tufts.edu/iiif/3/1993.01.0098/full/^800,/0/default.jpg","https://iiif.perseus.tufts.edu/iiif/3/1993.01.0098/full/^450,/0/default.jpg","From Furtwngler-Reichhold, Griechische Vasenmalerei: Auswahl hervorragender Vasenbilder, Tafeln 11-20. Mnchen: Bruckmann, 1900. pls. 11-12","Franois Vase: Drawing of the left end of the second body frieze on side B (the return of Hephaistos), showing Artemis, Ares, and Athena",aa_4364,https://iiif.perseus.tufts.edu/iiif/3/1993.01.0098,,,,,,,,,,,,,,,,,,,,,,,,,,,,,,,,,,,,,,,,,,,,,,,,,,,,,,,,,,,,,,,,,,,,,,,,,,,,,,,,,,,,,,,,,,,,,,,,,,
1993.01.0099,i1993010099,aa_4364,"Franois Vase: Drawing of the left half of the second body frieze on side B (the return of Hephaistos), showing the gods on Olympus",image,image/jpeg,Image;StillImage,https://iiif.perseus.tufts.edu/iiif/3/1993.01.0099/full/max/0/default.jpg,"https://iiif.perseus.tufts.edu/iiif/3/1993.01.0099/full/^800,/0/default.jpg","https://iiif.perseus.tufts.edu/iiif/3/1993.01.0099/full/^450,/0/default.jpg","From Furtwngler-Reichhold, Griechische Vasenmalerei: Auswahl hervorragender Vasenbilder, Tafeln 11-20. Mnchen: Bruckmann, 1900. pls. 11-12","Franois Vase: Drawing of the left half of the second body frieze on side B (the return of Hephaistos), showing the gods on Olympus",aa_4364,https://iiif.perseus.tufts.edu/iiif/3/1993.01.0099,,,,,,,,,,,,,,,,,,,,,,,,,,,,,,,,,,,,,,,,,,,,,,,,,,,,,,,,,,,,,,,,,,,,,,,,,,,,,,,,,,,,,,,,,,,,,,,,,,
1993.01.0100,i1993010100,aa_4364,"Franois Vase: Drawing of the left half of the second body frieze on side A (the ambush of Troilus), showing Apollo, a Trojan youth, the fountainhouse, Rhodia, Thetis, Hermes, and Athena",image,image/jpeg,Image;StillImage,https://iiif.perseus.tufts.edu/iiif/3/1993.01.0100/full/max/0/default.jpg,"https://iiif.perseus.tufts.edu/iiif/3/1993.01.0100/full/^800,/0/default.jpg","https://iiif.perseus.tufts.edu/iiif/3/1993.01.0100/full/^450,/0/default.jpg","From Furtwngler-Reichhold, Griechische Vasenmalerei: Auswahl hervorragender Vasenbilder, Tafeln 11-20. Mnchen: Bruckmann, 1900. pls. 11-12","Franois Vase: Drawing of the left half of the second body frieze on side A (the ambush of Troilus), showing Apollo, a Trojan youth, the fountainhouse, Rhodia, Thetis, Hermes, and Athena",aa_4364,https://iiif.perseus.tufts.edu/iiif/3/1993.01.0100,,,,,,,,,,,,,,,,,,,,,,,,,,,,,,,,,,,,,,,,,,,,,,,,,,,,,,,,,,,,,,,,,,,,,,,,,,,,,,,,,,,,,,,,,,,,,,,,,,
1993.01.0101,i1993010101,aa_4364,"Franois Vase: Drawing of the left end of the second body frieze on side A (the ambush of Troilus), showing Apollo, a Trojan youth, the fountainhouse, and Rhodia",image,image/jpeg,Image;StillImage,https://iiif.perseus.tufts.edu/iiif/3/1993.01.0101/full/max/0/default.jpg,"https://iiif.perseus.tufts.edu/iiif/3/1993.01.0101/full/^800,/0/default.jpg","https://iiif.perseus.tufts.edu/iiif/3/1993.01.0101/full/^450,/0/default.jpg","From Furtwngler-Reichhold, Griechische Vasenmalerei: Auswahl hervorragender Vasenbilder, Tafeln 11-20. Mnchen: Bruckmann, 1900. pls. 11-12","Franois Vase: Drawing of the left end of the second body frieze on side A (the ambush of Troilus), showing Apollo, a Trojan youth, the fountainhouse, and Rhodia",aa_4364,https://iiif.perseus.tufts.edu/iiif/3/1993.01.0101,,,,,,,,,,,,,,,,,,,,,,,,,,,,,,,,,,,,,,,,,,,,,,,,,,,,,,,,,,,,,,,,,,,,,,,,,,,,,,,,,,,,,,,,,,,,,,,,,,
1993.01.0102,i1993010102,aa_4364,"Franois Vase: Drawing of part of the second body frieze on side A (the ambush of Troilus), showing Rhodia, Thetis, Hermes, and Athena",image,image/jpeg,Image;StillImage,https://iiif.perseus.tufts.edu/iiif/3/1993.01.0102/full/max/0/default.jpg,"https://iiif.perseus.tufts.edu/iiif/3/1993.01.0102/full/^800,/0/default.jpg","https://iiif.perseus.tufts.edu/iiif/3/1993.01.0102/full/^450,/0/default.jpg","From Furtwngler-Reichhold, Griechische Vasenmalerei: Auswahl hervorragender Vasenbilder, Tafeln 11-20. Mnchen: Bruckmann, 1900. pls. 11-12","Franois Vase: Drawing of part of the second body frieze on side A (the ambush of Troilus), showing Rhodia, Thetis, Hermes, and Athena",aa_4364,https://iiif.perseus.tufts.edu/iiif/3/1993.01.0102,,,,,,,,,,,,,,,,,,,,,,,,,,,,,,,,,,,,,,,,,,,,,,,,,,,,,,,,,,,,,,,,,,,,,,,,,,,,,,,,,,,,,,,,,,,,,,,,,,
1993.01.0103,i1993010103,aa_4364,"Franois Vase: Drawing of part of the second body frieze on side A (the ambush of Troilus), showing Troilus, on horseback, fleeing Achilles (mostly lost)",image,image/jpeg,Image;StillImage,https://iiif.perseus.tufts.edu/iiif/3/1993.01.0103/full/max/0/default.jpg,"https://iiif.perseus.tufts.edu/iiif/3/1993.01.0103/full/^800,/0/default.jpg","https://iiif.perseus.tufts.edu/iiif/3/1993.01.0103/full/^450,/0/default.jpg","From Furtwngler-Reichhold, Griechische Vasenmalerei: Auswahl hervorragender Vasenbilder, Tafeln 11-20. Mnchen: Bruckmann, 1900. pls. 11-12","Franois Vase: Drawing of part of the second body frieze on side A (the ambush of Troilus), showing Troilus, on horseback, fleeing Achilles (mostly lost)",aa_4364,https://iiif.perseus.tufts.edu/iiif/3/1993.01.0103,,,,,,,,,,,,,,,,,,,,,,,,,,,,,,,,,,,,,,,,,,,,,,,,,,,,,,,,,,,,,,,,,,,,,,,,,,,,,,,,,,,,,,,,,,,,,,,,,,
1993.01.0104,i1993010104,aa_4364,"Franois Vase: Drawing of the right side of the second body frieze on side A (the ambush of Troilus), showing Antenor, Priam, Hector, and Polites (emerging from the walls of Troy)",image,image/jpeg,Image;StillImage,https://iiif.perseus.tufts.edu/iiif/3/1993.01.0104/full/max/0/default.jpg,"https://iiif.perseus.tufts.edu/iiif/3/1993.01.0104/full/^800,/0/default.jpg","https://iiif.perseus.tufts.edu/iiif/3/1993.01.0104/full/^450,/0/default.jpg","From Furtwngler-Reichhold, Griechische Vasenmalerei: Auswahl hervorragender Vasenbilder, Tafeln 11-20. Mnchen: Bruckmann, 1900. pls. 11-12","Franois Vase: Drawing of the right side of the second body frieze on side A (the ambush of Troilus), showing Antenor, Priam, Hector, and Polites (emerging from the walls of Troy)",aa_4364,https://iiif.perseus.tufts.edu/iiif/3/1993.01.0104,,,,,,,,,,,,,,,,,,,,,,,,,,,,,,,,,,,,,,,,,,,,,,,,,,,,,,,,,,,,,,,,,,,,,,,,,,,,,,,,,,,,,,,,,,,,,,,,,,
1993.01.0105,i1993010105,aa_4364,"Franois Vase: Drawing of the right side of the second body frieze on side A (the ambush of Troilus), showing Troilus fleeing towards Troy",image,image/jpeg,Image;StillImage,https://iiif.perseus.tufts.edu/iiif/3/1993.01.0105/full/max/0/default.jpg,"https://iiif.perseus.tufts.edu/iiif/3/1993.01.0105/full/^800,/0/default.jpg","https://iiif.perseus.tufts.edu/iiif/3/1993.01.0105/full/^450,/0/default.jpg","From Furtwngler-Reichhold, Griechische Vasenmalerei: Auswahl hervorragender Vasenbilder, Tafeln 11-20. Mnchen: Bruckmann, 1900. pls. 11-12","Franois Vase: Drawing of the right side of the second body frieze on side A (the ambush of Troilus), showing Troilus fleeing towards Troy",aa_4364,https://iiif.perseus.tufts.edu/iiif/3/1993.01.0105,,,,,,,,,,,,,,,,,,,,,,,,,,,,,,,,,,,,,,,,,,,,,,,,,,,,,,,,,,,,,,,,,,,,,,,,,,,,,,,,,,,,,,,,,,,,,,,,,,
1993.01.0106,i1993010106,aa_4364,"Franois Vase: Neck, drawing of the upper frieze on side B, showing Theseus on Crete",image,image/jpeg,Image;StillImage,https://iiif.perseus.tufts.edu/iiif/3/1993.01.0106/full/max/0/default.jpg,"https://iiif.perseus.tufts.edu/iiif/3/1993.01.0106/full/^800,/0/default.jpg","https://iiif.perseus.tufts.edu/iiif/3/1993.01.0106/full/^450,/0/default.jpg","From Furtwngler-Reichhold, Griechische Vasenmalerei: Auswahl hervorragender Vasenbilder, Tafeln 11-20. Mnchen: Bruckmann, 1900. pl. 13","Franois Vase: Neck, drawing of the upper frieze on side B, showing Theseus on Crete",aa_4364,https://iiif.perseus.tufts.edu/iiif/3/1993.01.0106,,,,,,,,,,,,,,,,,,,,,,,,,,,,,,,,,,,,,,,,,,,,,,,,,,,,,,,,,,,,,,,,,,,,,,,,,,,,,,,,,,,,,,,,,,,,,,,,,,
1993.01.0107,i1993010107,aa_4364,"Franois Vase: Neck, drawing of the left side of the upper frieze on side B, showing Theseus on Crete",image,image/jpeg,Image;StillImage,https://iiif.perseus.tufts.edu/iiif/3/1993.01.0107/full/max/0/default.jpg,"https://iiif.perseus.tufts.edu/iiif/3/1993.01.0107/full/^800,/0/default.jpg","https://iiif.perseus.tufts.edu/iiif/3/1993.01.0107/full/^450,/0/default.jpg","From Furtwngler-Reichhold, Griechische Vasenmalerei: Auswahl hervorragender Vasenbilder, Tafeln 11-20. Mnchen: Bruckmann, 1900. pl. 13","Franois Vase: Neck, drawing of the left side of the upper frieze on side B, showing Theseus on Crete",aa_4364,https://iiif.perseus.tufts.edu/iiif/3/1993.01.0107,,,,,,,,,,,,,,,,,,,,,,,,,,,,,,,,,,,,,,,,,,,,,,,,,,,,,,,,,,,,,,,,,,,,,,,,,,,,,,,,,,,,,,,,,,,,,,,,,,
1993.01.0108,i1993010108,aa_4364,"Franois Vase: Neck, drawing of part of the upper frieze on side B, showing Theseus on Crete",image,image/jpeg,Image;StillImage,https://iiif.perseus.tufts.edu/iiif/3/1993.01.0108/full/max/0/default.jpg,"https://iiif.perseus.tufts.edu/iiif/3/1993.01.0108/full/^800,/0/default.jpg","https://iiif.perseus.tufts.edu/iiif/3/1993.01.0108/full/^450,/0/default.jpg","From Furtwngler-Reichhold, Griechische Vasenmalerei: Auswahl hervorragender Vasenbilder, Tafeln 11-20. Mnchen: Bruckmann, 1900. pl. 13","Franois Vase: Neck, drawing of part of the upper frieze on side B, showing Theseus on Crete",aa_4364,https://iiif.perseus.tufts.edu/iiif/3/1993.01.0108,,,,,,,,,,,,,,,,,,,,,,,,,,,,,,,,,,,,,,,,,,,,,,,,,,,,,,,,,,,,,,,,,,,,,,,,,,,,,,,,,,,,,,,,,,,,,,,,,,
1993.01.0109,i1993010109,aa_4364,"Franois Vase: Neck, drawing of part of the upper frieze on side B, showing Theseus on Crete",image,image/jpeg,Image;StillImage,https://iiif.perseus.tufts.edu/iiif/3/1993.01.0109/full/max/0/default.jpg,"https://iiif.perseus.tufts.edu/iiif/3/1993.01.0109/full/^800,/0/default.jpg","https://iiif.perseus.tufts.edu/iiif/3/1993.01.0109/full/^450,/0/default.jpg","From Furtwngler-Reichhold, Griechische Vasenmalerei: Auswahl hervorragender Vasenbilder, Tafeln 11-20. Mnchen: Bruckmann, 1900. pl. 13","Franois Vase: Neck, drawing of part of the upper frieze on side B, showing Theseus on Crete",aa_4364,https://iiif.perseus.tufts.edu/iiif/3/1993.01.0109,,,,,,,,,,,,,,,,,,,,,,,,,,,,,,,,,,,,,,,,,,,,,,,,,,,,,,,,,,,,,,,,,,,,,,,,,,,,,,,,,,,,,,,,,,,,,,,,,,
1993.01.0110,i1993010110,aa_4364,"Franois Vase: Neck, drawing of the right end of the upper frieze on side B, showing Theseus on Crete",image,image/jpeg,Image;StillImage,https://iiif.perseus.tufts.edu/iiif/3/1993.01.0110/full/max/0/default.jpg,"https://iiif.perseus.tufts.edu/iiif/3/1993.01.0110/full/^800,/0/default.jpg","https://iiif.perseus.tufts.edu/iiif/3/1993.01.0110/full/^450,/0/default.jpg","From Furtwngler-Reichhold, Griechische Vasenmalerei: Auswahl hervorragender Vasenbilder, Tafeln 11-20. Mnchen: Bruckmann, 1900. pl. 13","Franois Vase: Neck, drawing of the right end of the upper frieze on side B, showing Theseus on Crete",aa_4364,https://iiif.perseus.tufts.edu/iiif/3/1993.01.0110,,,,,,,,,,,,,,,,,,,,,,,,,,,,,,,,,,,,,,,,,,,,,,,,,,,,,,,,,,,,,,,,,,,,,,,,,,,,,,,,,,,,,,,,,,,,,,,,,,
1993.01.0111,i1993010111,aa_4364,"Franois Vase: Drawing of a sphinx, profile to the left, from the right side of the upper frieze, side A",image,image/jpeg,Image;StillImage,https://iiif.perseus.tufts.edu/iiif/3/1993.01.0111/full/max/0/default.jpg,"https://iiif.perseus.tufts.edu/iiif/3/1993.01.0111/full/^800,/0/default.jpg","https://iiif.perseus.tufts.edu/iiif/3/1993.01.0111/full/^450,/0/default.jpg","From Furtwngler-Reichhold, Griechische Vasenmalerei: Auswahl hervorragender Vasenbilder, Tafeln 11-20. Mnchen: Bruckmann, 1900. pl. 13","Franois Vase: Drawing of a sphinx, profile to the left, from the right side of the upper frieze, side A",aa_4364,https://iiif.perseus.tufts.edu/iiif/3/1993.01.0111,,,,,,,,,,,,,,,,,,,,,,,,,,,,,,,,,,,,,,,,,,,,,,,,,,,,,,,,,,,,,,,,,,,,,,,,,,,,,,,,,,,,,,,,,,,,,,,,,,
1993.01.0112,i1993010112,aa_4364,"Franois Vase: Neck, drawing of the right side of the upper frieze on side B (Theseus on Crete), showing the ship",image,image/jpeg,Image;StillImage,https://iiif.perseus.tufts.edu/iiif/3/1993.01.0112/full/max/0/default.jpg,"https://iiif.perseus.tufts.edu/iiif/3/1993.01.0112/full/^800,/0/default.jpg","https://iiif.perseus.tufts.edu/iiif/3/1993.01.0112/full/^450,/0/default.jpg","From Furtwngler-Reichhold, Griechische Vasenmalerei: Auswahl hervorragender Vasenbilder, Tafeln 11-20. Mnchen: Bruckmann, 1900. pl. 13","Franois Vase: Neck, drawing of the right side of the upper frieze on side B (Theseus on Crete), showing the ship",aa_4364,https://iiif.perseus.tufts.edu/iiif/3/1993.01.0112,,,,,,,,,,,,,,,,,,,,,,,,,,,,,,,,,,,,,,,,,,,,,,,,,,,,,,,,,,,,,,,,,,,,,,,,,,,,,,,,,,,,,,,,,,,,,,,,,,
1993.01.0113,i1993010113,aa_4364,"Franois Vase: Neck, drawing of the left side of the upper frieze on side B (Theseus on Crete), showing the prow of the ship",image,image/jpeg,Image;StillImage,https://iiif.perseus.tufts.edu/iiif/3/1993.01.0113/full/max/0/default.jpg,"https://iiif.perseus.tufts.edu/iiif/3/1993.01.0113/full/^800,/0/default.jpg","https://iiif.perseus.tufts.edu/iiif/3/1993.01.0113/full/^450,/0/default.jpg","From Furtwngler-Reichhold, Griechische Vasenmalerei: Auswahl hervorragender Vasenbilder, Tafeln 11-20. Mnchen: Bruckmann, 1900. pl. 13","Franois Vase: Neck, drawing of the left side of the upper frieze on side B (Theseus on Crete), showing the prow of the ship",aa_4364,https://iiif.perseus.tufts.edu/iiif/3/1993.01.0113,,,,,,,,,,,,,,,,,,,,,,,,,,,,,,,,,,,,,,,,,,,,,,,,,,,,,,,,,,,,,,,,,,,,,,,,,,,,,,,,,,,,,,,,,,,,,,,,,,
1993.01.0114,i1993010114,aa_4364,"Franois Vase: Drawing of a sphinx, profile to the right, from the left side of the upper frieze, side A",image,image/jpeg,Image;StillImage,https://iiif.perseus.tufts.edu/iiif/3/1993.01.0114/full/max/0/default.jpg,"https://iiif.perseus.tufts.edu/iiif/3/1993.01.0114/full/^800,/0/default.jpg","https://iiif.perseus.tufts.edu/iiif/3/1993.01.0114/full/^450,/0/default.jpg","From Furtwngler-Reichhold, Griechische Vasenmalerei: Auswahl hervorragender Vasenbilder, Tafeln 11-20. Mnchen: Bruckmann, 1900. pl. 13","Franois Vase: Drawing of a sphinx, profile to the right, from the left side of the upper frieze, side A",aa_4364,https://iiif.perseus.tufts.edu/iiif/3/1993.01.0114,,,,,,,,,,,,,,,,,,,,,,,,,,,,,,,,,,,,,,,,,,,,,,,,,,,,,,,,,,,,,,,,,,,,,,,,,,,,,,,,,,,,,,,,,,,,,,,,,,
1993.01.0115,i1993010115,aa_4364,"Franois Vase: Neck, drawing of the upper frieze on side B (Theseus on Crete), showing the ship",image,image/jpeg,Image;StillImage,https://iiif.perseus.tufts.edu/iiif/3/1993.01.0115/full/max/0/default.jpg,"https://iiif.perseus.tufts.edu/iiif/3/1993.01.0115/full/^800,/0/default.jpg","https://iiif.perseus.tufts.edu/iiif/3/1993.01.0115/full/^450,/0/default.jpg","From Furtwngler-Reichhold, Griechische Vasenmalerei: Auswahl hervorragender Vasenbilder, Tafeln 11-20. Mnchen: Bruckmann, 1900. pl. 13","Franois Vase: Neck, drawing of the upper frieze on side B (Theseus on Crete), showing the ship",aa_4364,https://iiif.perseus.tufts.edu/iiif/3/1993.01.0115,,,,,,,,,,,,,,,,,,,,,,,,,,,,,,,,,,,,,,,,,,,,,,,,,,,,,,,,,,,,,,,,,,,,,,,,,,,,,,,,,,,,,,,,,,,,,,,,,,
1993.01.0116,i1993010116,aa_4364,"Franois Vase: Neck, drawing of the upper friezes on side A (Calydonian boar hunt) and side B (Theseus' ship)",image,image/jpeg,Image;StillImage,https://iiif.perseus.tufts.edu/iiif/3/1993.01.0116/full/max/0/default.jpg,"https://iiif.perseus.tufts.edu/iiif/3/1993.01.0116/full/^800,/0/default.jpg","https://iiif.perseus.tufts.edu/iiif/3/1993.01.0116/full/^450,/0/default.jpg","From Furtwngler-Reichhold, Griechische Vasenmalerei: Auswahl hervorragender Vasenbilder, Tafeln 11-20. Mnchen: Bruckmann, 1900. pl. 13","Franois Vase: Neck, drawing of the upper friezes on side A (Calydonian boar hunt) and side B (Theseus' ship)",aa_4364,https://iiif.perseus.tufts.edu/iiif/3/1993.01.0116,,,,,,,,,,,,,,,,,,,,,,,,,,,,,,,,,,,,,,,,,,,,,,,,,,,,,,,,,,,,,,,,,,,,,,,,,,,,,,,,,,,,,,,,,,,,,,,,,,
1993.01.0117,i1993010117,aa_4364,"Franois Vase: Neck, drawing of the right part of the upper frieze on side A (Calydonian boar hunt)",image,image/jpeg,Image;StillImage,https://iiif.perseus.tufts.edu/iiif/3/1993.01.0117/full/max/0/default.jpg,"https://iiif.perseus.tufts.edu/iiif/3/1993.01.0117/full/^800,/0/default.jpg","https://iiif.perseus.tufts.edu/iiif/3/1993.01.0117/full/^450,/0/default.jpg","From Furtwngler-Reichhold, Griechische Vasenmalerei: Auswahl hervorragender Vasenbilder, Tafeln 11-20. Mnchen: Bruckmann, 1900. pl. 13","Franois Vase: Neck, drawing of the right part of the upper frieze on side A (Calydonian boar hunt)",aa_4364,https://iiif.perseus.tufts.edu/iiif/3/1993.01.0117,,,,,,,,,,,,,,,,,,,,,,,,,,,,,,,,,,,,,,,,,,,,,,,,,,,,,,,,,,,,,,,,,,,,,,,,,,,,,,,,,,,,,,,,,,,,,,,,,,
1993.01.0118,i1993010118,aa_4364,"Franois Vase: Neck, drawing of the right part of the upper frieze on side A (Calydonian boar hunt), showing Peleus, Meleager, and the boar, among others",image,image/jpeg,Image;StillImage,https://iiif.perseus.tufts.edu/iiif/3/1993.01.0118/full/max/0/default.jpg,"https://iiif.perseus.tufts.edu/iiif/3/1993.01.0118/full/^800,/0/default.jpg","https://iiif.perseus.tufts.edu/iiif/3/1993.01.0118/full/^450,/0/default.jpg","From Furtwngler-Reichhold, Griechische Vasenmalerei: Auswahl hervorragender Vasenbilder, Tafeln 11-20. Mnchen: Bruckmann, 1900. pl. 13","Franois Vase: Neck, drawing of the right part of the upper frieze on side A (Calydonian boar hunt), showing Peleus, Meleager, and the boar, among others",aa_4364,https://iiif.perseus.tufts.edu/iiif/3/1993.01.0118,,,,,,,,,,,,,,,,,,,,,,,,,,,,,,,,,,,,,,,,,,,,,,,,,,,,,,,,,,,,,,,,,,,,,,,,,,,,,,,,,,,,,,,,,,,,,,,,,,
1993.01.0119,i1993010119,aa_4364,"Franois Vase: Neck, drawing of the left part of the upper frieze on side A (Calydonian boar hunt), showing the hunters attacking the boar",image,image/jpeg,Image;StillImage,https://iiif.perseus.tufts.edu/iiif/3/1993.01.0119/full/max/0/default.jpg,"https://iiif.perseus.tufts.edu/iiif/3/1993.01.0119/full/^800,/0/default.jpg","https://iiif.perseus.tufts.edu/iiif/3/1993.01.0119/full/^450,/0/default.jpg","From Furtwngler-Reichhold, Griechische Vasenmalerei: Auswahl hervorragender Vasenbilder, Tafeln 11-20. Mnchen: Bruckmann, 1900. pl. 13","Franois Vase: Neck, drawing of the left part of the upper frieze on side A (Calydonian boar hunt), showing the hunters attacking the boar",aa_4364,https://iiif.perseus.tufts.edu/iiif/3/1993.01.0119,,,,,,,,,,,,,,,,,,,,,,,,,,,,,,,,,,,,,,,,,,,,,,,,,,,,,,,,,,,,,,,,,,,,,,,,,,,,,,,,,,,,,,,,,,,,,,,,,,
aa_4462,aa_4462,,Toledo 1958.69b,compound_object,compound_object,record,https://iiif.perseus.tufts.edu/iiif/3/1990.18.0366/full/max/0/default.jpg,"https://iiif.perseus.tufts.edu/iiif/3/1990.18.0366/full/^800,/0/default.jpg","https://iiif.perseus.tufts.edu/iiif/3/1990.18.0366/full/^450,/0/default.jpg",,,,,,,,,,,,351251,,,,Toledo Museum of Art,Gift of Edward Drummond Libbey.,,,"Interior heavily scored, apparently accidentally. Sooty black accretion at the right side of the laver rim.",,,,,,-505.0,"<P>The interior of the mouth is glazed to a depth of 2.0 cm. Below this are two glazed stripes of equal width separated by narrower reserved bands. The lower part of the interior is reserved. For the profile, cf. CVA, USA 17, Toledo, 1, p. 42, fig. 3.</P><P>Uncertain subject. Beginning with the fire, from left to right, a man to the left of the fire bends forward to pour something from a basket onto the fire. Another man, facing him, fans the fire. A third man runs up behind the second with something in his hand; he looks back to the right and gestures (his left forearm and hand are missing) to a woman and man standing at a laver or stand. The woman's hands are engaged in some activity in the stand as she looks back over her shoulder at the running man. Facing her on the opposite side of the stand is a man who dances and gestures. In his upraised right hand he holds an oval-shaped object. A folded cloak hangs in the field behind him. All the men are nude and bearded; the woman wears a chiton and fillet. <hi rend=""ital"">Added red:</hi> The beards and wreaths of the four men; the flames rising from the fire; a row of dots along the upper edge of the oval-shaped object held by the man at the right of the stand; a stroke on the cloak hanging in the field. <hi rend=""ital"">Added white:</hi> The flesh of the woman.</P><P>Although this stand was acquired with the Toledo pointed neck-amphora (see <rs type=""vase"">Toledo 1958.69A</rs>), there is no firm proof that they belong together. The stand is certainly not by the Acheloos Painter, but rather by another artist who painted two other such stands. It was attributed by Beazley to the same hand as the stand found with the Panathenaic amphora <rs type=""vase"">London B 167</rs> and a similar stand in Toronto: ""another stand of the same type, contemporary, and probably by the same hand as those in London and Toledo, is <rs type=""vase"">Toronto 284</rs>"" (<bibl>Para., 169</bibl>).</P><P>Ten such Attic black-figure stands are known (cf. <bibl>Lullies 1957, pp. 18-19, n. to p. 6</bibl>), of which five were found at Eleusis. They depict gods and goddesses, and worshippers in solemn procession. The subjects on the London and Toronto stands appear to be komoi. Although the figures on the Toledo stand gesture and caper in the manner of komasts, the subject is not a komos. Several suggestions have been made as to the identity of the scene (cf. <bibl>CVA, USA 17, Toledo 1, p. 10</bibl>). Among these, the most convincing is that suggested by Brian Sparkes (<bibl>Sparkes 1962, p. 135</bibl>) who identified the so-called laver or stand as a kneading-table. The rounded mass at its right side would then be dough, and the man to the right of the table would thus be sampling the mixture. The oblong object carried by the running man to the left of the female figure would be a loaf of bread being brought for baking to the fire, being fueled and fanned by the two men on either side of it. For the fan, see <bibl>Sparkes 1962, 163 and pl. 30,3</bibl> and also <bibl><hi rend=""ital"">JHS</hi> 95 (1975) <hi rend=""ital"">infra,</hi> p. 134 and pl. 17d</bibl>. See also <bibl>ARV2, 1647</bibl>, (<rs type=""vase"">Leipzig T 509</rs>) and <bibl><hi rend=""ital"">Jdl</hi> II (1896) 186</bibl>.",,,,"H. 0.170 m, Diam. (rim) 0.176 m, Diam (foot) 0.195 m",,,-500,,Kurt T. Luckner,Moon No. 74,"<Title>Attic Black-Figure Neck-Amphora Stand</Title><P>ca. 510-500 B.C.</P><P>Lent by The Toledo Museum of Art; gift of Edward Drummond Libbey (58.69B).</P><P><B>The Vase:</B> h. 17.0 cm; d. of rim 17.6 cm; d. of foot 19.5 cm. Broken and repaired; missing areas restored in plaster including the left hand of the man carrying an object in his right hand and the female figure's face. Broken and repaired; missing areas restored in plaster including the left hand of the man carrying an object in his right hand and the female figure's face. Interior heavily scored, apparently accidentally. Sooty black accretion at the right side of the laver rim. The interior of the mouth is glazed to a depth of 2.0 cm. Below this are two glazed stripes of equal width separated by narrower reserved bands. The lower part of the interior is reserved. For the profile, cf. <PBibRef>CVA, USA 17, Toledo, 1, p. 42, fig. 3</PBibRef>.</P><P><B>Decoration:</B> Uncertain subject. Beginning with the fire, from left to right, a man to the left of the fire bends forward to pour something from a basket onto the fire. Another man, facing him, fans the fire. A third man runs up behind the second with something in his hand; he looks back to the right and gestures (his left forearm and hand are missing) to a woman and man standing at a laver or stand. The woman's hands are engaged in some activity in the stand as she looks back over her shoulder at the running man. Facing her on the opposite side of the stand is a man who dances and gestures. In his upraised right hand he holds an oval-shaped object. A folded cloak hangs in the field behind him. All the men are nude and bearded; the woman wears a chiton and fillet. <I>Added red:</I> The beards and wreaths of the four men; the flames rising from the fire; a row of dots along the upper edge of the oval-shaped object held by the man at the right of the stand; a stroke on the cloak hanging in the field. <I>Added white:</I> The flesh of the woman.</P><P>Although this stand was acquired with the Toledo pointed neck-amphora (see <VaseRef>Toledo 1958.69A</VaseRef>), there is no firm proof that they belong together. The stand is certainly not by the Acheloos Painter, but rather by another artist who painted two other such stands. It was attributed by Beazley to the same hand as the stand found with the Panathenaic amphora <VaseRef>London B 167</VaseRef> and a similar stand in Toronto: ""another stand of the same type, contemporary, and probably by the same hand as those in London and Toledo, is <VaseRef>Toronto 284</VaseRef>"" (<PBibRef>Para., 169</PBibRef>).</P><P>Ten such Attic black-figure stands are known (cf. <PBibRef>Lullies 1957, pp. 18-19, n. to p. 6</PBibRef>), of which five were found at Eleusis. They depict gods and goddesses, and worshippers in solemn procession. The subjects on the London and Toronto stands appear to be komoi. Although the figures on the Toledo stand gesture and caper in the manner of komasts, the subject is not a komos. Several suggestions have been made as to the identity of the scene (cf. <PBibRef>CVA, USA 17, Toledo 1, p. 10</PBibRef>). Among these, the most convincing is that suggested by Brian Sparkes (<PBibRef>Sparkes 1962, p. 135</PBibRef>) who identified the so-called laver or stand as a kneading-table. The rounded mass at its right side would then be dough, and the man to the right of the table would thus be sampling the mixture. The oblong object carried by the running man to the left of the female figure would be a loaf of bread being brought for baking to the fire, being fueled and fanned by the two men on either side of it. For the fan, see <PBibRef>Sparkes 1962, 163 and pl. 30,3</PBibRef> and also <OBibRef><I>JHS</I> 95 (1975) <I>infra,</I> p. 134 and pl. 17d</OBibRef>. See also <PBibRef>ARV2, 1647</PBibRef>, (<VaseRef>Leipzig T 509</VaseRef>) and <OBibRef><I>Jdl</I> II (1896) 186</OBibRef>.</P><Essay.Bib><P><B>Bibliography:</B> <PBibRef>Lullies 1957, no. 9</PBibRef>; <OBibRef>Mnzen, vol. 18 (November 29, 1958), 34-35, no 102(2)</OBibRef>; <OBibRef><I>AQ</I> 22 (1959) 384 and 385</OBibRef>; <PBibRef>Sparkes 1962, 135</PBibRef>; <PBibRef>Vermeule 1967, 422 and 424, figs. 7 and 8</PBibRef>; <PBibRef>Riefstahl 1968, 37</PBibRef>; <PBibRef>Para., 169</PBibRef>; <PBibRef>Greifenhagen 1972, p. 10</PBibRef>; <PBibRef>Luckner 1972, 64 and 65, fig. 2 and cover</PBibRef>; <PBibRef>Boardman 1974, 111 and fig. 209</PBibRef>; <OBibRef>B. Sparkes, ""Illustrating Aristophanes,"" <I>JHS</I> 95 (1975) 134 and pl. 17d</OBibRef>; <PBibRef>CVA, USA 17, Toledo, I, p. 10, pl. 16 and p. 42, fig. 3</PBibRef>; <OBibRef>A. Johnston, ""Hunting Scenes on Greek Vases,"" <I>Connoisseur</I> 196 (Nov. 1977) 161 and 165</OBibRef>.</P></Essay.Bib><Entered.By>Kurt T. Luckner, The Toledo Museum of Art</Entered.By>",,,,,,,,,"1990.18.0366,1990.18.0367,1991.10.0162,1991.10.0189,1991.10.0190,1991.10.0191,1991.10.0192,1991.10.0193,1991.10.0194,1991.10.0195,1991.10.0196,1991.10.0197,1991.10.0198","1990.18.0366,1990.18.0367,1991.10.0162,1991.10.0189,1991.10.0190,1991.10.0191,1991.10.0192,1991.10.0193,1991.10.0194,1991.10.0195,1991.10.0196,1991.10.0197,1991.10.0198",,,,,,,Perseus,,,Toledo 1958.69b,,,,,,"<bibl>Lullies 1957, no. 9</bibl>; <bibl>Mnzen, 34-35, no 102(2)</bibl>; <bibl><hi rend=""ital"">AQ</hi> 22 (1959) 384 and 385</bibl>; <bibl>Sparkes 1962, 135</bibl>; <bibl>Vermeule 1967, 422 and 424, figs. 7 and 8</bibl>; <bibl>Riefstahl 1968, 37</bibl>; <bibl>Para., 169</bibl>; <bibl>Greifenhagen 1972, p. 10</bibl>; <bibl>Luckner 1972, 64 and 65, fig. 2 and cover</bibl>; <bibl>Boardman 1974, 111 and fig. 209</bibl>; <bibl>B. Sparkes, ""Illustrating Aristophanes,"" <hi rend=""ital"">JHS</hi> 95 [...]",,,,Archaic,25. Archaic,,1.5,,,,,,"<bibl>Para, 169</bibl>",,,,,,,,,,,Neck amphora stand,<P>Neck amphora stand.</P>,,"<bibl>Moon 1979, no. 74, pp. 131-132</bibl>",-510,ca.,,,A woman and four men working near a fire.,,,Vase,,,Attic Black Figure
1990.18.0366,i1990180366,aa_4462,Exterior: two men working at fire,image,image/jpeg,Image;StillImage,https://iiif.perseus.tufts.edu/iiif/3/1990.18.0366/full/max/0/default.jpg,"https://iiif.perseus.tufts.edu/iiif/3/1990.18.0366/full/^800,/0/default.jpg","https://iiif.perseus.tufts.edu/iiif/3/1990.18.0366/full/^450,/0/default.jpg",Photograph courtesy of the Toledo Museum of Art,Exterior: two men working at fire,aa_4462,https://iiif.perseus.tufts.edu/iiif/3/1990.18.0366,,,,,,,,,,,,,,,,,,,,,,,,,,,,,,,,,,,,,,,,,,,,,,,,,,,,,,,,,,,,,,,,,,,,,,,,,,,,,,,,,,,,,,,,,,,,,,,,,,
1990.18.0367,i1990180367,aa_4462,Exterior: dancer at stand and man at fire,image,image/jpeg,Image;StillImage,https://iiif.perseus.tufts.edu/iiif/3/1990.18.0367/full/max/0/default.jpg,"https://iiif.perseus.tufts.edu/iiif/3/1990.18.0367/full/^800,/0/default.jpg","https://iiif.perseus.tufts.edu/iiif/3/1990.18.0367/full/^450,/0/default.jpg",Photograph courtesy of the Toledo Museum of Art,Exterior: dancer at stand and man at fire,aa_4462,https://iiif.perseus.tufts.edu/iiif/3/1990.18.0367,,,,,,,,,,,,,,,,,,,,,,,,,,,,,,,,,,,,,,,,,,,,,,,,,,,,,,,,,,,,,,,,,,,,,,,,,,,,,,,,,,,,,,,,,,,,,,,,,,
1991.10.0162,i1991100162,"aa_4462,aa_4463",Overview: amphora and stand,image,image/jpeg,Image;StillImage,https://iiif.perseus.tufts.edu/iiif/3/1991.10.0162/full/max/0/default.jpg,"https://iiif.perseus.tufts.edu/iiif/3/1991.10.0162/full/^800,/0/default.jpg","https://iiif.perseus.tufts.edu/iiif/3/1991.10.0162/full/^450,/0/default.jpg","Photograph by Maria Daniels, courtesy of the Toledo Museum of Art",Overview: amphora and stand,"aa_4462,aa_4463",https://iiif.perseus.tufts.edu/iiif/3/1991.10.0162,,,,,,,,,,,,,,,,,,,,,,,,,,,,,,,,,,,,,,,,,,,,,,,,,,,,,,,,,,,,,,,,,,,,,,,,,,,,,,,,,,,,,,,,,,,,,,,,,,
1991.10.0189,i1991100189,aa_4462,Exterior: two men working at fire,image,image/jpeg,Image;StillImage,https://iiif.perseus.tufts.edu/iiif/3/1991.10.0189/full/max/0/default.jpg,"https://iiif.perseus.tufts.edu/iiif/3/1991.10.0189/full/^800,/0/default.jpg","https://iiif.perseus.tufts.edu/iiif/3/1991.10.0189/full/^450,/0/default.jpg","Photograph by Maria Daniels, courtesy of the Toledo Museum of Art",Exterior: two men working at fire,aa_4462,https://iiif.perseus.tufts.edu/iiif/3/1991.10.0189,,,,,,,,,,,,,,,,,,,,,,,,,,,,,,,,,,,,,,,,,,,,,,,,,,,,,,,,,,,,,,,,,,,,,,,,,,,,,,,,,,,,,,,,,,,,,,,,,,
1991.10.0190,i1991100190,aa_4462,Exterior: figure behind two men at fire,image,image/jpeg,Image;StillImage,https://iiif.perseus.tufts.edu/iiif/3/1991.10.0190/full/max/0/default.jpg,"https://iiif.perseus.tufts.edu/iiif/3/1991.10.0190/full/^800,/0/default.jpg","https://iiif.perseus.tufts.edu/iiif/3/1991.10.0190/full/^450,/0/default.jpg","Photograph by Maria Daniels, courtesy of the Toledo Museum of Art",Exterior: figure behind two men at fire,aa_4462,https://iiif.perseus.tufts.edu/iiif/3/1991.10.0190,,,,,,,,,,,,,,,,,,,,,,,,,,,,,,,,,,,,,,,,,,,,,,,,,,,,,,,,,,,,,,,,,,,,,,,,,,,,,,,,,,,,,,,,,,,,,,,,,,
1991.10.0191,i1991100191,aa_4462,Exterior: two figures at stand,image,image/jpeg,Image;StillImage,https://iiif.perseus.tufts.edu/iiif/3/1991.10.0191/full/max/0/default.jpg,"https://iiif.perseus.tufts.edu/iiif/3/1991.10.0191/full/^800,/0/default.jpg","https://iiif.perseus.tufts.edu/iiif/3/1991.10.0191/full/^450,/0/default.jpg","Photograph by Maria Daniels, courtesy of the Toledo Museum of Art",Exterior: two figures at stand,aa_4462,https://iiif.perseus.tufts.edu/iiif/3/1991.10.0191,,,,,,,,,,,,,,,,,,,,,,,,,,,,,,,,,,,,,,,,,,,,,,,,,,,,,,,,,,,,,,,,,,,,,,,,,,,,,,,,,,,,,,,,,,,,,,,,,,
1991.10.0192,i1991100192,aa_4462,Exterior: man on left at fire,image,image/jpeg,Image;StillImage,https://iiif.perseus.tufts.edu/iiif/3/1991.10.0192/full/max/0/default.jpg,"https://iiif.perseus.tufts.edu/iiif/3/1991.10.0192/full/^800,/0/default.jpg","https://iiif.perseus.tufts.edu/iiif/3/1991.10.0192/full/^450,/0/default.jpg","Photograph by Maria Daniels, courtesy of the Toledo Museum of Art",Exterior: man on left at fire,aa_4462,https://iiif.perseus.tufts.edu/iiif/3/1991.10.0192,,,,,,,,,,,,,,,,,,,,,,,,,,,,,,,,,,,,,,,,,,,,,,,,,,,,,,,,,,,,,,,,,,,,,,,,,,,,,,,,,,,,,,,,,,,,,,,,,,
1991.10.0193,i1991100193,aa_4462,Exterior: man on right at fire,image,image/jpeg,Image;StillImage,https://iiif.perseus.tufts.edu/iiif/3/1991.10.0193/full/max/0/default.jpg,"https://iiif.perseus.tufts.edu/iiif/3/1991.10.0193/full/^800,/0/default.jpg","https://iiif.perseus.tufts.edu/iiif/3/1991.10.0193/full/^450,/0/default.jpg","Photograph by Maria Daniels, courtesy of the Toledo Museum of Art",Exterior: man on right at fire,aa_4462,https://iiif.perseus.tufts.edu/iiif/3/1991.10.0193,,,,,,,,,,,,,,,,,,,,,,,,,,,,,,,,,,,,,,,,,,,,,,,,,,,,,,,,,,,,,,,,,,,,,,,,,,,,,,,,,,,,,,,,,,,,,,,,,,
1991.10.0194,i1991100194,aa_4462,Exterior: figure behind man on right,image,image/jpeg,Image;StillImage,https://iiif.perseus.tufts.edu/iiif/3/1991.10.0194/full/max/0/default.jpg,"https://iiif.perseus.tufts.edu/iiif/3/1991.10.0194/full/^800,/0/default.jpg","https://iiif.perseus.tufts.edu/iiif/3/1991.10.0194/full/^450,/0/default.jpg","Photograph by Maria Daniels, courtesy of the Toledo Museum of Art",Exterior: figure behind man on right,aa_4462,https://iiif.perseus.tufts.edu/iiif/3/1991.10.0194,,,,,,,,,,,,,,,,,,,,,,,,,,,,,,,,,,,,,,,,,,,,,,,,,,,,,,,,,,,,,,,,,,,,,,,,,,,,,,,,,,,,,,,,,,,,,,,,,,
1991.10.0195,i1991100195,aa_4462,Exterior: figure on left at stand,image,image/jpeg,Image;StillImage,https://iiif.perseus.tufts.edu/iiif/3/1991.10.0195/full/max/0/default.jpg,"https://iiif.perseus.tufts.edu/iiif/3/1991.10.0195/full/^800,/0/default.jpg","https://iiif.perseus.tufts.edu/iiif/3/1991.10.0195/full/^450,/0/default.jpg","Photograph by Maria Daniels, courtesy of the Toledo Museum of Art",Exterior: figure on left at stand,aa_4462,https://iiif.perseus.tufts.edu/iiif/3/1991.10.0195,,,,,,,,,,,,,,,,,,,,,,,,,,,,,,,,,,,,,,,,,,,,,,,,,,,,,,,,,,,,,,,,,,,,,,,,,,,,,,,,,,,,,,,,,,,,,,,,,,
1991.10.0196,i1991100196,aa_4462,Exterior: stand,image,image/jpeg,Image;StillImage,https://iiif.perseus.tufts.edu/iiif/3/1991.10.0196/full/max/0/default.jpg,"https://iiif.perseus.tufts.edu/iiif/3/1991.10.0196/full/^800,/0/default.jpg","https://iiif.perseus.tufts.edu/iiif/3/1991.10.0196/full/^450,/0/default.jpg","Photograph by Maria Daniels, courtesy of the Toledo Museum of Art",Exterior: stand,aa_4462,https://iiif.perseus.tufts.edu/iiif/3/1991.10.0196,,,,,,,,,,,,,,,,,,,,,,,,,,,,,,,,,,,,,,,,,,,,,,,,,,,,,,,,,,,,,,,,,,,,,,,,,,,,,,,,,,,,,,,,,,,,,,,,,,
1991.10.0197,i1991100197,aa_4462,Exterior: figure on right at stand,image,image/jpeg,Image;StillImage,https://iiif.perseus.tufts.edu/iiif/3/1991.10.0197/full/max/0/default.jpg,"https://iiif.perseus.tufts.edu/iiif/3/1991.10.0197/full/^800,/0/default.jpg","https://iiif.perseus.tufts.edu/iiif/3/1991.10.0197/full/^450,/0/default.jpg","Photograph by Maria Daniels, courtesy of the Toledo Museum of Art",Exterior: figure on right at stand,aa_4462,https://iiif.perseus.tufts.edu/iiif/3/1991.10.0197,,,,,,,,,,,,,,,,,,,,,,,,,,,,,,,,,,,,,,,,,,,,,,,,,,,,,,,,,,,,,,,,,,,,,,,,,,,,,,,,,,,,,,,,,,,,,,,,,,
1991.10.0198,i1991100198,aa_4462,Stand rim: view from above,image,image/jpeg,Image;StillImage,https://iiif.perseus.tufts.edu/iiif/3/1991.10.0198/full/max/0/default.jpg,"https://iiif.perseus.tufts.edu/iiif/3/1991.10.0198/full/^800,/0/default.jpg","https://iiif.perseus.tufts.edu/iiif/3/1991.10.0198/full/^450,/0/default.jpg","Photograph by Maria Daniels, courtesy of the Toledo Museum of Art",Stand rim: view from above,aa_4462,https://iiif.perseus.tufts.edu/iiif/3/1991.10.0198,,,,,,,,,,,,,,,,,,,,,,,,,,,,,,,,,,,,,,,,,,,,,,,,,,,,,,,,,,,,,,,,,,,,,,,,,,,,,,,,,,,,,,,,,,,,,,,,,,
aa_5092,aa_5092,,Mississippi 1977.3.104,compound_object,compound_object,record,https://iiif.perseus.tufts.edu/iiif/3/1991.01.0636/full/max/0/default.jpg,"https://iiif.perseus.tufts.edu/iiif/3/1991.01.0636/full/^800,/0/default.jpg","https://iiif.perseus.tufts.edu/iiif/3/1991.01.0636/full/^450,/0/default.jpg",,,,,,,,,,,,,,,,"University Museums, University of Mississippi","<P>Gift of Helen Tudor Robinson, 1960. Formerly in the D.M. Robinson collection, Harvard inv. 216.</P>",,,<P>Broken and mended in part with fragments of another skyphos.</P>,,Populonia,From,,,-455.0,"<P>The vase has been broken and mended with parts from another skyphos. The lower part of the woman on Side A does not belong, and the piece of the base with the meander pattern from the break below the youth on the front toward the right to below the right foot of the left-hand figure on the back, is from another vase. The piece below the handle, which appears as plaster on the outside, is glazed on the inside and joins perfectly with the base. From the marks in the glaze on the inside it would seem that this piece, with the base, belongs to the same skyphos as the fragment used to restore the lower part of the female. The second skyphos may have been a companion piece by the same painter.</P><P><hi rend=""ital"">Side A</hi>: An armed youth is shown following a girl. The youth is on the left, moving right. He wears a black bordered chlamys fastened at the shoulder and draped over his left arm, a petasos hung on a string around his neck, and high boots. On his head is a plain fillet. He carries a sword in his right hand. The girl running in front of him looks back at him. She wears a sakkos in her hair and a Doric peplos. Above her head is the inscription <foreign lang=""Greek"">*K*A*L*E</foreign> (""beautiful""). Between the two figures in the upper field is the artist's signature <foreign lang=""Greek"">*P*O*L*U*G*N*O*T*O*S *E*G*R*A*Y*E*N</foreign> (""Polygnotos drew [me]"").</P><P><hi rend=""ital"">Side B</hi>: At the left is a woman wearing an elaborate chiton, with a himation drawn up over her head. She walks to the right, following a girl who wears a full pleated chiton and a wreath in her long hair. She looks back at the woman, but points forward with her right hand. With her left hand she holds up her skirt. In the field between the two figures, and also over the head of the one on the right, is the inscription <foreign lang=""Greek"">*K*A*L*E</foreign> (""beautiful"").</P><P>These two scenes could depict Paris and Helen (according to the CVA) or Telemachos and Penelope going to meet Odysseus (according to Touchefeu-Meynier, 264).</P>",,,,<P>H. 0.195 m.; D. 0.229 m.; D. with handles 0.334 m.</P>,,,-450,ca.,AL,,,,,,,,,,,"1991.01.0636,1991.01.0637,1991.01.0638,1991.01.0639,1991.01.0640,1991.01.0641,1991.01.0642,1991.01.0643,1991.01.0644,1991.01.0645,1991.01.0646,1991.01.0647,1991.01.0648,1991.01.0649,1991.01.0650,1991.01.0651,1991.01.0652,1991.01.0653,1991.01.0654,1991.01.0655,1991.01.0656,1991.01.0657,1991.01.0658,1991.01.0659,1991.01.0660,1991.01.0661,1991.01.0662,1991.01.0663,1991.01.0664,1991.01.0665,1991.01.0666","1991.01.0636,1991.01.0637,1991.01.0638,1991.01.0639,1991.01.0640,1991.01.0641,1991.01.0642,1991.01.0643,1991.01.0644,1991.01.0645,1991.01.0646,1991.01.0647,1991.01.0648,1991.01.0649,1991.01.0650,1991.01.0651,1991.01.0652,1991.01.0653,1991.01.0654,1991.01.0655,1991.01.0656,1991.01.0657,1991.01.0658,1991.01.0659,1991.01.0660,1991.01.0661,1991.01.0662,1991.01.0663,1991.01.0664,1991.01.0665,1991.01.0666",,,,,"<P>Side A: Above the girl's head is the inscription <foreign lang=""Greek"">*K*A*L*E</foreign> (""beautiful""). Between the two figures in the upper field is the artist's signature <foreign lang=""Greek"">*P*O*L*U*G*N*O*T*O*S *E*G*R*A*Y*E*N</foreign> (""Polygnotos drew [me]""). Side B: In the field between the two figures, and also over the head of the one on the right, is the inscription <foreign lang=""Greek"">*K*A*L*E</foreign> (""beautiful"").</P>",,Perseus,,,Mississippi 1977.3.104,,,,,,"<P><bibl>D.M. Robinson and S. Freeman ""The Lewis Painter=Polygnotos II"" <hi rend=""ital"">AJA</hi> 40 (1936) pp. 215-227</bibl>; <bibl>LIMC, 1, pl. 329, Aithra</bibl></P>",,Lewis Painter (Polygnotos II),Signed by the,Early Classical,35. Early Clas.,,2.0,,,,,,"<bibl>ARV2, 974 no. 26</bibl>; <bibl>Beazley Addenda 2, 309</bibl>",Etruria,,,,,,,,,,Skyphos,,,"<P><bibl>CVA, Robinson Collection 2, USA 6, 30-31, pl. xli</bibl>; <bibl>O. Touchefeu-Meynier <hi rend=""ital"">Thmes Odyssens dans l'Art Antique</hi> (Paris, 1968)264, no. 497, pl. 37.2 and .3</bibl></P>",-460,ca.,,,Side A: Armed youth following a girl<lb>Side B: Two women,,,Vase,,,Attic Red Figure
1991.01.0636,i1991010636,aa_5092,Side A: scene at center,image,image/jpeg,Image;StillImage,https://iiif.perseus.tufts.edu/iiif/3/1991.01.0636/full/max/0/default.jpg,"https://iiif.perseus.tufts.edu/iiif/3/1991.01.0636/full/^800,/0/default.jpg","https://iiif.perseus.tufts.edu/iiif/3/1991.01.0636/full/^450,/0/default.jpg","Photograph by Maria Daniels, courtesy of the University Museums, University of Mississippi",Side A: scene at center,aa_5092,https://iiif.perseus.tufts.edu/iiif/3/1991.01.0636,,,,,,,,,,,,,,,,,,,,,,,,,,,,,,,,,,,,,,,,,,,,,,,,,,,,,,,,,,,,,,,,,,,,,,,,,,,,,,,,,,,,,,,,,,,,,,,,,,
1991.01.0637,i1991010637,aa_5092,Side A: oblique from right,image,image/jpeg,Image;StillImage,https://iiif.perseus.tufts.edu/iiif/3/1991.01.0637/full/max/0/default.jpg,"https://iiif.perseus.tufts.edu/iiif/3/1991.01.0637/full/^800,/0/default.jpg","https://iiif.perseus.tufts.edu/iiif/3/1991.01.0637/full/^450,/0/default.jpg","Photograph by Maria Daniels, courtesy of the University Museums, University of Mississippi",Side A: oblique from right,aa_5092,https://iiif.perseus.tufts.edu/iiif/3/1991.01.0637,,,,,,,,,,,,,,,,,,,,,,,,,,,,,,,,,,,,,,,,,,,,,,,,,,,,,,,,,,,,,,,,,,,,,,,,,,,,,,,,,,,,,,,,,,,,,,,,,,
1991.01.0638,i1991010638,aa_5092,Handle: right of side A,image,image/jpeg,Image;StillImage,https://iiif.perseus.tufts.edu/iiif/3/1991.01.0638/full/max/0/default.jpg,"https://iiif.perseus.tufts.edu/iiif/3/1991.01.0638/full/^800,/0/default.jpg","https://iiif.perseus.tufts.edu/iiif/3/1991.01.0638/full/^450,/0/default.jpg","Photograph by Maria Daniels, courtesy of the University Museums, University of Mississippi",Handle: right of side A,aa_5092,https://iiif.perseus.tufts.edu/iiif/3/1991.01.0638,,,,,,,,,,,,,,,,,,,,,,,,,,,,,,,,,,,,,,,,,,,,,,,,,,,,,,,,,,,,,,,,,,,,,,,,,,,,,,,,,,,,,,,,,,,,,,,,,,
1991.01.0639,i1991010639,aa_5092,Side B: oblique from left,image,image/jpeg,Image;StillImage,https://iiif.perseus.tufts.edu/iiif/3/1991.01.0639/full/max/0/default.jpg,"https://iiif.perseus.tufts.edu/iiif/3/1991.01.0639/full/^800,/0/default.jpg","https://iiif.perseus.tufts.edu/iiif/3/1991.01.0639/full/^450,/0/default.jpg","Photograph by Maria Daniels, courtesy of the University Museums, University of Mississippi",Side B: oblique from left,aa_5092,https://iiif.perseus.tufts.edu/iiif/3/1991.01.0639,,,,,,,,,,,,,,,,,,,,,,,,,,,,,,,,,,,,,,,,,,,,,,,,,,,,,,,,,,,,,,,,,,,,,,,,,,,,,,,,,,,,,,,,,,,,,,,,,,
1991.01.0640,i1991010640,aa_5092,Side B: scene at center,image,image/jpeg,Image;StillImage,https://iiif.perseus.tufts.edu/iiif/3/1991.01.0640/full/max/0/default.jpg,"https://iiif.perseus.tufts.edu/iiif/3/1991.01.0640/full/^800,/0/default.jpg","https://iiif.perseus.tufts.edu/iiif/3/1991.01.0640/full/^450,/0/default.jpg","Photograph by Maria Daniels, courtesy of the University Museums, University of Mississippi",Side B: scene at center,aa_5092,https://iiif.perseus.tufts.edu/iiif/3/1991.01.0640,,,,,,,,,,,,,,,,,,,,,,,,,,,,,,,,,,,,,,,,,,,,,,,,,,,,,,,,,,,,,,,,,,,,,,,,,,,,,,,,,,,,,,,,,,,,,,,,,,
1991.01.0641,i1991010641,aa_5092,Side B: oblique from right,image,image/jpeg,Image;StillImage,https://iiif.perseus.tufts.edu/iiif/3/1991.01.0641/full/max/0/default.jpg,"https://iiif.perseus.tufts.edu/iiif/3/1991.01.0641/full/^800,/0/default.jpg","https://iiif.perseus.tufts.edu/iiif/3/1991.01.0641/full/^450,/0/default.jpg","Photograph by Maria Daniels, courtesy of the University Museums, University of Mississippi",Side B: oblique from right,aa_5092,https://iiif.perseus.tufts.edu/iiif/3/1991.01.0641,,,,,,,,,,,,,,,,,,,,,,,,,,,,,,,,,,,,,,,,,,,,,,,,,,,,,,,,,,,,,,,,,,,,,,,,,,,,,,,,,,,,,,,,,,,,,,,,,,
1991.01.0642,i1991010642,aa_5092,Handle: right of side B,image,image/jpeg,Image;StillImage,https://iiif.perseus.tufts.edu/iiif/3/1991.01.0642/full/max/0/default.jpg,"https://iiif.perseus.tufts.edu/iiif/3/1991.01.0642/full/^800,/0/default.jpg","https://iiif.perseus.tufts.edu/iiif/3/1991.01.0642/full/^450,/0/default.jpg","Photograph by Maria Daniels, courtesy of the University Museums, University of Mississippi",Handle: right of side B,aa_5092,https://iiif.perseus.tufts.edu/iiif/3/1991.01.0642,,,,,,,,,,,,,,,,,,,,,,,,,,,,,,,,,,,,,,,,,,,,,,,,,,,,,,,,,,,,,,,,,,,,,,,,,,,,,,,,,,,,,,,,,,,,,,,,,,
1991.01.0643,i1991010643,aa_5092,Side A: oblique from left,image,image/jpeg,Image;StillImage,https://iiif.perseus.tufts.edu/iiif/3/1991.01.0643/full/max/0/default.jpg,"https://iiif.perseus.tufts.edu/iiif/3/1991.01.0643/full/^800,/0/default.jpg","https://iiif.perseus.tufts.edu/iiif/3/1991.01.0643/full/^450,/0/default.jpg","Photograph by Maria Daniels, courtesy of the University Museums, University of Mississippi",Side A: oblique from left,aa_5092,https://iiif.perseus.tufts.edu/iiif/3/1991.01.0643,,,,,,,,,,,,,,,,,,,,,,,,,,,,,,,,,,,,,,,,,,,,,,,,,,,,,,,,,,,,,,,,,,,,,,,,,,,,,,,,,,,,,,,,,,,,,,,,,,
1991.01.0644,i1991010644,aa_5092,Side A: armed youth pursuing girl,image,image/jpeg,Image;StillImage,https://iiif.perseus.tufts.edu/iiif/3/1991.01.0644/full/max/0/default.jpg,"https://iiif.perseus.tufts.edu/iiif/3/1991.01.0644/full/^800,/0/default.jpg","https://iiif.perseus.tufts.edu/iiif/3/1991.01.0644/full/^450,/0/default.jpg","Photograph by Maria Daniels, courtesy of the University Museums, University of Mississippi",Side A: armed youth pursuing girl,aa_5092,https://iiif.perseus.tufts.edu/iiif/3/1991.01.0644,,,,,,,,,,,,,,,,,,,,,,,,,,,,,,,,,,,,,,,,,,,,,,,,,,,,,,,,,,,,,,,,,,,,,,,,,,,,,,,,,,,,,,,,,,,,,,,,,,
1991.01.0645,i1991010645,aa_5092,Side A: armed youth,image,image/jpeg,Image;StillImage,https://iiif.perseus.tufts.edu/iiif/3/1991.01.0645/full/max/0/default.jpg,"https://iiif.perseus.tufts.edu/iiif/3/1991.01.0645/full/^800,/0/default.jpg","https://iiif.perseus.tufts.edu/iiif/3/1991.01.0645/full/^450,/0/default.jpg","Photograph by Maria Daniels, courtesy of the University Museums, University of Mississippi",Side A: armed youth,aa_5092,https://iiif.perseus.tufts.edu/iiif/3/1991.01.0645,,,,,,,,,,,,,,,,,,,,,,,,,,,,,,,,,,,,,,,,,,,,,,,,,,,,,,,,,,,,,,,,,,,,,,,,,,,,,,,,,,,,,,,,,,,,,,,,,,
1991.01.0646,i1991010646,aa_5092,"Side A: armed youth, upper half",image,image/jpeg,Image;StillImage,https://iiif.perseus.tufts.edu/iiif/3/1991.01.0646/full/max/0/default.jpg,"https://iiif.perseus.tufts.edu/iiif/3/1991.01.0646/full/^800,/0/default.jpg","https://iiif.perseus.tufts.edu/iiif/3/1991.01.0646/full/^450,/0/default.jpg","Photograph by Maria Daniels, courtesy of the University Museums, University of Mississippi","Side A: armed youth, upper half",aa_5092,https://iiif.perseus.tufts.edu/iiif/3/1991.01.0646,,,,,,,,,,,,,,,,,,,,,,,,,,,,,,,,,,,,,,,,,,,,,,,,,,,,,,,,,,,,,,,,,,,,,,,,,,,,,,,,,,,,,,,,,,,,,,,,,,
1991.01.0647,i1991010647,aa_5092,Side A: head of armed youth,image,image/jpeg,Image;StillImage,https://iiif.perseus.tufts.edu/iiif/3/1991.01.0647/full/max/0/default.jpg,"https://iiif.perseus.tufts.edu/iiif/3/1991.01.0647/full/^800,/0/default.jpg","https://iiif.perseus.tufts.edu/iiif/3/1991.01.0647/full/^450,/0/default.jpg","Photograph by Maria Daniels, courtesy of the University Museums, University of Mississippi",Side A: head of armed youth,aa_5092,https://iiif.perseus.tufts.edu/iiif/3/1991.01.0647,,,,,,,,,,,,,,,,,,,,,,,,,,,,,,,,,,,,,,,,,,,,,,,,,,,,,,,,,,,,,,,,,,,,,,,,,,,,,,,,,,,,,,,,,,,,,,,,,,
1991.01.0648,i1991010648,aa_5092,"Side A: armed youth, lower half",image,image/jpeg,Image;StillImage,https://iiif.perseus.tufts.edu/iiif/3/1991.01.0648/full/max/0/default.jpg,"https://iiif.perseus.tufts.edu/iiif/3/1991.01.0648/full/^800,/0/default.jpg","https://iiif.perseus.tufts.edu/iiif/3/1991.01.0648/full/^450,/0/default.jpg","Photograph by Maria Daniels, courtesy of the University Museums, University of Mississippi","Side A: armed youth, lower half",aa_5092,https://iiif.perseus.tufts.edu/iiif/3/1991.01.0648,,,,,,,,,,,,,,,,,,,,,,,,,,,,,,,,,,,,,,,,,,,,,,,,,,,,,,,,,,,,,,,,,,,,,,,,,,,,,,,,,,,,,,,,,,,,,,,,,,
1991.01.0649,i1991010649,aa_5092,Side A: sword held by youth,image,image/jpeg,Image;StillImage,https://iiif.perseus.tufts.edu/iiif/3/1991.01.0649/full/max/0/default.jpg,"https://iiif.perseus.tufts.edu/iiif/3/1991.01.0649/full/^800,/0/default.jpg","https://iiif.perseus.tufts.edu/iiif/3/1991.01.0649/full/^450,/0/default.jpg","Photograph by Maria Daniels, courtesy of the University Museums, University of Mississippi",Side A: sword held by youth,aa_5092,https://iiif.perseus.tufts.edu/iiif/3/1991.01.0649,,,,,,,,,,,,,,,,,,,,,,,,,,,,,,,,,,,,,,,,,,,,,,,,,,,,,,,,,,,,,,,,,,,,,,,,,,,,,,,,,,,,,,,,,,,,,,,,,,
1991.01.0650,i1991010650,aa_5092,Side A: girl,image,image/jpeg,Image;StillImage,https://iiif.perseus.tufts.edu/iiif/3/1991.01.0650/full/max/0/default.jpg,"https://iiif.perseus.tufts.edu/iiif/3/1991.01.0650/full/^800,/0/default.jpg","https://iiif.perseus.tufts.edu/iiif/3/1991.01.0650/full/^450,/0/default.jpg","Photograph by Maria Daniels, courtesy of the University Museums, University of Mississippi",Side A: girl,aa_5092,https://iiif.perseus.tufts.edu/iiif/3/1991.01.0650,,,,,,,,,,,,,,,,,,,,,,,,,,,,,,,,,,,,,,,,,,,,,,,,,,,,,,,,,,,,,,,,,,,,,,,,,,,,,,,,,,,,,,,,,,,,,,,,,,
1991.01.0651,i1991010651,aa_5092,"Side A: girl, upper half",image,image/jpeg,Image;StillImage,https://iiif.perseus.tufts.edu/iiif/3/1991.01.0651/full/max/0/default.jpg,"https://iiif.perseus.tufts.edu/iiif/3/1991.01.0651/full/^800,/0/default.jpg","https://iiif.perseus.tufts.edu/iiif/3/1991.01.0651/full/^450,/0/default.jpg","Photograph by Maria Daniels, courtesy of the University Museums, University of Mississippi","Side A: girl, upper half",aa_5092,https://iiif.perseus.tufts.edu/iiif/3/1991.01.0651,,,,,,,,,,,,,,,,,,,,,,,,,,,,,,,,,,,,,,,,,,,,,,,,,,,,,,,,,,,,,,,,,,,,,,,,,,,,,,,,,,,,,,,,,,,,,,,,,,
1991.01.0652,i1991010652,aa_5092,Side A: head of girl,image,image/jpeg,Image;StillImage,https://iiif.perseus.tufts.edu/iiif/3/1991.01.0652/full/max/0/default.jpg,"https://iiif.perseus.tufts.edu/iiif/3/1991.01.0652/full/^800,/0/default.jpg","https://iiif.perseus.tufts.edu/iiif/3/1991.01.0652/full/^450,/0/default.jpg","Photograph by Maria Daniels, courtesy of the University Museums, University of Mississippi",Side A: head of girl,aa_5092,https://iiif.perseus.tufts.edu/iiif/3/1991.01.0652,,,,,,,,,,,,,,,,,,,,,,,,,,,,,,,,,,,,,,,,,,,,,,,,,,,,,,,,,,,,,,,,,,,,,,,,,,,,,,,,,,,,,,,,,,,,,,,,,,
1991.01.0653,i1991010653,aa_5092,"Side A: girl, lower half",image,image/jpeg,Image;StillImage,https://iiif.perseus.tufts.edu/iiif/3/1991.01.0653/full/max/0/default.jpg,"https://iiif.perseus.tufts.edu/iiif/3/1991.01.0653/full/^800,/0/default.jpg","https://iiif.perseus.tufts.edu/iiif/3/1991.01.0653/full/^450,/0/default.jpg","Photograph by Maria Daniels, courtesy of the University Museums, University of Mississippi","Side A: girl, lower half",aa_5092,https://iiif.perseus.tufts.edu/iiif/3/1991.01.0653,,,,,,,,,,,,,,,,,,,,,,,,,,,,,,,,,,,,,,,,,,,,,,,,,,,,,,,,,,,,,,,,,,,,,,,,,,,,,,,,,,,,,,,,,,,,,,,,,,
1991.01.0654,i1991010654,aa_5092,Side A: girl's hand,image,image/jpeg,Image;StillImage,https://iiif.perseus.tufts.edu/iiif/3/1991.01.0654/full/max/0/default.jpg,"https://iiif.perseus.tufts.edu/iiif/3/1991.01.0654/full/^800,/0/default.jpg","https://iiif.perseus.tufts.edu/iiif/3/1991.01.0654/full/^450,/0/default.jpg","Photograph by Maria Daniels, courtesy of the University Museums, University of Mississippi",Side A: girl's hand,aa_5092,https://iiif.perseus.tufts.edu/iiif/3/1991.01.0654,,,,,,,,,,,,,,,,,,,,,,,,,,,,,,,,,,,,,,,,,,,,,,,,,,,,,,,,,,,,,,,,,,,,,,,,,,,,,,,,,,,,,,,,,,,,,,,,,,
1991.01.0655,i1991010655,aa_5092,Side B: two women,image,image/jpeg,Image;StillImage,https://iiif.perseus.tufts.edu/iiif/3/1991.01.0655/full/max/0/default.jpg,"https://iiif.perseus.tufts.edu/iiif/3/1991.01.0655/full/^800,/0/default.jpg","https://iiif.perseus.tufts.edu/iiif/3/1991.01.0655/full/^450,/0/default.jpg","Photograph by Maria Daniels, courtesy of the University Museums, University of Mississippi",Side B: two women,aa_5092,https://iiif.perseus.tufts.edu/iiif/3/1991.01.0655,,,,,,,,,,,,,,,,,,,,,,,,,,,,,,,,,,,,,,,,,,,,,,,,,,,,,,,,,,,,,,,,,,,,,,,,,,,,,,,,,,,,,,,,,,,,,,,,,,
1991.01.0656,i1991010656,aa_5092,Side B: woman on left,image,image/jpeg,Image;StillImage,https://iiif.perseus.tufts.edu/iiif/3/1991.01.0656/full/max/0/default.jpg,"https://iiif.perseus.tufts.edu/iiif/3/1991.01.0656/full/^800,/0/default.jpg","https://iiif.perseus.tufts.edu/iiif/3/1991.01.0656/full/^450,/0/default.jpg","Photograph by Maria Daniels, courtesy of the University Museums, University of Mississippi",Side B: woman on left,aa_5092,https://iiif.perseus.tufts.edu/iiif/3/1991.01.0656,,,,,,,,,,,,,,,,,,,,,,,,,,,,,,,,,,,,,,,,,,,,,,,,,,,,,,,,,,,,,,,,,,,,,,,,,,,,,,,,,,,,,,,,,,,,,,,,,,
1991.01.0657,i1991010657,aa_5092,"Side B: woman on left, upper half",image,image/jpeg,Image;StillImage,https://iiif.perseus.tufts.edu/iiif/3/1991.01.0657/full/max/0/default.jpg,"https://iiif.perseus.tufts.edu/iiif/3/1991.01.0657/full/^800,/0/default.jpg","https://iiif.perseus.tufts.edu/iiif/3/1991.01.0657/full/^450,/0/default.jpg","Photograph by Maria Daniels, courtesy of the University Museums, University of Mississippi","Side B: woman on left, upper half",aa_5092,https://iiif.perseus.tufts.edu/iiif/3/1991.01.0657,,,,,,,,,,,,,,,,,,,,,,,,,,,,,,,,,,,,,,,,,,,,,,,,,,,,,,,,,,,,,,,,,,,,,,,,,,,,,,,,,,,,,,,,,,,,,,,,,,
1991.01.0658,i1991010658,aa_5092,Side B: head of woman on left,image,image/jpeg,Image;StillImage,https://iiif.perseus.tufts.edu/iiif/3/1991.01.0658/full/max/0/default.jpg,"https://iiif.perseus.tufts.edu/iiif/3/1991.01.0658/full/^800,/0/default.jpg","https://iiif.perseus.tufts.edu/iiif/3/1991.01.0658/full/^450,/0/default.jpg","Photograph by Maria Daniels, courtesy of the University Museums, University of Mississippi",Side B: head of woman on left,aa_5092,https://iiif.perseus.tufts.edu/iiif/3/1991.01.0658,,,,,,,,,,,,,,,,,,,,,,,,,,,,,,,,,,,,,,,,,,,,,,,,,,,,,,,,,,,,,,,,,,,,,,,,,,,,,,,,,,,,,,,,,,,,,,,,,,
1991.01.0659,i1991010659,aa_5092,"Side B: woman on left, lower half",image,image/jpeg,Image;StillImage,https://iiif.perseus.tufts.edu/iiif/3/1991.01.0659/full/max/0/default.jpg,"https://iiif.perseus.tufts.edu/iiif/3/1991.01.0659/full/^800,/0/default.jpg","https://iiif.perseus.tufts.edu/iiif/3/1991.01.0659/full/^450,/0/default.jpg","Photograph by Maria Daniels, courtesy of the University Museums, University of Mississippi","Side B: woman on left, lower half",aa_5092,https://iiif.perseus.tufts.edu/iiif/3/1991.01.0659,,,,,,,,,,,,,,,,,,,,,,,,,,,,,,,,,,,,,,,,,,,,,,,,,,,,,,,,,,,,,,,,,,,,,,,,,,,,,,,,,,,,,,,,,,,,,,,,,,
1991.01.0660,i1991010660,aa_5092,Side B: woman on right,image,image/jpeg,Image;StillImage,https://iiif.perseus.tufts.edu/iiif/3/1991.01.0660/full/max/0/default.jpg,"https://iiif.perseus.tufts.edu/iiif/3/1991.01.0660/full/^800,/0/default.jpg","https://iiif.perseus.tufts.edu/iiif/3/1991.01.0660/full/^450,/0/default.jpg","Photograph by Maria Daniels, courtesy of the University Museums, University of Mississippi",Side B: woman on right,aa_5092,https://iiif.perseus.tufts.edu/iiif/3/1991.01.0660,,,,,,,,,,,,,,,,,,,,,,,,,,,,,,,,,,,,,,,,,,,,,,,,,,,,,,,,,,,,,,,,,,,,,,,,,,,,,,,,,,,,,,,,,,,,,,,,,,
1991.01.0661,i1991010661,aa_5092,"Side B: woman on right, upper half",image,image/jpeg,Image;StillImage,https://iiif.perseus.tufts.edu/iiif/3/1991.01.0661/full/max/0/default.jpg,"https://iiif.perseus.tufts.edu/iiif/3/1991.01.0661/full/^800,/0/default.jpg","https://iiif.perseus.tufts.edu/iiif/3/1991.01.0661/full/^450,/0/default.jpg","Photograph by Maria Daniels, courtesy of the University Museums, University of Mississippi","Side B: woman on right, upper half",aa_5092,https://iiif.perseus.tufts.edu/iiif/3/1991.01.0661,,,,,,,,,,,,,,,,,,,,,,,,,,,,,,,,,,,,,,,,,,,,,,,,,,,,,,,,,,,,,,,,,,,,,,,,,,,,,,,,,,,,,,,,,,,,,,,,,,
1991.01.0662,i1991010662,aa_5092,Side B: head of woman on right,image,image/jpeg,Image;StillImage,https://iiif.perseus.tufts.edu/iiif/3/1991.01.0662/full/max/0/default.jpg,"https://iiif.perseus.tufts.edu/iiif/3/1991.01.0662/full/^800,/0/default.jpg","https://iiif.perseus.tufts.edu/iiif/3/1991.01.0662/full/^450,/0/default.jpg","Photograph by Maria Daniels, courtesy of the University Museums, University of Mississippi",Side B: head of woman on right,aa_5092,https://iiif.perseus.tufts.edu/iiif/3/1991.01.0662,,,,,,,,,,,,,,,,,,,,,,,,,,,,,,,,,,,,,,,,,,,,,,,,,,,,,,,,,,,,,,,,,,,,,,,,,,,,,,,,,,,,,,,,,,,,,,,,,,
1991.01.0663,i1991010663,aa_5092,"Side B: woman on right, lower half",image,image/jpeg,Image;StillImage,https://iiif.perseus.tufts.edu/iiif/3/1991.01.0663/full/max/0/default.jpg,"https://iiif.perseus.tufts.edu/iiif/3/1991.01.0663/full/^800,/0/default.jpg","https://iiif.perseus.tufts.edu/iiif/3/1991.01.0663/full/^450,/0/default.jpg","Photograph by Maria Daniels, courtesy of the University Museums, University of Mississippi","Side B: woman on right, lower half",aa_5092,https://iiif.perseus.tufts.edu/iiif/3/1991.01.0663,,,,,,,,,,,,,,,,,,,,,,,,,,,,,,,,,,,,,,,,,,,,,,,,,,,,,,,,,,,,,,,,,,,,,,,,,,,,,,,,,,,,,,,,,,,,,,,,,,
1991.01.0664,i1991010664,aa_5092,Side B: inscription in front of woman on right,image,image/jpeg,Image;StillImage,https://iiif.perseus.tufts.edu/iiif/3/1991.01.0664/full/max/0/default.jpg,"https://iiif.perseus.tufts.edu/iiif/3/1991.01.0664/full/^800,/0/default.jpg","https://iiif.perseus.tufts.edu/iiif/3/1991.01.0664/full/^450,/0/default.jpg","Photograph by Maria Daniels, courtesy of the University Museums, University of Mississippi",Side B: inscription in front of woman on right,aa_5092,https://iiif.perseus.tufts.edu/iiif/3/1991.01.0664,,,,,,,,,,,,,,,,,,,,,,,,,,,,,,,,,,,,,,,,,,,,,,,,,,,,,,,,,,,,,,,,,,,,,,,,,,,,,,,,,,,,,,,,,,,,,,,,,,
1991.01.0665,i1991010665,aa_5092,Side B: head of woman on right,image,image/jpeg,Image;StillImage,https://iiif.perseus.tufts.edu/iiif/3/1991.01.0665/full/max/0/default.jpg,"https://iiif.perseus.tufts.edu/iiif/3/1991.01.0665/full/^800,/0/default.jpg","https://iiif.perseus.tufts.edu/iiif/3/1991.01.0665/full/^450,/0/default.jpg","Photograph by Maria Daniels, courtesy of the University Museums, University of Mississippi",Side B: head of woman on right,aa_5092,https://iiif.perseus.tufts.edu/iiif/3/1991.01.0665,,,,,,,,,,,,,,,,,,,,,,,,,,,,,,,,,,,,,,,,,,,,,,,,,,,,,,,,,,,,,,,,,,,,,,,,,,,,,,,,,,,,,,,,,,,,,,,,,,
1991.01.0666,i1991010666,aa_5092,Side A: head of girl,image,image/jpeg,Image;StillImage,https://iiif.perseus.tufts.edu/iiif/3/1991.01.0666/full/max/0/default.jpg,"https://iiif.perseus.tufts.edu/iiif/3/1991.01.0666/full/^800,/0/default.jpg","https://iiif.perseus.tufts.edu/iiif/3/1991.01.0666/full/^450,/0/default.jpg","Photograph by Maria Daniels, courtesy of the University Museums, University of Mississippi",Side A: head of girl,aa_5092,https://iiif.perseus.tufts.edu/iiif/3/1991.01.0666,,,,,,,,,,,,,,,,,,,,,,,,,,,,,,,,,,,,,,,,,,,,,,,,,,,,,,,,,,,,,,,,,,,,,,,,,,,,,,,,,,,,,,,,,,,,,,,,,,
aa_5351,aa_5351,,Harvard 1925.30.130,compound_object,compound_object,record,,,,,,,,,,,,,,,211593,,,,"Cambridge, Harvard University Art Museums",<P>Bequest of Joseph C. Hoppin. Bought in Athens in 1896.</P>,,"<P>For the scene in the tondo, cf. <rs type=""vase"">Munich 2690</rs>; <bibl>ARV2, 880, 6</bibl>; <bibl><hi rend=""ital"">Kunst der Schale, Kultur des Trinkens</hi> (Munich 1990) 398, fig. 70.15</bibl>. On another cup, the Penthesilea Painter mixed the elements on the Harvard cup, showing satyrs attacking not a maenad, but Iris: <rs type=""vase"">Berlin F 2591</rs> (<bibl>ARV2, 888, 150</bibl>). For scenes of Iris and Zeus, see <bibl>LIMC, V, 746-48, pls. 480-91</bibl>.</P>","<P>Broken and repaired, with a few pieces missing, most noticeably in the maenad and the returning warrior. There are wide cracks through several figures and considerable abrasion in the interior (e.g. the satyr's legs, which are repainted).</P>",,Capua,Said to be from,,,-465.0,"<P>Below each handle, a single enclosed palmette, with coiling tendrils. <hi rend=""ital"">Side A</hi>: The subject is unusual and possibly unique. A bearded man is seated at left on stool (<hi rend=""ital"">diphros</hi>). He wears a chiton and himation and holds a long scepter which identifies him as a king. On the wall behind him is a hook for hanging a helmet. Since the winged goddess standing in the center must be Iris, as shown by the caduceus she carries, the king is probably Zeus himself. The goddess wears a peplos and has her hair in a krobylos secured by a fillet. She stands frontally, gesturing at Zeus with her right hand but turning her gaze toward the warrior at right, who stoops to lay a branch of laurel on the ground, an offering to the King of the Gods. The warrior, who is badly damaged, wears a short chiton, cloak, and Thracian helmet and carries a spear and a round shield with a device in the form of a left eye, drawn in outline. Beazley suggested that the scene represents a Panhellenic thank-offering after the Persian Wars (<bibl><hi rend=""ital"">JHS</hi> 47 (1927) 148</bibl>. <hi rend=""ital"">Side B</hi>: Departure of a warrior, who stands in the center between an old man, at left, and Iris, at right. The goddess, wearing a chiton and sakkos and carrying her caduceus, faces the warrior and gestures toward him, as though summoning him. The warrior is nude except for a short cloak over his right arm, which he extends to hold a spear. On his extended left arm is a shield, the interior of which faces the viewer. The device is hidden, but a leather apron on the bottom is decorated with an outline eye, this time a right one. The old man is draped from ankle to chin. He leans on his staff to right as he clutches his bowed and balding head, apparently in grief. Iris is an unusual presence in a departure scene and suggests that the warrior's journey will be a special one. If he is the same warrior as on Side A, the messenger goddess may be summoning him to Olympos (or, perhaps, to the local sanctuary of Zeus). Another possibility, suggested by the grieving father, is that she has come to take him to the Underworld, though that is a task usually reserved for Hermes. If the warrior is indeed dead, and the two scenes are related, the seated man may be Hades instead of Zeus. Finally, it should be noted that although the caduceus is the usual identifying attribute of Iris, Nike also is sometimes represented carrying one: e.g. <rs type=""vase"">Berlin F 2166</rs> (<bibl>ARV2, 288, 5</bibl>). <hi rend=""ital"">Tondo</hi>: Satyr attacking a maenad. The latter, wearing chiton, himation, and sakkos, moves to the left but turns to defend herself with the butt of her thyrsos. The bald satyr prances after her, clutching with both hands as he looks into her eyes.</P>",,,,<P>H. 0.113 m.; D. 0.273 m.; D. with handles 0.354 m.</P>,,,-460,ca.,Michael Padgett,Buitron No. 62,"<Title>RED-FIGURE KYLIX (TYPE B)</Title><Collection.Hist><P>Lent by the Fogg Art Museum, Harvard University; bequest of J. C. Hoppin (1925.30.130)</P></Collection.Hist><Dimensions><P><Head>Height:</Head> 4 7/16 in. (11.3 cm.); <Head>Diameter:</Head> 10 13/16 in. (27.4 cm.)</P></Dimensions><Condition><P>Broken and repaired; missing pieces restored and painted. From Capua.</P></Condition><Dec.Descr><P><Head>Interior:</Head> a satyr tries to seize a maenad who looks back at him as she walks off to the left. She carries a thyrsos; her right foot projects into the border. Leftward meander border.</P><P><Head>Side A:</Head> return of a victor. In the center Iris, with wings outspread, holds a caduceus and looks to her left toward an approaching warrior. The warrior, in Thracian helmet and carrying a shield (device: open eye), bends forward to place a laurel branch at her feet, a gift of thanks. Iris seems to be presenting the warrior to the bearded man at the left who is sitting on a diphros and holding a scepter. Perhaps he is Zeus, in which case the scene might depict the thank offering to Zeus after the Persian war (<OBibRef>Beazley, Review <I>CVA</I> USA 1 by Hoppin, <I>JHS</I> 47 [1927] 148</OBibRef>). Behind Zeus is a peg for the helmet.</P><P><Head>Side B:</Head> departure of a warrior. In the center is a nude bearded warrior carrying a shield with its shield apron (decorated with an open eye) and a staff. At the right, Iris carrying a caduceus. At the left, a bearded man wrapped in a mantle, perhaps the warrior's father sunk in grief. Under the handles, single palmettes with tendrils and leaves.</P><P><Head>Dilute glaze:</Head> anatomical details, ends of the hair, leaves of the thyrsos, feathers of Iris' wings.</P></Dec.Descr><Other.Text><P>Attributed to the Penthesilea Painter [Hoppin] ca. 470 - 460 B. C.</P><P>The sketchy but lively characterization of the figures on this cup reflects the naturalistic trend in vase painting of which the Penthesilea Painter was the chief exponent. The painter is named for a kylix in Munich (<VaseRef>Munich 2688</VaseRef>; <PBibRef>ARV2, 879, no. 1</PBibRef>) which shows Achilles falling in love with the Amazon queen, Penthesilea, as he kills her. The winged goddess is probably Iris since she is carrying a caduceus, her usual attribute (D. von Bothmer).</P></Other.Text><Essay.Bib><P><Head>Bibliography:</Head> <PBibRef>Beazley 1918, 131</PBibRef>; <OBibRef>Hoppin, <I>AJA</I> 22 (1918) 69, no. 7</OBibRef>; <PBibRef>Hoppin 1919, vol. 2, p. 340, no. 13 bis</PBibRef>; <PBibRef>CVA, USA 1, p. 8, pl. 11</PBibRef>; <OBibRef>Beazley, Review <I>CVA</I> USA 1 by Hoppin, <I>JHS</I> 47 (1927) 148</OBibRef>; <PBibRef>ARV2, 881, no. 29</PBibRef>.</P></Essay.Bib>",,,,,,,,,,,,,,,,,Perseus,,,Harvard 1925.30.130,,,,,,"<P><bibl>CVA, Hoppin-Gallatin, USA 1, 8, pl. 11</bibl>; <bibl>Buitron 1972, 114-15, no. 62</bibl>; <bibl>LIMC, V, 757-58, pl. 500, Iris I 172</bibl>.</P>",,Penthesilea Painter,Attributed to the,Early Classical,35. Early Clas.,,2.0,,,,,,"<bibl>ARV2, 881, 29</bibl>.",Campania,,,,,,,,,,Kylix,<P>Type B kylix.</P>,,"<P>CVA, Hoppin-Gallatin; Buitron 1972.</P>",-470,ca.,,,"Side A: Warrior presented to Zeus by Iris. Side B: Departing warrior, with Iris. Tondo: Satyr and maenad.",,,Vase,,,Attic Red Figure
aa_5392,aa_5392,,Boston 97.369,compound_object,compound_object,record,https://iiif.perseus.tufts.edu/iiif/3/1990.24.0439/full/max/0/default.jpg,"https://iiif.perseus.tufts.edu/iiif/3/1990.24.0439/full/^800,/0/default.jpg","https://iiif.perseus.tufts.edu/iiif/3/1990.24.0439/full/^450,/0/default.jpg",,,,,,,,,,,,205295,,,,"Museum of Fine Arts, Boston",,,,,,,,,,-470.0,,,,,,,,,,,C & B No. 131,"<Entry><Header><Catalog>131</Catalog>. <Inv>97.369</Inv>. <Shape>CUP</Shape>, <Provenience>from Falerii</Provenience>. <Plates>PLATE LXXIV, 3</Plates></Header><P>Diameter 0.215, height 0.081. I, woman at laver. About 470 B.C., by Douris (<I>VA</I>. p. 99; <I>Att. V.</I> p. 206 no. 90; <I>ARV.1</I> p. 291 no. 191; <I>ARV.2</I> p. 444 no. 248).</P><P>The cup, of Type B, belongs to the fourth the Polyphrasmon period of Douris.</P><P>The action is the same as in the earlier cup by Douris, no. 128: a woman bends over a shallow basin, which rests on a stand; her hands are in the basin. Beside the stand there is a vessel of the same shape as in the other cup; and again a small goatskin bag hangs on the wall. Behind, the foot of a couch is seen, with a striped cover on it. The costume is chiton, himation, ear-rings, and a saccos ornamented with rows of lotus-buds, a row of crosses, and another of dots. The folds of the chiton are stylized in groups of three on the sleeves, of two on the skirt: compare the chiton of Prometheus on a cup by Douris in the Cabinet des Mdailles<Note n=""iii.24.2""><P><VaseRef>Paris, Cab. Md. 542</VaseRef>: <I>Mon</I>. 5 pl. 35: <I>ARV.1</I> p. 287 no. 113; <I>ARV.2</I> p. 438 no. 133.</P></Note> and, for the saccos, his cup in Berlin (<VaseRef>Berlin F 2289</VaseRef>).<Note n=""iii.24.3""><P>Pfuhl fig. 461: <I>ARV.1</I> p. 286 no. 84; <I>ARV.2</I> p. 435 no. 95.</P></Note></P><P>Relief-contours. The hair over the forehead is edged with relief-lines. Red for the inscription, <foreign lang=""Greek"">*H*E*P*A*I*S *K*A*L*E</foreign>. A repainted fracture runs through the end of the coverlet, and another through the mouth of the goatskin.</P><P>In his late period Douris sometimes abandons his characteristic border and uses an ordinary sort of maeander-and-cross-square.</P><P>The picture is difficult to poise, as the horizontals of the objects run crazily. This is no doubt deliberate, but it is not easy to see what is gained.</P><P>The subject is the same as in the earlier cup by Douris, no. 128, except that the person is a woman instead of a naked youth. The basin is again very shallow; the same vessel stands on the ground; and the same goatskin hangs on the wall. On a still later cup by Douris, in Tarquinia, the subject is again the same, except that there is no goatskin; the place of the couch is taken by a table with a basket on it.<Note n=""iii.24.4""><P><VaseRef>Tarquinia RC 1116</VaseRef>: <I>Eranos Vindobonensis</I> p. 381; <I>CV</I>. pl. 10, 4: <I>ARV.1</I> p. 291 no. 192; <I>ARV.2</I> p. 445 no. 250. For the style compare the New York cup (<VaseRef>New York 23.160.54</VaseRef>; Richter and Hall pl. 61, pll. 63-64 and pl. 181, 59: <I>ARV.1</I> p. 289 no. 152: <I>ARV.2</I> p. 441 no. 186).</P></Note></P><P>If we had only these three pictures, we should say that the persons were washing their hands, and that is probably what they are doing. The vessel on the ground a general-purposes washing-bowl supplements the high basin, which is all right for cleansing arms and face, but not so suitable for what may be termed sublution. Many vessels of this <Milestone type=""page"" n=""iii p. 25""> nature have been found in recent excavations.<Note n=""iii.25.1""><P>Talcott in <I>Hesp</I>. 4 pp. 493-5, pp. 511-12, 517, and 321, <I>Hesp</I>. 5 pp. 342-4 and 364-52, Corbett in <I>Hesp</I>. 18 pp. 333-4.</P></Note> Four from the Agora have handles like ours, and so has one from Todi;<Note n=""iii.25.2""><P><I>Hesp</I>. 15 pl. 66, 306-7; <I>Hesp</I>. 18 pl. 96, 85-86; Todi, <I>CV</I>. pl. 13, 10. The shape of a red-figured bell-krater in Compigne seems based on such vessels (<VaseRef>Compigne 1025</VaseRef>: <I>CV</I>. pl. 18, 1-2, pl. 18 bis, and pl. 19, 1-2: <I>ARV.1</I> p. 698, Group of Polygnotos, no. 52; <I>ARV.2</I> p. 1055 no. 76. An earlier relative is an Eastern Greek vase in Istanbul (<I>Metr. St</I>. 5 pp. 120-1).</P></Note> other representations of it in various uses are on a lost cup quoted by Hartwig, on a cup by Epiktetos in Villa Giulia, and on a cup by the Brygos Painter in Boston.<Note n=""iii.25.3""><P>Once Chiusi, Casuccini: Inghirami <I>Mus. Chius</I>. pl. 28. Villa Giulia: <I>ARV.1</I> p. 49 no. 68; <I>ARV.2</I> p. 76 no. 77. <VaseRef>Boston 10.200</VaseRef>: Plate 9, 23 and <CITN type=""CB"">i p. 23</CITN> (<VaseRef>Boston 10.200</VaseRef>); and (including a fragment that joins and has been presented to the Museum) Suppl. Plate 20, 1-2.</P></Note></P><P>And the goatskin? in other surroundings one would call it a wineskin, but here it can scarcely be that, and other things are carried in skins besides wine: I do not know if it could contain some cleansing matter or other: perhaps vinegar?</P><P>A third occurrence of it in similar surroundings is probably to be found on a cup in the Agora collection at Athens, by an earlier artist, the Painter of the Agora Chairiases, where a naked woman bends over a vessel in which she plunges her hands: the remains on the right of the fragmentary picture are no doubt, as Miss Talcott has seen, one end of a suspended skin.<Note n=""iii.25.4""><P><I>Hesp.</I> 23 pl. 15, e; <I>Hesp.</I> 24 pl. 32, a: <I>ARV.2</I> p. 176, below, no. 2.</P></Note> The skin is certainly present, hanging on the wall, on a white lekythos of the early classic period in the British Museum,<Note n=""iii.25.5""><P><VaseRef>London 1909.4-6.3</VaseRef>: Herford <I>Handbook of Greek Vase Painting</I> p. 89.</P></Note> where a woman bends over a basin, of normal depth, which rests on a stand. The vessel on the ground has the shape of an oinochoe. On a small red-figured lekythos of about 430<Note n=""iii.25.6""><P>Phot. R. I. 42. 351.</P></Note> a naked youth kneels with his hands on a basin at the foot of a tree; the basin is on the ground, has no stand; a skin hangs from a branch of the tree. Our last example is from a pelike, by the Geras Painter, in Berkeley:<Note n=""iii.25.7""><P><VaseRef>Berkeley 8.4583</VaseRef>: <I>AJA</I>. 1945 p. 509. <I>ARV.2</I> p. 286 no. 10.</P></Note> a young satyr kneels on the ground with his hands in a basin which rests on his thighs; a full-grown satyr holds a pail in one hand, in the other an oinochoe from which he pours a liquid into the basin; above, the skin, hanging, and a lidded vessel on a shelf. Amyx has made a persuasive case for cooking being represented,<Note n=""iii.25.8""><P><I>AJA</I>. 1945 pp. 508-18.</P></Note> and that is the chief reason for our hesitation in interpreting the pictures by Douris.</P></Entry>",,,,,,,,,"1990.24.0439,1992.11.0304","1990.24.0439,1992.11.0304",,,,,,,Perseus,,,Boston 97.369,,,,,,,,Douris,Attributed to,Late Archaic/Early Classical,28. Late Archaic,,2.0,,,,,,"<bibl>ARV2, 444, 248</bibl>",,,,,,,,,,,Kylix,,,,,,,,Tondo: woman at laver.,,,Vase,-470,ca.,Attic Red Figure
1990.24.0439,i1990240439,aa_5392,Overview: interior,image,image/jpeg,Image;StillImage,https://iiif.perseus.tufts.edu/iiif/3/1990.24.0439/full/max/0/default.jpg,"https://iiif.perseus.tufts.edu/iiif/3/1990.24.0439/full/^800,/0/default.jpg","https://iiif.perseus.tufts.edu/iiif/3/1990.24.0439/full/^450,/0/default.jpg","Photograph courtesy of the Museum of Fine Arts, Boston",Overview: interior,aa_5392,https://iiif.perseus.tufts.edu/iiif/3/1990.24.0439,,,,,,,,,,,,,,,,,,,,,,,,,,,,,,,,,,,,,,,,,,,,,,,,,,,,,,,,,,,,,,,,,,,,,,,,,,,,,,,,,,,,,,,,,,,,,,,,,,
1992.11.0304,i1992110304,aa_5392,Tondo: woman at laver,image,image/jpeg,Image;StillImage,https://iiif.perseus.tufts.edu/iiif/3/1992.11.0304/full/max/0/default.jpg,"https://iiif.perseus.tufts.edu/iiif/3/1992.11.0304/full/^800,/0/default.jpg","https://iiif.perseus.tufts.edu/iiif/3/1992.11.0304/full/^450,/0/default.jpg","From Caskey & Beazley, plate LXXIV. With permission of the Museum of Fine Arts, Boston.",Tondo: woman at laver,aa_5392,https://iiif.perseus.tufts.edu/iiif/3/1992.11.0304,,,,,,,,,,,,,,,,,,,,,,,,,,,,,,,,,,,,,,,,,,,,,,,,,,,,,,,,,,,,,,,,,,,,,,,,,,,,,,,,,,,,,,,,,,,,,,,,,,
aa_5432,aa_5432,,Boston 34.79,compound_object,compound_object,record,https://iiif.perseus.tufts.edu/iiif/3/1992.11.0266/full/max/0/default.jpg,"https://iiif.perseus.tufts.edu/iiif/3/1992.11.0266/full/^800,/0/default.jpg","https://iiif.perseus.tufts.edu/iiif/3/1992.11.0266/full/^450,/0/default.jpg",,,,,,,,,,,J.D. Beazley,213553,,,,"Museum of Fine Arts, Boston",,,,,,,,,,-440.0,,,,,,,,,,,C & B No. 111,"<Entry><Header><Catalog>111</Catalog>. <Inv>34.79</Inv>. <Shape>PELIKE</Shape>. <Plates>PLATE LXIII and SUPPL. PLATE 16</Plates></Header><P>Height 0.474. A, <I>Bull. MFA.</I> 32 pp. 39-42 (Caskey); <I>AJA.</I> 1934 pll. 26-7 (Caskey), whence (A) Scheurleer <I>Grieksche Ceramiek</I> pl. 34, 94; A, <I>JHS.</I> 54 pl. 11 (Caskey), whence Buschor <I>Gr. Vasen</I> p. 208; details of A, Richter <I>A.R.V.S.</I> figs. 94-5; A, Fairbanks and Chase p. 77; A, Chase <I>Guide</I> p. 84 fig. 93. A, Odysseus and the shade of Elpenor. B, Poseidon and Amymone. About 440 B.C., by the Lykaon Painter (Richter in <I>Bull. MFA.</I> 32 p. 43; <I>ARV.</I> p. 690 no. 2).</P><Milestone type=""page"" n=""ii p. 87""><P>We cannot do better than quote Caskey's description of the vase (<I>Bull. MFA.</I> 32 pp. 39-44):</P><P>'The picture recently acquired by the Museum decorates the front of a two-handled jar of the shape known as a pelike. The vase is unusually large: it is nearly nineteen inches high, with a capacity of six gallons; the three figures are drawn on a large scale on the black ground, which measures ten inches between the upper and lower borders. Since the artist has followed the Homeric account with remarkable fidelity, it seems worth while to repeat, as far as possible in the poet's words,<Note n=""ii.87.1""><P>'In Shaw's translation.'</P></Note> that portion of the tale which refers to the meeting with Elpenor. When Odysseus and his men became impatient to continue their homeward voyage after a year spent on the island of Aeaea, Circe fulfilled her promise to set them on their way, and gave them directions for their next journey ""to a strange destination, even so far as the house of Hades and dread Persephone, to seek counsel of the spirit of Teiresias of Thebes, that sightless prophet whose integrity of judgment has survived death... set mast, hoist sail, and then sit quietly. The northern airs will bring you thither. When you have cut across the river of Ocean you will find Persephone's shore and her grove of tall poplars and seed-blighted willows. Beach your ship there by the deep eddying Ocean stream and make your own way down to the dank house of Hades. There Pyriphlegethon (with Cocytus a tributary of the water of Styx) runs into Acheron; by a rock the two roaring rivers meet. When there, hero, step very near the face of the stream and dig a pit like this about a cubit each way, and pour a drink-offering around it to all the dead.... When thus with prayers you have entreated the grave's worshipful populations, slay for them a ram and a black ewe.... Then many wraiths will repair to you of the dead who have died.... Draw the sharp sword from your hip and sit with it ready, sternly preventing anyone of the shambling dead from coming near the blood till you have had your word with Teiresias."" In the morning they set forth, all except Elpenor ""the youngest (no great fighter and loose-minded)"", who during the bustle of departure had fallen from the roof of Circe's house and broken his neck. Having reached the spot which Circe had described, Odysseus beheaded the two sheep across the pit. ""Then from out of Erebus they flocked to me, the dead spirits of those who had died. Brides came and lads; old men and men of sad experience; tender girls aching from their first agony; and many fighting men showing the stabbed wounds of brazen spears war-victims, still in their blooded arms. All thronged to the trench and ranged restlessly this side of it and that with an eerie wailing.... The first I knew was the spirit of my fellow, Elpenor, whose body was not yet interred under the ample ground. We had left him unwept and unburied in the halls of Circe, for that these other labours came upon us urgently. When I saw him I had compassion and sharply cried across to him: 'Elpenor, how come you here into the gloomy shades? Your feet have been quicker than my ship.' He in a thin wail answered me: 'Son of Laertes, ready Odysseus, the harsh verdict of some god sealed my doom, together with my own unspeakable excess in wine. I had lain down on Circe's housetop to sleep off this drunkenness, but awoke still too confused to descend from the roof by the long ladder. Instead I plunged headlong over the parapet and broke my neckbone in its socket: hence my spirit has come down here to Hades. Yet I implore you, my Lord, to remember me as you go past homeward; for of my sure knowledge your returning must be by Aeaea. My Lord, I adjure you by those left behind, those not among us by your wife and by the father who cared for you when you were a little child, as by Telemachus, the babe you had to leave in your house alone do not abandon me unwept and unburied, lest I be the pawn to bring upon you God's wrath: but consume my body in fire, with those arms and armour which remain mine, and heap over the ashes a mound at the edge of the sea where the surf breaks white, for a token telling of an unhappy man to aftertime; and when the rites are completed fix above my mound the oar that in life I pulled among my fellows.' Thus he said and I promised him: 'Luckless one, all these things will I see done, exactly.' <I>So we two sat there, exchanging regrets, I with my sword held out stiffly across the blood-pool and the wraith of my follower beyond it, telling his tale</I>.""</P><Milestone type=""page"" n=""ii p. 88""><P>'This last sentence reads almost like a description of the picture on the vase, save for the introduction of Hermes, who plays no part in this episode of the Odyssey. The artist may have added him from a mixture of motives: partly because he wanted a composition with three figures, partly because one of the functions of Hermes was to conduct the souls of the dead to the lower world; it is also possible that the god appeared in a tragedy dealing with this theme.</P><P>'Some details of the picture, hard to see in photographs or even on the vase itself, appear more clearly in the drawing in which the doubly curved surface of the pelike has been flattened into a plane. Such are the lines in thinned paint indicating the inner markings on the bodies, the fleece of the sheep, the shading on the hat of Odysseus, and the like. The inscriptions giving the names of the three figures,<Note n=""ii.88.1""><P>'Elpenor's name is given in the genitive. This might be taken to mean ""(ghost) of Elpenor"". But Hermes is also labelled ""of Hermes"". And on another vase in the Museum, which is attributed to the same hand, the name of Zeus is in the genitive, while those of Artemis and other figures are in the nominative. It seems safer to draw no conclusions from these variations in the forms of names. The painter was not a faultless speller: he has omitted the second letter of Hermes' name; and similar mistakes occur on other vases decorated by him.'</P></Note> the contours of the rocky landscape, the reeds behind Elpenor, the pit with the blood of the sheep dripping into it were added in the form of a thick yellowish-white pigment applied on the black ground. Except for one small fragment these details have flaked off; but it is still possible to make them out, since the surface they covered lacks its characteristic lustre. This indication of scenery, though sketchy, is unusually elaborate, and interesting besides as showing how closely the artist followed Homer. The tall reeds with their tops waving in the wind suggest the proximity of the rivers. And the rock at their confluence is represented by the undulating line extending to the upper border of the picture. Elpenor, whose legs from the knees down are hidden in a depression of the ground, leans his body and raised left arm against this rock, the hand grasping a projection from it, while his right hand, planted on another rock, gives him the additional support he needs. Like Agamemnon, who appears later in the story, ""no longer had he substance to stand firm or the vigorously free movements such as once filled his supple limbs"". Odysseus sits quietly in an attitude more familiar in Greek vase painting, his head propped on his hand, gazing sorrowfully into the staring eyes of his comrade. He is in the prime of life and strength; his muscular arm with the hand firmly gripping his sword helps to differentiate him from the ghost opposite. Both figures are well drawn in complicated poses; the rendering of Elpenor's head in three-quarter view a problem which vase painters of this time still found difficult is fairly successful.<Note n=""ii.88.2""><P>'In the photograph of Elpenor his cranium is distorted owing to the curvature of the vase.'</P></Note> Hermes, in comparison with the other two, seems like a lay figure. Yet the attitude of his right hand and his intense gaze add somewhat to the pathos of the scene.'</P><P>The inscriptions are <foreign lang=""Greek"">*E*L*P*E*N*O*R*O*S</foreign>, <foreign lang=""Greek"">*O*D*U*S*E*U*S</foreign>, <foreign lang=""Greek"">*H*R*M*O</foreign>. For the genitives see <CITN type=""CB"">ii p. 85</CITN>; for <foreign lang=""Greek"">*H*R*M*O</foreign>, Kretschmer <I>Vaseninschriften</I> pp. 97-8 and Richter and Hall p. 195. <foreign lang=""Greek"">*Oduseus</foreign> for <foreign lang=""Greek"">*Odusseus</foreign>.</P><P>It is plain from Caskey's language that he would have preferred Hermes away. Perhaps there is more to say about this. Two things are expressed in the figure of Odysseus: pity, and self-control. That a third, surprise, should also be expressed in it is almost too much to expect. Yet surprise is one of the chief elements in the situation. It is expressed in the figure of Hermes. Again, the action of Hermes emphasizes the self-control of Odysseus. At the terrifying apparition, the god steps forward, ready to stand by the man: but the man has not flinched.</P><P>In a drawing of the scene that follows this in Homer, on an Etruscan mirror in the Vatican (Gerhard <I>E.S.</I> pl. 240; <I>JHS.</I> 69 pl. 5, b with p. 6), Hermes makes a third to Odysseus and the shade of Teiresias.</P><P>Caskey speaks of Hermes as conductor of the souls of the dead to the lower world: he might have added that when the living Herakles went down to Hades to fetch Cerberus, he was conducted by Hermes (<PLitRef>Hom. Od. 11.626</PLitRef>), and the two are often seen together in this scene on vases; Orpheus also was escorted to the nether world by Hermes.</P><Milestone type=""page"" n=""ii p. 89""><P>The story of the meeting of Odysseus and Elpenor in Hades may have been treated by Bacchylides: is not 'the man of Ithaca' in fr. 29 Elpenor rather than Odysseus?</P><Quote><L><foreign lang=""Greek"">melagkeuqe\s ei)/dwlon a)ndro\s *)Iqakhsi/ou</foreign>.</L></Quote><P>Tradition varies between <foreign lang=""Greek"">melambafe/s</foreign> and <foreign lang=""Greek"">melagkeuqe/s</foreign> the lectio difficilior, which scans (ba ba ia cr).</P><P>This is the only picture of the subject. Elpenor was seen, close to Odysseus, in the Nekyia of Polygnotos at Delphi; Pausanias describes his costume, but not his attitude (<PLitRef>Paus. 10.29.8</PLitRef>): 'Above Eriphyle are depicted Elpenor and Odysseus. Odysseus is crouching and holding his sword over the trench. Behind Teiresias is Anticleia, mother of Odysseus, on a rock. Instead of a mantle, Elpenor has a mat round him, such as sailors commonly wear.' A very colourless figure of Elpenor appears, in a different scene, on another vase of about the same period as ours, the calyx-krater by the Nekyia Painter in New York (<I>Metr. St.</I> 5 pp. 125-7, Jacobsthal; <I>Anz.</I> 1935 pp. 25-30, Paul Friedlnder; Richter and Hall pll. 135-7 and pl. 170, 135: <I>ARV.</I> p. 717, middle, no. 1). On an Etruscan mirror in New York (Richter <I>Greek, Roman and Etruscan Bronzes</I> p. 276, 800) and its two replicas <I>Velparun</I> takes the place of the Homeric Eurylochos when Odysseus threatens Circe.</P><P>On the reverse of the vase, a tame picture of Poseidon pursuing Amymone. The god has his trident in his right hand, and a cloak on his left shoulder and arm. Amymone, surprised at the fountain, holds a hydria in her left hand, and raises the other in alarm. She wears a peplos, open at the right side, with overfall, and round her head a broad band. A companion, dressed in chiton, himation, and saccos, flees, looking round. There is no relief-contour. Brown inner markings on the body of Poseidon; the hydria is covered with a light brown wash.</P><P>The pictures of Poseidon and Amymone have been studied recently by Greifenhagen (in <I>CV.</I> Bonn pp. 35-6) and Brommer (<I>A.M.</I> 63-4 pp. 171-6; and <I>Satyrspiele</I> p. 71): but I arrange them rather differently, and can add something. The older essay by Jahn is still useful (<I>Poseidon und Amymone</I> in <I>Vasenbilder</I>, 1839, pp. 34-40).</P><P>According to the story usually told, Amymone, one of the fifty daughters of Danaos, went to draw water at the fountain, was assaulted by a satyr, and rescued by Poseidon, by whom she became the mother of Nauplios (not the Argonaut). There are many pictures on vases of Poseidon pursuing a maiden; the earliest, somewhat before 480 B.C., on a cup with the signature of the potter Brygos, and near the Castelgiorgio Painter, in Frankfort (<I>WV.</I> 8 pl. 2, whence Hoppin i p. 109; Schaal <I>Gr. Vasen aus Frankfurter Sammlungen</I> pl. 30, a, and pl. 31: <I>ARV.</I> p. 258). There, and often elsewhere, it is not possible to name the maiden, who is not characterized. On a somewhat later vase, a hydria of between 480 and 470 in the Vatican, by the Syleus Painter (Gerhard pl. 12, whence <I>El.</I> 3 pl. 5 and Overbeck <I>KM.</I> pl. 13, 2: phot. Alinari 35724: <I>ARV.</I> p. 167 no. 39), the maiden pursued by Poseidon is named: it is Aithra, daughter of Pittheus and mother of Theseus. She holds a kalathos, a wool-basket, which probably refers to some story unknown to us (the exact circumstances in which Poseidon met Aithra are not recorded). The wool-basket appears in another picture of Poseidon pursuing a maiden, a small hydria of about 470 B.C. in the British Museum, a late work of the Eucharides Painter (<VaseRef>London E 174</VaseRef>: <I>El.</I> 3 pl. 19; <I>CV.</I> pl. 78, 2 and pl. 79, 3: <I>ARV.</I> p. 155 no. 31), and makes it likely that Aithra is represented there too. A third possible representation is on a calyx-krater by the Kleophrades Painter in the Giudice collection, Agrigento, but the vase is so much restored that one cannot be sure (see <I>Kl.</I> p. 26, top: <I>ARV.</I> p. 124 no. 41).<Note n=""""><P>(From Addenda to Parts I and II) P. 89, eleven lines from the foot: the calyx-krater by the Kleophrades Painter has passed to the Basle market (M.M.) (<I>ARV.2</I> p. 186 no. 48): it is now cleaned, and the subjects are seen to be what I had thought.</P></Note> On an unpublished lekythos, formerly in the Roman market, by the Dresden Painter (<I>ARV.</I> p. 449 no. 9), the woman pursued by Poseidon holds a hydria, and must be Amymone, who comes to fetch water. This is the earliest certain picture of Amymone, the date being between 480 and 460; and it heads a small group of pictures in which Poseidon pursues a woman who holds a hydria. The others are:</P><List><Heading level=""2"">(Attic)</Heading><Item><VaseRef>Leningrad 767</VaseRef>, calyx-krater by the Achilles Painter (<I>ARV.</I> p. 637 no. 45). A, Overbeck <I>KM.</I> pl. 13, 3.</Item><Milestone type=""page"" n=""ii p. 90""><Item><VaseRef>Villa Giulia 20846</VaseRef>, pelike. B, <I>St. etr.</I> 1 pl. 37, a. By the Painter of the Birth of Athena (<I>ARV.</I> p. 324 no. 2). Replica of the next, q.v.</Item><Item><VaseRef>Villa Giulia 20847</VaseRef>, pelike. A, <I>St. etr.</I> 1 pl. 37, b. By the Painter of the Birth of Athena (<I>ARV.</I> p. 324 no. 3). Replica of the last. On A, <foreign lang=""Greek"">*P*O*S*E*I*L?*W*N</foreign>, trident in hand pursues <foreign lang=""Greek"">*A*M*U*M*W*N*E</foreign>, who holds a hydria. On the right, one of her companions flees, looking back, a flower in the right hand, towards a king, Danaos, who stands to left, holding a sceptre. On the left of the picture is Aphrodite (<foreign lang=""Greek"">*A*F*O*L?*I*T*E</foreign>). The picture on <VaseRef>Villa Giulia 20846</VaseRef> differs little, but a small Eros flies towards Poseidon, and Aphrodite holds a flower; inscriptions <foreign lang=""Greek"">*A*F*R*O*D*I*T*E</foreign>, <foreign lang=""Greek"">*P*O*S*E*I*D*W*N</foreign>, <foreign lang=""Greek"">*A*M*U*M*W*N*E</foreign> retr. On the reverse of both vases, a god with a sceptre pursues a woman; on the right, a woman flees to a man; on the left, another woman flees. The chief figures are again inscribed <I>Poseidon</I> and <I>Amymone</I>, but the painter must have made a mistake: the subject is really Zeus pursuing a woman. The painter continues the late style of Hermonax, and the drawing is more old-fashioned than in the Boston pelike, but the vase cannot be appreciably earlier.<Note n=""""><P>(From Addenda to Parts I and II) P. 90, top: the numbers 20846 and 20847 should be interchanged: see <I>ARV.2</I> p. 494 nos. 2 and 3.</P></Note></Item><Item>Boston, our pelike by the Lykaon Painter.</Item><Item><VaseRef>New York 17.230.35</VaseRef>, lekythos by the Phiale Painter (<I>ARV.</I> p. 656 no. 66). <I>AJA.</I> 1923 pp. 282-3; Richter and Hall pl. 122 and pl. 176, 122.</Item><Item>Ruvo, Jatta, <VaseRef>Ruvo 1346</VaseRef>, stemless cup by the Painter of Ruvo 1346 (<I>ARV.</I> p. 859, middle, no. 2). Gerhard pl. 11, 3-4, whence <I>El.</I> 3 pl. 18 and Overbeck <I>KM.</I> pl. 13, 6; <I>JHS.</I> 56 p. 213 fig. 15 and pl. 13, 1-2. The second scene on this vase, Poseidon striking the rock to make the fountain of Lerna gush forth, confirms the identification of the woman with the hydria as Amymone.</Item><Heading level=""2"">(uncertain fabric, seems not Attic)</Heading><Item>Genoa, column-krater. A, <I>Ausonia</I> 5 p. 30, 2.</Item><P>On an Attic bell-krater in Syracuse, of about 435 B.C., by a painter of the Polygnotan Group (<I>Boll. d'Arte</I> 30 pp. 232-5; <I>CV.</I> pl. 17, 3 and pll. 18-19: <I>ARV.</I> p. 697 no. 35), the subject is treated in a new fashion: Amymone, at the fountain, is unaware of the presence of Poseidon; Aphrodite and Eros offer her wreaths; and, for the first time, a satyr is seen. Inscriptions <foreign lang=""Greek"">[*P]*O*S*E[*I]*D*W*N</foreign>, <foreign lang=""Greek"">*K*A*L...</foreign>, <foreign lang=""Greek"">[*A*M*U*M]*W*N*H</foreign>, <foreign lang=""Greek"">[*E*R*O]*S</foreign>. In later pictures, Poseidon is shown conversing with Amymone; Aphrodite is often present, and a satyr or satyrs. The influence of a satyr-play is presumed: it may be, as Greifenhagen says (<I>CV.</I> Bonn p. 36) that the satyr, though part of the legend as known to us from ancient literature, did not occur in the original version, but was brought in by a dramatic poet. In the list that follows the vases on which a satyr or satyrs appear are marked 'S' or 'SS'.</P><Heading level=""2"">(Attic)</Heading><Item><VaseRef>Bonn 1216.116 -119</VaseRef>, frr. of a bell-krater. Part, Bieber <I>Das Dresdener Schauspielerrelief</I> p. 17, 1 (2 and 3 do not belong), whence Pickard-Cambridge <I>Dithyramb, Tragedy and Comedy</I>, fig. 13, 1 (not 2-3); <I>CV.</I> pl. 30, 16. By the Painter of the Athens Dinos (Greifenhagen; <I>ARV.</I> p. 796 no. 2). It is not certain that there were no satyrs present.</Item><Item><VaseRef>Vatican U 13</VaseRef>, bell-krater. A, <I>AM.</I> 63-4 pl. 69. Influenced by the Dinos Painter (<I>ARV.</I> p. 794). SS.</Item><Item><VaseRef>Vatican U 16</VaseRef>, bell-krater. Passeri pl. 171, whence <I>El.</I> 3 pl. 28; <I>AM.</I> 63-4 pl. 70. SS.</Item><Item><VaseRef>Yale 152</VaseRef>, squat lekythos. <I>El.</I> 3 pl. 27; Baur pl. 11, above. Manner of the Meidias Painter (<I>ARV.</I> p. 838 no. 47). Inscriptions <foreign lang=""Greek"">[*A*F]*R*O[*D*I*T*H]</foreign>, <foreign lang=""Greek"">*P*O*S*E*I*D*W[*N]</foreign>, <foreign lang=""Greek"">[*A*M*U]*M*W*N*H</foreign>, <foreign lang=""Greek"">*A[*M]*F*I*T*R*I*T*I*I</foreign>.</Item><Item><VaseRef>Athens 12596</VaseRef>, calyx-krater. Nicole pl. 19; <I>AM.</I> 68-9 pl. 68, 2. SS.</Item><Item><VaseRef>Athens 12196</VaseRef>, calyx-krater. A, <I>AM.</I> 68-9 pl. 68, 1. I count the vase Attic, not Boeotian as Brommer.</Item><Item><VaseRef>Paris, Cab. Md. 432</VaseRef>, bell-krater. A, Caylus 2 pl. 19 (reversed); A, Millin <I>PVA.</I> 2 pl. 20, whence <I>El.</I> 3 pl. 26 and Overbeck <I>KM.</I> pl. 13, 10.</Item><Item><VaseRef>Wrzburg 634</VaseRef>, bell-krater. Langlotz pl. 214. This should be the vase described by Petersen in <I>RM.</I> 8 p. 341 no. 40; then in the Pascale collection at Curti; found at <Milestone type=""page"" n=""ii p. 91""> Calvi. For the reverse compare a bell-krater in Vienna (A, La Borde 1 pl. 27; <I>AZ.</I> 1858 pl. 120; Benndorf <I>GSV.</I> p. 78; Cook <I>Zeus</I> ii p. 266). SS.</Item><Item>San Simeon, William Randolph Hearst, <VaseRef>San Simeon 9836</VaseRef>, hydria. By the Meleager Painter, early (<I>ARV.</I> p. 872 no. 22). Poseidon sits, Amymone stands in front of him, one arm resting on the hydria; a small Eros embraces her; Aphrodite is present, satyrs and women. SS.</Item><Item>Vatican, bell-krater. A, Tischbein 5 pl. 109; A, <I>Rend. Pont.</I> 15 p. 222. By the Meleager Painter (<I>ARV.</I> p. 966 no. 11 bis). SS.</Item><Item><VaseRef>New York 06.1021.184</VaseRef>, hydria. <I>Le Muse</I> 1 p. 209; Sambon <I>Canessa</I> pl. 8 and p. 35; <I>Burl. Mag.</I> 9 p. 209 fig. 7; <I>N. Y. Shapes</I> p. 13, 3; Richter and Milne fig. 86; Richter and Hall pl. 167, 168 and pl. 172, 168. Early Kerch style.</Item><Item><VaseRef>Athens 12546</VaseRef>, hydria. Schefold <I>U.</I> fig. 30. Early Kerch style. S.</Item><Item><VaseRef>Leningrad B 4125</VaseRef>, hydria. Schefold <I>U.</I> pl. 9, 2. Early Kerch style.</Item><P>This may be the subject of a fragment, from an oinochoe of shape III (chous), in Eleusis (<I>Delt.</I> 9 p. 49 fig. 59: early fourth century): compare, for the design only, the bell-krater by the Meleager Painter in the Vatican and the hydriai in New York and Athens.</P><Heading level=""2"">(Italiote)</Heading><Item><VaseRef>Sydney 65</VaseRef>, bell-krater. Poseidon, beardless, stands in the middle, with left leg frontal, head to left, holding the trident in his left hand and with his right taking Amymone, who stands facing him, by the wrist. Eros flies towards them with a wreath, and on the right a woman flees, looking round, a hydria in her right hand and her head-pad in her left. Early Italiote.</Item><Item>Bari, bell-krater. In the middle, Amymone stands to left, face in three-quarter view, filling her hydria at the fountain. On the left Poseidon sits to right, the trident in his right hand, his left forearm raised. On the right a young satyr dances up. The composition is much as in the Naples nestoris that follows. Still early Italiote. S.</Item><Item><VaseRef>Naples 1980</VaseRef>, nestoris. A, Overbeck <I>KM.</I> pl. 13, 4; A, phot. Sommer 11001, iii, 6. Lucanian, by the Choephoroi Painter.</Item><Item>Zurich, University, pelike. <I>Bull. Nap.</I> 2 pll. 3-4, whence (A) <I>El.</I> 3 pl. 30, (A) Overbeck <I>KM.</I> pl. 13, 11, (A) <I>Jb.</I> 27 p. 284. Early A.P. style.</Item><Item>Lost, volute-krater. <I>Mon.</I> 4 pl. 14, whence <I>El.</I> 3 pl. 29 and Overbeck <I>KM.</I> pl. 13, 14. A.P. style.</Item><Item><VaseRef>Naples 690</VaseRef>, bell-krater. Overbeck <I>KM.</I> pl. 13, 15; <I>Jb.</I> 27 p. 285. A.P. style. Much restored.</Item></List><P>It is not certain that this is the subject of the two Attic vases which follow:</P><List><Item><VaseRef>Paris, Cab. Md. 359</VaseRef>, Nolan amphora. Luynes pl. 41. By the Providence Painter (<I>ARV.</I> p. 432 no. 15). On A, a woman with a hydria runs to a king; on B, another woman runs towards him. If the painter is thinking of Amymone, the man on A will be Danaos, and the woman on A may be a companion of Amymone rather than Amymone herself cf. the Sydney vase described above.</Item><Item>Palermo, fragment of a calyx-krater, perhaps with two rows of pictures. Group of Polygnotos (<I>ARV.</I> p. 700 no. 77: described there, but it should have been said that the middle of the woman is preserved as well as the left arm).</Item></List><P>On the lekane by the Berlin Painter in Taranto (<I>ARV.</I> p. 142 no. 181) there is no means of telling who the maiden is, and the subject should have been described as 'Poseidon pursuing a woman', not as 'Poseidon and Amymone'.</P><P>On one Attic vase Poseidon and Amymone are identified by inscriptions, but Amymone has no hydria. Aphrodite is at hand, and Eros watches from a high rock:</P><List><Item><VaseRef>Vienna 1026</VaseRef>, calyx-krater with two rows of pictures. Passeri pll. 11-12; La Borde 1 pll. 25-6, whence (part) <I>El.</I> 3 pl. 17; Lcken pll. 111-12; <I>Metr. St.</I> 5 pp. 132-3. By the Nekyia Painter (<I>ARV.</I> p. 717 no. 2). The Amymone scene is the lower <Milestone type=""page"" n=""ii p. 92""> picture on the obverse; the lower picture on the reverse, a satyr, dressed in a himation, and two maenads, can hardly be connected.</Item><P>On another Attic vase Poseidon is not present: Amymone is attacked by four satyrs.</P><Item><VaseRef>Vienna 1011</VaseRef>, bell-krater. A, La Borde 1 pl. 64, part of A, Hahland pl. 12, b; A, <I>AM.</I> 63-4 pl. 67. Manner of the Dinos Painter (<I>ARV.</I> p. 792 no. 2).</Item></List><P>On an Etruscan mirror of the fourth century in the Vatican (Gerhard <I>Etruskische Spiegel</I> pl. 64) Poseidon suddenly appears at the fountain and seizes Amymone, while a young satyr looks on from behind a rock. The composition is not the same as in any of the known Greek representations, and recalls an earlier Greek work, the chalcedony scaraboid with Hades seizing Persephone (if that is the subject) in New York (Furtwngler <I>A.G.</I> pl. 9, 32; Richter <I>Metropolitan Museum: Catalogue of Engraved Gems</I> pl. 2).</P><P>An early fourth-century Attic hydria from Capua, by the Erbach Painter, formerly in the Bourguignon collection, now in the collection of William Randolph Hearst at San Simeon (<VaseRef>San Simeon 9835</VaseRef>), presents a difficult problem (<I>Coll. d'ant. 18 mars 1901</I> pl. 1, 41). Poseidon is seated in the middle, listening to Eros, and attended by several women and Erotes; below sits a woman with a hydria beside her Amymone one would have thought at first glance; but Apollo is talking to her, and it cannot be Amymone, unless there was a version unknown to us. Papposilenos lies on the ground, occupied with his own thoughts. On an Attic calyx-krater of early Kerch style in Athens (<VaseRef>Athens 12252</VaseRef>: N. 1117), Poseidon appears in the company of two naked women, one of whom is seated on a laver; three satyrs and another woman complete the scene: it is not clear who the women are.</P><P>The picture on a pyxis in Athens has been supposed to represent Poseidon pursuing Amymone; and I regret to say that I named the Amymone Painter after it: I now realize that the maiden pursued by Poseidon is not Amymone, but a sea-nymph: Logothetiades, a hundred years ago, gave the subject of the Athens pyxis as Poseidon pursuing Amphitrite; but this interpretation was rejected by Heydemann when he published the vase (Heydemann seems to have thought that Amymone was a Nereid):</P><List><Item><VaseRef>Athens 1708</VaseRef> (CC. 1551). Heydemann pl. 1, 2. By the Amymone Painter (<I>ARV.</I> p. 552 no. 31). Poseidon, with trident, pursues a woman who holds nothing in her hands; on the right, an altar, then a woman running up, and two others fleeing towards Triton. Triton, however, does not attend to them, but is engaged in an animated conversation with a female who is probably Aphrodite; expostulating perhaps. Between these two, a dolphin. Commentators on Homer have preserved the legend that Poseidon saw Amphitrite dancing in Naxos and carried her off (schol. <PLitRef>Hom. Od. 3.91</PLitRef>; Eustathius on the same line: <foreign lang=""Greek"">e)n *Na/cw| th\n *)Amfitri/thn xoreu/ousan i)dw\n *Poseidw=n h(/rpasen</foreign>). She was naturally not dancing alone, but with the Nereids her sisters, and that is probably what has been happening on the pyxis, a dance at the altar or round it.<Note n=""ii.92.1""><P>Another story in Oppian <I>Halieut.</I> i, 383-93.</P></Note> If the painter intended Amphitrite, he has indeed slipped: instead of Nereus he has introduced Triton. Triton was son of Poseidon and Amphitrite, so that his presence is an anachronism. The artist may have been influenced by pictures of Peleus and Thetis, where the Nereids are sometimes shown fleeing to both Nereus and Triton (cup by the Kleophrades Painter in London, <VaseRef>London E 73</VaseRef>, <I>J. Phil.</I> 7 pll. A-B, <I>ARV.</I> p. 128 no. 94; lekane by the Niobid Painter in Naples, <VaseRef>Naples 2638</VaseRef>, <I>Mon.</I> 1 pl. 37, <I>ARV.</I> p. 424 no. 74): he may have chosen the more picturesque of the two sea-gods without pausing to think of the family tree.</Item></List><P>The same subject appears on a later vase, a bell-krater of about 425 B.C. in Naples (<VaseRef>Naples 146720</VaseRef>: <I>NSc.</I> 1935 pl. 15, 1): Poseidon, with trident, pursues a maiden who is empty-handed; she flees towards an old man who holds a dolphin as well as a sceptre: Pesce (l.c. p. 260) names the old man Nereus and the maiden Amphitrite.</P><P>There is an alternative, although I regard it as much less probable. If the pictures described on <CITN type=""CB"">ii pp. 68-9</CITN> represent Zeus pursuing Thetis, then the subject of the vases <Milestone type=""page"" n=""ii p. 93""> in Athens and Naples may be Poseidon pursuing Thetis; and if so, the presence of Triton on the Athens vase is no longer an anachronism.</P><P>Bulle separated the Athens picture from those of Poseidon and Amymone (in Roscher s.v. Poseidon p. 2874), but doubted whether the maiden was Amphitrite rather than a nameless Nereid.</P><P>To return to the Boston vase. The conventional floral design at the handles is poorly done. Relief-lines are used for the contours of it, and the petals of the palmettes are ribbed. The handles are triple. The foot, the side of which is reserved, has a slight lip. Between base and foot, a fillet has been formed by a pair of tooled lines.<Note n=""*""><P>(From Addenda to Part II) P. 93. In two neck-amphorae from the workshop of Polygnotos the <I>floral decoration</I> is by the same hand as in no. 111: <VaseRef>Berlin F 2353</VaseRef>, by Polygnotos (Jacobsthal <I>O.</I> pl. 112: <I>ARV.</I> p. 680 no. 35), and, as Dr. Alexandros Cambitoglou pointed out to me, that by the Kleophon Painter in the Haniel collection, Munich (Neugebauer <I>ADP.</I> pl. 77: <I>ARV.</I> p. 786 no. 36).</P></Note></P>",,,,,,,,,"1992.11.0266,1992.11.0267,1992.11.0268","1992.11.0266,1992.11.0267,1992.11.0268",,,,,,,Perseus,,,Boston 34.79,,,,,,,,Lykaon Painter,Attributed to the,Classical,40. Classical,,2.0,,,,,,"<bibl>ARV2, 690, no. 2</bibl>",,,,,,,,,,,Pelike,,,,,,,,A: Odysseus and the shade of Elpenor. B: Poseidon and Amymone.,,,Vase,-440,ca.,Attic Red Figure
1992.11.0266,i1992110266,aa_5432,Side A: Elpenor,image,image/jpeg,Image;StillImage,https://iiif.perseus.tufts.edu/iiif/3/1992.11.0266/full/max/0/default.jpg,"https://iiif.perseus.tufts.edu/iiif/3/1992.11.0266/full/^800,/0/default.jpg","https://iiif.perseus.tufts.edu/iiif/3/1992.11.0266/full/^450,/0/default.jpg","From Caskey & Beazley, plate LXIII. With permission of the Museum of Fine Arts, Boston.",Side A: Elpenor,aa_5432,https://iiif.perseus.tufts.edu/iiif/3/1992.11.0266,,,,,,,,,,,,,,,,,,,,,,,,,,,,,,,,,,,,,,,,,,,,,,,,,,,,,,,,,,,,,,,,,,,,,,,,,,,,,,,,,,,,,,,,,,,,,,,,,,
1992.11.0267,i1992110267,aa_5432,Side A: Odysseus,image,image/jpeg,Image;StillImage,https://iiif.perseus.tufts.edu/iiif/3/1992.11.0267/full/max/0/default.jpg,"https://iiif.perseus.tufts.edu/iiif/3/1992.11.0267/full/^800,/0/default.jpg","https://iiif.perseus.tufts.edu/iiif/3/1992.11.0267/full/^450,/0/default.jpg","From Caskey & Beazley, plate LXIII. With permission of the Museum of Fine Arts, Boston.",Side A: Odysseus,aa_5432,https://iiif.perseus.tufts.edu/iiif/3/1992.11.0267,,,,,,,,,,,,,,,,,,,,,,,,,,,,,,,,,,,,,,,,,,,,,,,,,,,,,,,,,,,,,,,,,,,,,,,,,,,,,,,,,,,,,,,,,,,,,,,,,,
1992.11.0268,i1992110268,aa_5432,Side A: Hermes,image,image/jpeg,Image;StillImage,https://iiif.perseus.tufts.edu/iiif/3/1992.11.0268/full/max/0/default.jpg,"https://iiif.perseus.tufts.edu/iiif/3/1992.11.0268/full/^800,/0/default.jpg","https://iiif.perseus.tufts.edu/iiif/3/1992.11.0268/full/^450,/0/default.jpg","From Caskey & Beazley, plate LXIII. With permission of the Museum of Fine Arts, Boston.",Side A: Hermes,aa_5432,https://iiif.perseus.tufts.edu/iiif/3/1992.11.0268,,,,,,,,,,,,,,,,,,,,,,,,,,,,,,,,,,,,,,,,,,,,,,,,,,,,,,,,,,,,,,,,,,,,,,,,,,,,,,,,,,,,,,,,,,,,,,,,,,
aa_5503,aa_5503,,Boston 03.817,compound_object,compound_object,record,https://iiif.perseus.tufts.edu/iiif/3/1992.11.0103/full/max/0/default.jpg,"https://iiif.perseus.tufts.edu/iiif/3/1992.11.0103/full/^800,/0/default.jpg","https://iiif.perseus.tufts.edu/iiif/3/1992.11.0103/full/^450,/0/default.jpg",,,,,,,,,,,J.D. Beazley,213880,,,,"Museum of Fine Arts, Boston",,,,,,Suessula,From,,,-445.0,,,,,,,,-440,ca.,,C & B No. 50,"<Entry><Header><Catalog>50</Catalog>. <Inv>03.817</Inv>. <Shape>KALYX-KRATER</Shape>. <Dec.Summary>Zeus pursuing Aegina</Dec.Summary>. <Plates>PLATE XXIII and FIGURE 32 (SUPPL. PLATE 2)</Plates></Header><P>Height, 0.241 m.; diameter, 0.244 m. Unbroken; the surface injured on side B. Narrow reserved bands inside at the top and bottom of the lip. Sparing use of relief contours: parts of the arms and legs of Zeus, the back of the woman's neck. Red used for the wreath of Zeus and the woman's fillet; brown for some of the inner markings on Zeus' body, for the stripe on the woman's chiton, for the edges of the mantles of the woman and of the man on the reverse.</P><P>From Suessula. <I>Ann. Rep.</I> 1903, p. 65, no. 13. Beazley, <I>J.H.S.</I> xxxiv, 1914, p. 203, no. 36, figs. 25 and 50. <I>V.A.</I>, p. 163. Hoppin, i, p. 4, no. 11. Beazley, <I>Att. V.</I>, p. 374, no. 40. A drawing of the shape in Caskey, <I>G.G.V.</I>, p. 125, no. 77.</P><P>The pursuit scene on the obverse is similar to that on the lekythos, <CITN type=""CB"">no. 48</CITN>, Pl. XXII (<VaseRef>Boston 01.8077</VaseRef>), except for the poses of the arms.</P><P>On the reverse, a bearded man, wrapped in a mantle, his right hand resting on a stick.</P><P>About 450-440 B.C. One of a series of six small kalyx-kraters by the Achilles painter.<Note n=""i.45.6""><P>Beazley, <I>Att. V.</I>, p. 374, nos. 37-42.</P></Note> These, and his small bell-kraters, run parallel to his Nolan amphorae and lekythoi, and are decorated in the same way, usually with two figures on the front and one on the back.<Note n=""*""><P>(From Addenda to Part I) No. 50. <I>ARV.</I> p. 637, Achilles Painter no. 47.</P></Note></P></Entry>",,,,,,,,,"1992.11.0103,1992.11.0104","1992.11.0103,1992.11.0104",,,,,,,Perseus,,,Boston 03.817,,,,,,,,Achilles Painter,Attributed to the,Classical,40. Classical,,2.0,,,,,,"<bibl>ARV2, 991, no. 59</bibl>",,,,,,,,,,,Calyx krater,,,,-450,ca.,,,Zeus pursuing Aegina.,,,Vase,,,Attic Red Figure
1992.11.0103,i1992110103,aa_5503,Side A: scene at center,image,image/jpeg,Image;StillImage,https://iiif.perseus.tufts.edu/iiif/3/1992.11.0103/full/max/0/default.jpg,"https://iiif.perseus.tufts.edu/iiif/3/1992.11.0103/full/^800,/0/default.jpg","https://iiif.perseus.tufts.edu/iiif/3/1992.11.0103/full/^450,/0/default.jpg","From Caskey & Beazley, plate XXIII. With permission of the Museum of Fine Arts, Boston.",Side A: scene at center,aa_5503,https://iiif.perseus.tufts.edu/iiif/3/1992.11.0103,,,,,,,,,,,,,,,,,,,,,,,,,,,,,,,,,,,,,,,,,,,,,,,,,,,,,,,,,,,,,,,,,,,,,,,,,,,,,,,,,,,,,,,,,,,,,,,,,,
1992.11.0104,i1992110104,aa_5503,Side A: Zeus pursuing Aegina,image,image/jpeg,Image;StillImage,https://iiif.perseus.tufts.edu/iiif/3/1992.11.0104/full/max/0/default.jpg,"https://iiif.perseus.tufts.edu/iiif/3/1992.11.0104/full/^800,/0/default.jpg","https://iiif.perseus.tufts.edu/iiif/3/1992.11.0104/full/^450,/0/default.jpg","From Caskey & Beazley, plate XXIII. With permission of the Museum of Fine Arts, Boston.",Side A: Zeus pursuing Aegina,aa_5503,https://iiif.perseus.tufts.edu/iiif/3/1992.11.0104,,,,,,,,,,,,,,,,,,,,,,,,,,,,,,,,,,,,,,,,,,,,,,,,,,,,,,,,,,,,,,,,,,,,,,,,,,,,,,,,,,,,,,,,,,,,,,,,,,
